code,GEOID,NAME,STATEFP
OCA,12087,Monroe,12
CSE,08051,Gunnison,08
CUS,35029,Luna,35
JCY,48171,Gillespie,48
WLR,02130,Ketchikan Gateway,02
NUP,02050,Bethel,02
PTC,02198,Prince of Wales-Hyder,02
ICY,02282,Yakutat,02
PPV,02198,Prince of Wales-Hyder,02
KKK,02290,Yukon-Koyukuk,02
MHS,06093,Siskiyou,06
NIR,48025,Bee,48
GCT,04015,Mohave,04
ELW,02261,Valdez-Cordova,02
LVD,02050,Bethel,02
HGZ,02290,Yukon-Koyukuk,02
OTN,18083,Knox,18
TLF,02290,Yukon-Koyukuk,02
BZT,48039,Brazoria,48
HBH,02195,Petersburg,02
FAK,02220,Sitka,02
BYW,53055,San Juan,53
DRF,02122,Kenai Peninsula,02
BDF,17011,Bureau,17
TEH,02240,Southeast Fairbanks,02
VRS,29141,Morgan,29
GDH,02070,Dillingham,02
ATT,02050,Bethel,02
LIV,02290,Yukon-Koyukuk,02
PDB,02164,Lake and Peninsula,02
KOZ,02150,Kodiak Island,02
TNK,02050,Bethel,02
MNT,02290,Yukon-Koyukuk,02
TKI,02198,Prince of Wales-Hyder,02
WKK,02070,Dillingham,02
WFB,02130,Ketchikan Gateway,02
RFK,28125,Sharkey,28
NNK,02060,Bristol Bay,02
BKF,02164,Lake and Peninsula,02
BCS,22075,Plaquemines,22
MMN,25017,Middlesex,25
SPQ,06037,Los Angeles,06
TSS,36061,New York,36
NYS,36061,New York,36
WYB,02130,Ketchikan Gateway,02
CWS,53055,San Juan,53
TEK,02261,Valdez-Cordova,02
DUF,37053,Currituck,37
SSW,53055,San Juan,53
FOB,06045,Mendocino,06
PUL,53035,Kitsap,53
CCD,06037,Los Angeles,06
AXB,36045,Jefferson,36
REE,48303,Lubbock,48
WDN,53055,San Juan,53
WWP,02198,Prince of Wales-Hyder,02
CHU,02050,Bethel,02
UGS,02164,Lake and Peninsula,02
JID,06037,Los Angeles,06
PSQ,42045,Delaware,42
KLL,02164,Lake and Peninsula,02
SGW,02198,Prince of Wales-Hyder,02
WTL,02050,Bethel,02
TWA,02070,Dillingham,02
KCQ,02164,Lake and Peninsula,02
CEX,02090,Fairbanks North Star,02
SOL,02180,Nome,02
HED,02013,Aleutians East,02
TWE,02180,Nome,02
KTH,02070,Dillingham,02
NKI,02198,Prince of Wales-Hyder,02
CDL,02188,Northwest Arctic,02
AOS,02150,Kodiak Island,02
BSW,02261,Valdez-Cordova,02
ALZ,02150,Kodiak Island,02
AQY,02020,Anchorage,02
HAE,04005,Coconino,04
BNF,02220,Sitka,02
BQV,02105,Hoonah-Angoon,02
BYA,02240,Southeast Fairbanks,02
PYS,06007,Butte,06
CGA,02198,Prince of Wales-Hyder,02
CHP,02290,Yukon-Koyukuk,02
CKD,02050,Bethel,02
CKR,53055,San Juan,53
CKU,02261,Valdez-Cordova,02
CKX,02240,Southeast Fairbanks,02
CXC,02261,Valdez-Cordova,02
CYM,02220,Sitka,02
CZN,02261,Valdez-Cordova,02
CZO,02261,Valdez-Cordova,02
IUA,36069,Ontario,36
DJN,02240,Southeast Fairbanks,02
DCK,02188,Northwest Arctic,02
DHB,53055,San Juan,53
EDA,02198,Prince of Wales-Hyder,02
EXI,02100,Haines,02
RGR,48133,Eastland,48
FLT,02290,Yukon-Koyukuk,02
GNU,02050,Bethel,02
HEY,01045,Dale,01
HGT,06053,Monterey,06
HPV,15007,Kauai,15
WKL,15001,Hawaii,15
HKB,02240,Southeast Fairbanks,02
HWI,02110,Juneau,02
HYL,02198,Prince of Wales-Hyder,02
JLA,02122,Kenai Peninsula,02
JPN,51013,Arlington,51
JRA,36061,New York,36
JRB,36047,Kings,36
AMK,08067,La Plata,08
BDX,30075,Powder River,30
EUE,32011,Eureka,32
KPT,32007,Elko,32
RLA,29161,Phelps,29
HUD,19091,Humboldt,19
TWD,53031,Jefferson,53
MVM,04017,Navajo,04
HCC,36021,Columbia,36
AHD,40019,Carter,40
GCW,04015,Mohave,04
CKE,06033,Lake,06
ROF,06093,Siskiyou,06
CNE,08043,Fremont,08
RSX,36019,Clinton,36
COP,36077,Otsego,36
CIL,02180,Nome,02
NWH,33019,Sullivan,33
IRB,48371,Pecos,48
ODM,24023,Garrett,24
GNF,06063,Plumas,06
CHZ,41035,Klamath,41
LTW,24037,St. Mary's,24
USC,45087,Union,45
AHF,31065,Furnas,31
PCT,34035,Somerset,34
CTO,36103,Suffolk,36
NRI,40041,Delaware,40
GTP,41033,Josephine,41
NLE,26027,Cass,26
GCD,53025,Grant,53
VLE,04005,Coconino,04
FPY,12123,Taylor,12
NTJ,49039,Sanpete,49
SBO,49041,Sevier,49
JVI,34035,Somerset,34
UCE,22001,Acadia,22
GOL,41015,Curry,41
KKT,18111,Newton,18
PRW,55099,Price,55
EGP,48323,Maverick,48
BLD,32003,Clark,32
MFH,32003,Clark,32
ECA,26069,Iosco,26
FMU,41039,Lane,41
OTS,53057,Skagit,53
ROL,49013,Duchesne,49
CTK,46083,Lincoln,46
WPO,08029,Delta,08
ATE,40127,Pushmataha,40
ASQ,32015,Lander,32
AAF,12037,Franklin,12
ABE,42077,Lehigh,42
ABI,48441,Taylor,48
ABQ,35001,Bernalillo,35
ABR,46013,Brown,46
ABY,13095,Dougherty,13
ACB,26009,Antrim,26
ACK,25019,Nantucket,25
ACT,48309,McLennan,48
ACV,06023,Humboldt,06
ACY,34001,Atlantic,34
ADG,26091,Lenawee,26
ADT,40123,Pontotoc,40
ADM,40019,Carter,40
ADS,48113,Dallas,48
ADW,24033,Prince George's,24
AEL,27047,Freeborn,27
AEX,22079,Rapides,22
AFF,08041,El Paso,08
WSG,42125,Washington,42
AFN,33005,Cheshire,33
AFO,56023,Lincoln,56
AFW,48121,Denton,48
AGC,42003,Allegheny,42
AGO,05027,Columbia,05
AGS,13245,Richmond,13
AHC,06035,Lassen,06
AHH,55095,Polk,55
AHN,13059,Clarke,13
AIA,31013,Box Butte,31
AID,18095,Madison,18
AIK,45003,Aiken,45
AIO,19029,Cass,19
AIV,01107,Pickens,01
AIZ,29131,Miller,29
AKO,08121,Washington,08
AKC,39153,Summit,39
ALB,36001,Albany,36
ALI,48249,Jim Wells,48
ALM,35035,Otero,35
ALN,17119,Madison,17
ALO,19013,Black Hawk,19
ALS,08003,Alamosa,08
ALW,53071,Walla Walla,53
ALX,01123,Tallapoosa,01
AMA,48375,Potter,48
AMN,26057,Gratiot,26
AMW,19169,Story,19
ANB,01015,Calhoun,01
AND,45007,Anderson,45
SLT,08015,Chaffee,08
ANP,24003,Anne Arundel,24
ANQ,18151,Steuben,18
ANW,31017,Brown,31
ANY,20077,Harper,20
AOH,39003,Allen,39
AOO,42013,Blair,42
APA,08005,Arapahoe,08
APC,06055,Napa,06
APF,12021,Collier,12
APG,24025,Harford,24
APH,51033,Caroline,51
APN,26007,Alpena,26
APT,47115,Marion,47
APV,06071,San Bernardino,06
ARA,22045,Iberia,22
ARB,26161,Washtenaw,26
ARG,05075,Lawrence,05
WHT,48481,Wharton,48
AUZ,17089,Kane,17
ART,36045,Jefferson,36
ARV,55125,Vilas,55
BFT,45013,Beaufort,45
ASE,08097,Pitkin,08
SPZ,05143,Washington,05
ASH,33011,Hillsborough,33
ASL,48203,Harrison,48
ASN,01121,Talladega,01
AST,41007,Clatsop,41
ASX,55003,Ashland,55
ASY,38051,McIntosh,38
ATL,13063,Clayton,13
ATS,35015,Eddy,35
ATW,55087,Outagamie,55
ATY,46029,Codington,46
AUG,23011,Kennebec,23
AUM,27099,Mower,27
AUN,06061,Placer,06
AUO,01081,Lee,01
AUS,48453,Travis,48
AUW,55073,Marathon,55
AVL,37021,Buncombe,37
AVO,12055,Highlands,12
AVP,42079,Luzerne,42
AVW,04019,Pima,04
AVX,06037,Los Angeles,06
AWM,05035,Crittenden,05
AXG,19109,Kossuth,19
AXN,27041,Douglas,27
AXS,40065,Jackson,40
AXV,39011,Auglaize,39
AXX,35007,Colfax,35
AYS,13299,Ware,13
TUH,47031,Coffee,47
AZO,26077,Kalamazoo,26
BAB,06115,Yuba,06
BAD,22015,Bossier,22
BAF,25013,Hampden,25
CLU,18005,Bartholomew,18
BAM,32015,Lander,32
BBB,27151,Swift,27
BBD,48307,McCulloch,48
BKG,29213,Taney,29
BTN,45069,Marlboro,45
BBW,31041,Custer,31
BCB,51121,Montgomery,51
BCE,49017,Garfield,49
BCT,12099,Palm Beach,12
BDE,27077,Lake of the Woods,27
BDG,49037,San Juan,49
ILL,27067,Kandiyohi,27
BDL,09003,Hartford,09
BDR,09001,Fairfield,09
WBU,08013,Boulder,08
KBE,02130,Ketchikan Gateway,02
BEC,20173,Sedgwick,20
BED,25017,Middlesex,25
BEH,26021,Berrien,26
BFD,42083,McKean,42
BFF,31157,Scotts Bluff,31
BFI,53033,King,53
BFL,06029,Kern,06
BFM,01097,Mobile,01
BFR,18093,Lawrence,18
BGD,48233,Hutchinson,48
BGE,13087,Decatur,13
BGM,36007,Broome,36
BGR,23019,Penobscot,23
BHB,23009,Hancock,23
BHM,01073,Jefferson,01
BID,44009,Washington,44
BIE,31067,Gage,31
BIF,48141,El Paso,48
BIH,06027,Inyo,06
BIL,30111,Yellowstone,30
BIS,38015,Burleigh,38
BIX,28047,Harrison,28
BJC,08014,Broomfield,08
BJI,27007,Beltrami,27
BJJ,39169,Wayne,39
BKD,48429,Stephens,48
BKE,41001,Baker,41
BFK,08005,Arapahoe,08
BWL,40071,Kay,40
BKT,51135,Nottoway,51
BKW,54081,Raleigh,54
BKX,46011,Brookings,46
BLF,54055,Mercer,54
BLH,06065,Riverside,06
BLI,53073,Whatcom,53
BLM,34025,Monmouth,34
BLU,06061,Placer,06
BLV,17163,St. Clair,17
BMC,49003,Box Elder,49
BMG,18105,Monroe,18
BMI,17113,McLean,17
BML,33007,Coos,33
BMT,48245,Jefferson,48
BNA,47037,Davidson,47
BNG,06065,Riverside,06
BNL,45011,Barnwell,45
BNO,41025,Harney,41
BNW,19015,Boone,19
BOI,16001,Ada,16
BOK,41015,Curry,41
BOS,25025,Suffolk,25
BOW,12105,Polk,12
HCA,48227,Howard,48
BPI,56035,Sublette,56
WMH,05005,Baxter,05
BPT,48245,Jefferson,48
BQK,13127,Glynn,13
BRD,27035,Crow Wing,27
BRL,19057,Des Moines,19
BRO,48061,Cameron,48
BRY,21179,Nelson,21
BTF,49011,Davis,49
BTL,26025,Calhoun,26
BTM,30093,Silver Bow,30
TTO,46091,Marshall,46
BTP,42019,Butler,42
BTR,22033,East Baton Rouge,22
BTV,50007,Chittenden,50
BTY,32023,Nye,32
BUB,31071,Garfield,31
BUF,36029,Erie,36
BUM,29013,Bates,29
BUR,06037,Los Angeles,06
BFP,42007,Beaver,42
BVO,40113,Osage,40
MVW,53057,Skagit,53
BVX,05063,Independence,05
BVY,25009,Essex,25
BWC,06025,Imperial,06
BWD,48049,Brown,48
BWG,21227,Warren,21
BWI,24003,Anne Arundel,24
WAH,38077,Richland,38
BWM,38011,Bowman,38
BXA,22117,Washington,22
BXK,04013,Maricopa,04
NHZ,23005,Cumberland,23
BYG,56019,Johnson,56
BYH,05093,Mississippi,05
BYI,16031,Cassia,16
BYS,06071,San Bernardino,06
BBC,48321,Matagorda,48
BZN,30031,Gallatin,30
XES,55127,Walworth,55
PLY,18099,Marshall,18
CLG,06019,Fresno,06
CAD,26165,Wexford,26
CAE,45063,Lexington,45
CIG,08081,Moffat,08
CAK,39153,Summit,39
CAO,35059,Union,35
CAR,23003,Aroostook,23
CBE,54057,Mineral,54
CBF,19155,Pottawattamie,19
CBK,20193,Thomas,20
CBM,28087,Lowndes,28
KCC,02198,Prince of Wales-Hyder,02
CCB,06071,San Bernardino,06
CCR,06013,Contra Costa,06
CCY,19067,Floyd,19
LLX,50005,Caledonia,50
CDC,49021,Iron,49
CDH,05103,Ouachita,05
CDK,12075,Levy,12
CDN,45055,Kershaw,45
CDR,31045,Dawes,31
CDS,48075,Childress,48
CDW,34013,Essex,34
CEA,20173,Sedgwick,20
CEF,25013,Hampden,25
CEU,45073,Oconee,45
CEV,18041,Fayette,18
CEW,12091,Okaloosa,12
CEY,21035,Calloway,21
CEZ,08083,Montezuma,08
CFD,48041,Brazos,48
TZC,26157,Tuscola,26
CFT,04011,Greenlee,04
CFV,20125,Montgomery,20
CGE,24019,Dorchester,24
CGF,39035,Cuyahoga,39
CGI,29201,Scott,29
CGS,24033,Prince George's,24
CGZ,04021,Pinal,04
CHA,47065,Hamilton,47
CHK,40051,Grady,40
CHO,51003,Albemarle,51
CHS,45019,Charleston,45
CIC,06007,Butte,06
CID,19113,Linn,19
CIN,19027,Carroll,19
CIR,17003,Alexander,17
CIU,26033,Chippewa,26
CKA,40003,Alfalfa,40
CKB,54033,Harrison,54
GRM,27031,Cook,27
CKM,28027,Coahoma,28
CKN,27119,Polk,27
CKV,47125,Montgomery,47
KCL,02164,Lake and Peninsula,02
CLE,39035,Cuyahoga,39
CLI,55135,Waupaca,55
CLK,40039,Custer,40
CLL,48041,Brazos,48
CLM,53009,Clallam,53
CLR,06025,Imperial,06
CLS,53041,Lewis,53
CLT,37119,Mecklenburg,37
CLW,12103,Pinellas,12
CMH,39049,Franklin,39
CMI,17019,Champaign,17
CMX,26061,Houghton,26
CMY,55081,Monroe,55
KCN,02016,Aleutians West,02
CNH,33019,Sullivan,33
CNK,20029,Cloud,20
CNM,35015,Eddy,35
CNO,06071,San Bernardino,06
CNU,20133,Neosho,20
CNW,48309,McLennan,48
CNY,49019,Grand,49
COD,56029,Park,56
COE,16055,Kootenai,16
COF,12009,Brevard,12
COI,12009,Brevard,12
COM,48083,Coleman,48
CON,33013,Merrimack,33
COS,08041,El Paso,08
COT,48283,La Salle,48
COU,29019,Boone,29
CPM,06037,Los Angeles,06
CPR,56025,Natrona,56
CPS,17163,St. Clair,17
HCW,45025,Chesterfield,45
KCR,02290,Yukon-Koyukuk,02
CRE,45051,Horry,45
CRG,12031,Duval,12
CRP,48355,Nueces,48
CLD,06073,San Diego,06
CRS,48349,Navarro,48
CRT,05003,Ashley,05
CRW,54039,Kanawha,54
CRX,28003,Alcorn,28
CSG,13215,Muscogee,13
CSM,40149,Washita,40
CSQ,19175,Union,19
CSV,47035,Cumberland,47
CTB,30035,Glacier,30
CTY,12029,Dixie,12
CTZ,37163,Sampson,37
CUB,45079,Richland,45
CUH,40119,Payne,40
CVG,21015,Boone,21
HLI,06069,San Benito,06
CKK,05135,Sharp,05
CVN,35009,Curry,35
CVO,41003,Benton,41
CVS,35009,Curry,35
CWA,55073,Marathon,55
KIP,48485,Wichita,48
CWF,22019,Calcasieu,22
CWI,19045,Clinton,19
CXL,06025,Imperial,06
CXO,48339,Montgomery,48
CSN,32510,Carson City,32
HAR,42133,York,42
CYS,56021,Laramie,56
CZK,41027,Hood River,41
CZT,48127,Dimmit,48
VEX,38105,Williams,38
DAA,51059,Fairfax,51
DAB,12127,Volusia,12
DAG,06071,San Bernardino,06
DAL,48113,Dallas,48
DAN,51590,Danville,51
DAY,39113,Montgomery,39
DBN,13175,Laurens,13
DBQ,19061,Dubuque,19
DCA,11001,District of Columbia,11
DCU,01083,Limestone,01
DDC,20057,Ford,20
DEC,17115,Macon,17
DEH,19191,Winneshiek,19
DEN,08031,Denver,08
DET,26163,Wayne,26
DFI,39039,Defiance,39
DFW,48439,Tarrant,48
DGL,04003,Cochise,04
DGW,56009,Converse,56
DHN,01045,Dale,01
DHT,48205,Hartley,48
DIK,38089,Stark,38
DKK,36013,Chautauqua,36
DLL,45033,Dillon,45
DLF,48465,Val Verde,48
DLH,27137,St. Louis,27
DLN,30001,Beaverhead,30
DLS,53039,Klickitat,53
DMA,04019,Pima,04
DMN,35029,Luna,35
DMO,29159,Pettis,29
DNL,13245,Richmond,13
DNN,13313,Whitfield,13
DNS,19047,Crawford,19
DNV,17183,Vermilion,17
DOV,10001,Kent,10
DPA,17043,DuPage,17
DPG,49045,Tooele,49
DRA,32023,Nye,32
DRI,22011,Beauregard,22
DRE,26033,Chippewa,26
DRO,08067,La Plata,08
DRT,48465,Val Verde,48
DSM,19153,Polk,19
DSV,36051,Livingston,36
DTA,49027,Millard,49
DTL,27005,Becker,27
DTN,22015,Bossier,22
DSI,12091,Okaloosa,12
DTW,26163,Wayne,26
DUA,40013,Bryan,40
DUC,40137,Stephens,40
DUG,04003,Cochise,04
DUJ,42065,Jefferson,42
DVL,38071,Ramsey,38
DVN,19163,Scott,19
NOT,06041,Marin,06
NSL,27101,Murray,27
DVT,04013,Maricopa,04
DWH,48201,Harris,48
DXR,09001,Fairfield,09
DYL,42017,Bucks,42
DYS,48441,Taylor,48
MIF,48475,Ward,48
CCG,48103,Crane,48
ESO,35039,Rio Arriba,35
WTR,04017,Navajo,04
ALE,48043,Brewster,48
BGT,04025,Yavapai,04
EAN,56031,Platte,56
EAR,31019,Buffalo,31
EAT,53017,Douglas,53
EAU,55017,Chippewa,55
KEB,02122,Kenai Peninsula,02
EBS,19079,Hamilton,19
ECG,37139,Pasquotank,37
ECP,12005,Bay,12
ECS,56045,Weston,56
EDE,37041,Chowan,37
ETS,01031,Coffee,01
EDW,06029,Kern,06
EED,06071,San Bernardino,06
EEN,33005,Cheshire,33
EFD,48201,Harris,48
EFK,50019,Orleans,50
EFW,19073,Greene,19
EGE,08037,Eagle,08
EGI,12091,Okaloosa,12
EGV,55125,Vilas,55
KEK,02070,Dillingham,02
EKA,06023,Humboldt,06
EKI,18039,Elkhart,18
EKN,54083,Randolph,54
EKO,32007,Elko,32
EKX,21093,Hardin,21
ELA,48089,Colorado,48
ELD,05139,Union,05
ELK,40009,Beckham,40
ELM,36015,Chemung,36
ELN,53037,Kittitas,53
LYU,27137,St. Louis,27
ELP,48141,El Paso,48
ELY,32033,White Pine,32
ELZ,36003,Allegany,36
EMM,56023,Lincoln,56
EMP,20111,Lyon,20
EMT,06037,Los Angeles,06
END,40047,Garfield,40
ENL,17121,Marion,17
ENV,49045,Tooele,49
ENW,55059,Kenosha,55
EOK,19111,Lee,19
EOS,29145,Newton,29
EPH,53025,Grant,53
EDK,20015,Butler,20
ERI,42049,Erie,42
ERR,33007,Coos,33
ERV,48265,Kerr,48
ESC,26041,Delta,26
ESF,22079,Rapides,22
ESN,24041,Talbot,24
EST,19063,Emmet,19
ESW,53037,Kittitas,53
ETB,55131,Washington,55
ETN,48133,Eastland,48
EUF,01005,Barbour,01
EUG,41039,Lane,41
EVM,27137,St. Louis,27
EVV,18163,Vanderburgh,18
EVW,56041,Uinta,56
EWB,25005,Bristol,25
EWK,20079,Harvey,20
EWN,37049,Craven,37
EWR,34013,Essex,34
EYW,12087,Monroe,12
WIB,48487,Wilbarger,48
RBK,06065,Riverside,06
FAF,51700,Newport News,51
FAM,29187,St. Francois,29
FAR,38017,Cass,38
FAT,06019,Fresno,06
FAY,37051,Cumberland,37
FBG,37051,Cumberland,37
FBL,27131,Rice,27
FBR,56041,Uinta,56
FBY,31095,Jefferson,31
FCH,06019,Fresno,06
FCM,27053,Hennepin,27
FCS,08041,El Paso,08
FCY,05123,St. Francis,05
FDK,24021,Frederick,24
FDR,40141,Tillman,40
FDY,39063,Hancock,39
FEP,17177,Stephenson,17
FET,31053,Dodge,31
FFA,37055,Dare,37
FFL,19101,Jefferson,19
FFM,27111,Otter Tail,27
FFO,39057,Greene,39
FFT,21073,Franklin,21
MSC,04013,Maricopa,04
FRD,53055,San Juan,53
FHU,04003,Cochise,04
FKL,42121,Venango,42
FKN,51093,Isle of Wight,51
FLD,55039,Fond du Lac,55
FLG,04005,Coconino,04
FLL,12011,Broward,12
FLO,45041,Florence,45
FLP,05089,Marion,05
FLV,20103,Leavenworth,20
FLX,32001,Churchill,32
FME,24003,Anne Arundel,24
FMH,25001,Barnstable,25
FMN,35045,San Juan,35
FMY,12071,Lee,12
FNL,08069,Larimer,08
FNT,26049,Genesee,26
FOD,19187,Webster,19
FOE,20177,Shawnee,20
FOK,36103,Suffolk,36
FIL,49027,Millard,49
FPR,12111,St. Lucie,12
FRG,36103,Suffolk,36
FRH,18117,Orange,18
FRI,20061,Geary,20
FRM,27091,Martin,27
FRR,51187,Warren,51
FSD,46099,Minnehaha,46
FSI,40031,Comanche,40
FSK,20011,Bourbon,20
FSM,05131,Sebastian,05
FST,48371,Pecos,48
FSU,35011,De Baca,35
FMS,19111,Lee,19
FTK,21093,Hardin,21
FTW,48439,Tarrant,48
FTY,13121,Fulton,13
FUL,06059,Orange,06
WFK,23003,Aroostook,23
FWA,18003,Allen,18
FXE,12011,Broward,12
FXY,19081,Hancock,19
FYM,47103,Lincoln,47
FYV,05143,Washington,05
GAB,32023,Nye,32
GAD,01055,Etowah,01
GAG,40045,Ellis,40
GAI,24031,Montgomery,24
GBD,20009,Barton,20
GBG,17095,Knox,17
GBR,25003,Berkshire,25
GCC,56005,Campbell,56
JDA,41023,Grant,41
GCK,20055,Finney,20
GCN,04005,Coconino,04
GCY,47059,Greene,47
GDM,25027,Worcester,25
GDV,30021,Dawson,30
GDW,26051,Gladwin,26
GED,10005,Sussex,10
GEG,53063,Spokane,53
GEY,56003,Big Horn,56
GFA,30013,Cascade,30
GFD,18059,Hancock,18
GFK,38035,Grand Forks,38
GFL,36113,Warren,36
GGE,45043,Georgetown,45
GGG,48183,Gregg,48
GGW,30105,Valley,30
GHM,47081,Hickman,47
IDH,16049,Idaho,16
GIF,12105,Polk,12
GJT,08077,Mesa,08
MEJ,42039,Crawford,42
GKT,47155,Sevier,47
GLD,20181,Sherman,20
GLE,48097,Cooke,48
GLH,28151,Washington,28
GLR,26137,Otsego,26
GLS,48167,Galveston,48
GLW,21009,Barren,21
GMU,45045,Greenville,45
GNG,16047,Gooding,16
GNT,35006,Cibola,35
GNV,12001,Alachua,12
GOK,40083,Logan,40
GON,09011,New London,09
FCA,30029,Flathead,30
GPT,28047,Harrison,28
GPZ,27061,Itasca,27
GQQ,39139,Richland,39
GRB,55009,Brown,55
GRD,45047,Greenwood,45
GRE,17005,Bond,17
GRF,53053,Pierce,53
GRI,31079,Hall,31
GRK,48027,Bell,48
GRN,31161,Sheridan,31
GRR,26081,Kent,26
GSB,37191,Wayne,37
GSH,18039,Elkhart,18
GSO,37081,Guilford,37
GSP,45083,Spartanburg,45
GTF,30013,Cascade,30
GTG,55013,Burnett,55
GTR,28087,Lowndes,28
GUC,08051,Gunnison,08
GUP,35031,McKinley,35
GUS,18103,Miami,18
GUY,40139,Texas,40
GVE,51137,Orange,51
GVL,13139,Hall,13
GVT,48231,Hunt,48
GWO,28015,Carroll,28
GWS,08045,Garfield,08
KGX,02290,Yukon-Koyukuk,02
GXY,08123,Weld,08
GDC,45045,Greenville,45
PNX,48181,Grayson,48
GYR,04013,Maricopa,04
GYY,18089,Lake,18
KGZ,02261,Valdez-Cordova,02
HAB,01093,Marion,01
HAF,06081,San Mateo,06
HAI,26149,St. Joseph,26
HAO,39017,Butler,39
HBG,28035,Forrest,28
HBR,40075,Kiowa,40
HDE,31137,Phelps,31
HDN,08107,Routt,08
HEE,05107,Phillips,05
MNZ,51683,Manassas,51
HEZ,28001,Adams,28
HFD,09003,Hartford,09
HFF,37153,Richmond,37
HGR,24043,Washington,24
HHR,06037,Los Angeles,06
HUJ,40023,Choctaw,40
HIB,27137,St. Louis,27
HIE,33007,Coos,33
HIF,49011,Davis,49
HII,04015,Mohave,04
HIO,41067,Washington,41
HKA,05093,Mississippi,05
HKS,28049,Hinds,28
HKY,37023,Burke,37
HLB,18047,Franklin,18
HLC,20065,Graham,20
HLG,54069,Ohio,54
HLN,30049,Lewis and Clark,30
HLR,48027,Bell,48
HMN,35035,Otero,35
HMT,06065,Riverside,06
HNB,18037,Dubois,18
HSH,32003,Clark,32
HOB,35025,Lea,35
HON,46005,Beadle,46
HOP,21047,Christian,21
HOT,05051,Garland,05
HOU,48201,Harris,48
HPN,36119,Westchester,36
HPT,19069,Franklin,19
HPY,48201,Harris,48
HQM,53027,Grays Harbor,53
HES,41059,Umatilla,41
HRL,48061,Cameron,48
HRO,05009,Boone,05
HSB,17165,Saline,17
HNC,37055,Dare,37
THP,56017,Hot Springs,56
HSI,31001,Adams,31
HSP,51017,Bath,51
HST,12086,Miami-Dade,12
HSV,01089,Madison,01
HTH,32021,Mineral,32
HTL,26143,Roscommon,26
HTO,36103,Suffolk,36
HTS,54099,Wayne,54
HTW,39087,Lawrence,39
HUA,01089,Madison,01
HUF,18167,Vigo,18
HUL,23003,Aroostook,23
HUM,22109,Terrebonne,22
HUT,20155,Reno,20
HVE,49055,Wayne,49
HVN,09009,New Haven,09
HVR,30041,Hill,30
HVS,45031,Darlington,45
HWD,06001,Alameda,06
HWO,12011,Broward,12
WSH,36103,Suffolk,36
HHH,45013,Beaufort,45
HYA,25001,Barnstable,25
HYR,55113,Sawyer,55
HYS,20051,Ellis,20
HZL,42079,Luzerne,42
JFN,39007,Ashtabula,39
IAB,20173,Sedgwick,20
IAD,51107,Loudoun,51
IAG,36063,Niagara,36
IAH,48201,Harris,48
KIB,02164,Lake and Peninsula,02
ICL,19145,Page,19
ICT,20173,Sedgwick,20
IDA,16019,Bonneville,16
IDG,19093,Ida,19
IDI,42063,Indiana,42
IDP,20125,Montgomery,20
XPR,46102,Oglala Lakota,46
IFA,19083,Hardin,19
IFP,04015,Mohave,04
IGM,04015,Mohave,04
IJX,17137,Morgan,17
IKK,17091,Kankakee,17
ILE,48027,Bell,48
ILG,10003,New Castle,10
ILM,37129,New Hanover,37
ILN,39027,Clinton,39
IML,31029,Chase,31
IMM,12021,Collier,12
MDN,18077,Jefferson,18
IMT,26043,Dickinson,26
IND,18097,Marion,18
INK,48495,Winkler,48
INL,27071,Koochiching,27
INS,32003,Clark,32
INT,37067,Forsyth,37
INW,04017,Navajo,04
IOW,19103,Johnson,19
IPL,06025,Imperial,06
IPT,42081,Lycoming,42
IRK,29001,Adair,29
IRS,26149,St. Joseph,26
ISM,12097,Osceola,12
ISO,37107,Lenoir,37
ISP,36103,Suffolk,36
ISQ,26153,Schoolcraft,26
ISW,55141,Wood,55
ITH,36109,Tompkins,36
AZA,04013,Maricopa,04
IWD,26053,Gogebic,26
ISS,23015,Lincoln,23
IWS,48201,Harris,48
JCI,20091,Johnson,20
IYK,06029,Kern,06
SQA,06083,Santa Barbara,06
FRY,23017,Oxford,23
JAC,56039,Teton,56
JAN,28121,Rankin,28
JAS,48241,Jasper,48
JAX,12031,Duval,12
JBR,05031,Craighead,05
JCT,48267,Kimble,48
JDN,30033,Garfield,30
JEF,29027,Callaway,29
JFK,36081,Queens,36
JHW,36013,Chautauqua,36
GUF,01003,Baldwin,01
JLN,29097,Jasper,29
JMS,38093,Stutsman,38
JOT,17197,Will,17
USA,37025,Cabarrus,37
JKV,48073,Cherokee,48
JST,42021,Cambria,42
JVL,55105,Rock,55
JXN,26075,Jackson,26
OSB,29029,Camden,29
KKB,02150,Kodiak Island,02
KIC,06053,Monterey,06
KKL,02150,Kodiak Island,02
KLS,53015,Cowlitz,53
KNB,49025,Kane,49
DTH,06027,Inyo,06
BXS,06073,San Diego,06
RBF,06071,San Bernardino,06
MYH,04005,Coconino,04
TRH,06027,Inyo,06
LAA,08099,Prowers,08
LAF,18157,Tippecanoe,18
LAL,12105,Polk,12
LAM,35028,Los Alamos,35
LAN,26037,Clinton,26
LAR,56001,Albany,56
LAS,32003,Clark,32
LAW,40031,Comanche,40
LAX,06037,Los Angeles,06
LBB,48303,Lubbock,48
LBE,42129,Westmoreland,42
LBF,31111,Lincoln,31
LBL,20175,Seward,20
LBT,37155,Robeson,37
LJN,48039,Brazoria,48
LCH,22019,Calcasieu,22
LCI,33001,Belknap,33
LCK,39049,Franklin,39
LCQ,12023,Columbia,12
LDJ,34039,Union,34
LDM,26105,Mason,26
LEB,33009,Grafton,33
LEE,12069,Lake,12
LEM,46105,Perkins,46
LEW,23001,Androscoggin,23
LEX,21067,Fayette,21
LFI,51650,Hampton,51
LFK,48005,Angelina,48
LFT,22055,Lafayette,22
LGA,36081,Queens,36
LGB,06037,Los Angeles,06
LGC,13285,Troup,13
LGD,41061,Union,41
LGF,04027,Yuma,04
LGU,49005,Cache,49
LHV,42035,Clinton,42
LIY,13179,Liberty,13
LFN,37069,Franklin,37
LIC,08073,Lincoln,08
LIT,05119,Pulaski,05
LKP,36031,Essex,36
LOW,51109,Louisa,51
LKV,41037,Lake,41
CHL,16037,Custer,16
LMS,28159,Winston,28
LMT,41035,Klamath,41
LNA,12099,Palm Beach,12
LND,56013,Fremont,56
LNK,31109,Lancaster,31
LNN,39085,Lake,39
LNP,51195,Wise,51
LNR,55111,Sauk,55
LNS,42071,Lancaster,42
LOL,32027,Pershing,32
BBX,42091,Montgomery,42
LOT,17197,Will,17
LOU,21111,Jefferson,21
LOZ,21125,Laurel,21
LPC,06083,Santa Barbara,06
LQK,45077,Pickens,45
LRD,48479,Webb,48
LRF,05119,Pulaski,05
LRJ,19149,Plymouth,19
LRU,35013,Doña Ana,35
LSB,35023,Hidalgo,35
LSE,55063,La Crosse,55
LSF,13053,Chattahoochee,13
LSK,56027,Niobrara,56
LSN,06047,Merced,06
LSV,32003,Clark,32
LTS,40065,Jackson,40
LUF,04013,Maricopa,04
LUK,39061,Hamilton,39
LUL,28067,Jones,28
LVK,06001,Alameda,06
LVL,51025,Brunswick,51
LVM,30067,Park,30
LVS,35047,San Miguel,35
LWB,54025,Greenbrier,54
LWC,20045,Douglas,20
LWL,32007,Elko,32
LWM,25009,Essex,25
LWS,16069,Nez Perce,16
LWT,30027,Fergus,30
LWV,17101,Lawrence,17
LXN,31047,Dawson,31
LXV,08065,Lake,08
LYH,51031,Campbell,51
LYO,20159,Rice,20
LZU,13135,Gwinnett,13
PCU,28109,Pearl River,28
MLK,30071,Phillips,30
MAC,13021,Bibb,13
MAE,06039,Madera,06
MAF,48329,Midland,48
MAW,29069,Dunklin,29
MBG,46129,Walworth,46
MBL,26101,Manistee,26
DXE,28089,Madison,28
MBS,26145,Saginaw,26
MBY,29175,Randolph,29
MCB,28113,Pike,28
MCC,06067,Sacramento,06
MCD,26097,Mackinac,26
MCE,06047,Merced,06
MCF,12057,Hillsborough,12
MCI,29165,Platte,29
MCK,31145,Red Willow,31
MCN,13021,Bibb,13
MCO,12095,Orange,12
MCW,19033,Cerro Gordo,19
MDA,48029,Bexar,48
MDD,48329,Midland,48
MDH,17077,Jackson,17
XMD,46079,Lake,46
MDT,42043,Dauphin,42
MDW,17031,Cook,17
MDF,55119,Taylor,55
MXE,37165,Scotland,37
MEI,28075,Lauderdale,28
MEM,47157,Shelby,47
MER,06047,Merced,06
MEV,32005,Douglas,32
UMZ,05113,Polk,05
MFD,39139,Richland,39
MFE,48215,Hidalgo,48
MFI,55141,Wood,55
MFR,41029,Jackson,41
MFV,51001,Accomack,51
MGC,18091,LaPorte,18
MGE,13067,Cobb,13
MGJ,36071,Orange,36
MGM,01101,Montgomery,01
MGR,13071,Colquitt,13
MGW,54061,Monongalia,54
MGY,39113,Montgomery,39
MHE,46035,Davison,46
MHK,20161,Riley,20
MHL,29195,Saline,29
MHR,06067,Sacramento,06
MHT,33015,Rockingham,33
MHV,06029,Kern,06
MIA,12086,Miami-Dade,12
MIB,38101,Ward,38
MIC,27053,Hennepin,27
MIE,18035,Delaware,18
MIO,40115,Ottawa,40
MIT,06029,Kern,06
MIV,34011,Cumberland,34
MIW,19127,Marshall,19
MJQ,27063,Jackson,27
MJX,34029,Ocean,34
MKC,29095,Jackson,29
MKE,55079,Milwaukee,55
MKG,26121,Muskegon,26
MKL,47113,Madison,47
MKO,40101,Muskogee,40
MKT,27013,Blue Earth,27
MRK,12021,Collier,12
MLB,12009,Brevard,12
MLC,40121,Pittsburg,40
MLD,16071,Oneida,16
MIQ,31055,Douglas,31
MLF,49001,Beaver,49
MLI,17161,Rock Island,17
MLJ,13009,Baldwin,13
MLS,30017,Custer,30
MLT,23019,Penobscot,23
MLU,22073,Ouachita,22
MMH,06051,Mono,06
MMI,47107,McMinn,47
MML,27083,Lyon,27
MMS,28119,Quitman,28
MMT,45079,Richland,45
MMU,34027,Morris,34
MNM,26109,Menominee,26
MNN,39101,Marion,39
MOB,01097,Mobile,01
MOD,06099,Stanislaus,06
MOP,26073,Isabella,26
MOR,47063,Hamblen,47
MOT,38101,Ward,38
MOX,27149,Stevens,27
RMY,06043,Mariposa,06
MPJ,05029,Conway,05
MPO,42089,Monroe,42
MPR,20113,McPherson,20
MPV,50023,Washington,50
MPZ,19087,Henry,19
MQB,17109,McDonough,17
MEO,37055,Dare,37
CTH,42029,Chester,42
MQW,13309,Wheeler,13
MQY,47149,Rutherford,47
MRB,54003,Berkeley,54
MRC,47119,Maury,47
MRF,48377,Presidio,48
MRN,37027,Caldwell,37
MRY,06053,Monterey,06
MSL,01033,Colbert,01
MSN,55025,Dane,55
MSO,30063,Missoula,30
MSP,27053,Hennepin,27
MSS,36089,St. Lawrence,36
MSV,36105,Sullivan,36
MSY,22051,Jefferson,22
MTC,26099,Macomb,26
MTH,12087,Monroe,12
MTJ,08085,Montrose,08
MTN,24005,Baltimore,24
MTO,17029,Coles,17
MTP,36103,Suffolk,36
MTW,55071,Manitowoc,55
MUI,42075,Lebanon,42
MUL,13071,Colquitt,13
MUO,16039,Elmore,16
MUT,19139,Muscatine,19
MVC,01099,Monroe,01
MVE,27023,Chippewa,27
MVL,50015,Lamoille,50
MVN,17081,Jefferson,17
MVY,25007,Dukes,25
MWA,17199,Williamson,17
MWC,55079,Milwaukee,55
MWH,53025,Grant,53
MWL,48367,Parker,48
MWM,27033,Cottonwood,27
MWO,39017,Butler,39
MXA,05093,Mississippi,05
MXF,01101,Montgomery,01
MXO,19105,Jones,19
KMY,02150,Kodiak Island,02
MYF,06073,San Diego,06
MYL,16085,Valley,16
MYR,45051,Horry,45
MYV,06115,Yuba,06
MZJ,04021,Pinal,04
MZZ,18053,Grant,18
CTX,36023,Cortland,36
SXY,36017,Chenango,36
ONH,36077,Otsego,36
NBG,22075,Plaquemines,22
NHX,01003,Baldwin,01
DGN,51099,King George,51
NEL,34029,Ocean,34
NEN,12031,Duval,12
NEW,22071,Orleans,22
NFL,32001,Churchill,32
FWH,48439,Tarrant,48
NGP,48355,Nueces,48
NGU,51710,Norfolk,51
NGW,48355,Nueces,48
NHK,24037,St. Mary's,24
NIP,12031,Duval,12
NJK,06025,Imperial,06
NKX,06073,San Diego,06
NLC,06031,Kings,06
NPA,12033,Escambia,12
NQA,47157,Shelby,47
NQI,48273,Kleberg,48
NQX,12087,Monroe,12
NRB,12031,Duval,12
NRS,06073,San Diego,06
NSE,12113,Santa Rosa,12
NTD,06111,Ventura,06
NTU,51810,Virginia Beach,51
NUQ,06085,Santa Clara,06
NUW,53029,Island,53
NVD,29217,Vernon,29
YUM,04027,Yuma,04
NZY,06073,San Diego,06
NVN,06063,Plumas,06
COA,06109,Tuolumne,06
ODC,06099,Stanislaus,06
EYR,32019,Lyon,32
OAJ,37133,Onslow,37
OAK,06001,Alameda,06
OAR,06053,Monterey,06
OBE,12093,Okeechobee,12
OCF,12083,Marion,12
OCH,48347,Nacogdoches,48
OCW,37013,Beaufort,37
ODT,48135,Ector,48
OEA,17101,Lawrence,17
OEO,55095,Polk,55
OFF,31153,Sarpy,31
OFK,31119,Madison,31
OGA,31101,Keith,31
OGB,45075,Orangeburg,45
OGD,49057,Weber,49
OGS,36089,St. Lawrence,36
OIC,36017,Chenango,36
OJC,20091,Johnson,20
OCN,06073,San Diego,06
OKC,40109,Oklahoma,40
ODW,53029,Island,53
OKK,18067,Howard,18
OKM,40111,Okmulgee,40
OKS,31069,Garden,31
WGO,51069,Frederick,51
OLD,23019,Penobscot,23
OLE,36009,Cattaraugus,36
OLF,30085,Roosevelt,30
OLM,53067,Thurston,53
OLS,04023,Santa Cruz,04
OLU,31141,Platte,31
OLV,28033,DeSoto,28
OLY,17159,Richland,17
OMA,19155,Pottawattamie,19
OMK,53047,Okanogan,53
ONA,27169,Winona,27
ONL,31089,Holt,31
ONM,35053,Socorro,35
ONO,41045,Malheur,41
ONP,41041,Lincoln,41
ONT,06071,San Bernardino,06
ONY,48503,Young,48
OOA,19123,Mahaska,19
OPF,12086,Miami-Dade,12
OPL,22097,St. Landry,22
NCO,44009,Washington,44
ORD,17031,Cook,17
ORF,51710,Norfolk,51
ORH,25027,Worcester,25
ORL,12095,Orange,12
ESD,53055,San Juan,53
MPS,48449,Titus,48
OSC,26069,Iosco,26
OSH,55139,Winnebago,55
OSU,39049,Franklin,39
OSX,28007,Attala,28
OTG,27105,Nobles,27
OTH,41011,Coos,41
OTM,19179,Wapello,19
OUN,40027,Cleveland,40
OVE,06007,Butte,06
OWA,27147,Steele,27
OWB,21059,Daviess,21
OWD,25021,Norfolk,25
OWK,23025,Somerset,23
OCE,24047,Worcester,24
OXC,09009,New Haven,09
OXD,39017,Butler,39
OXR,06111,Ventura,06
KOY,02150,Kodiak Island,02
STQ,42047,Elk,42
OZA,48105,Crockett,48
OZR,01045,Dale,01
BSQ,04003,Cochise,04
PXL,04017,Navajo,04
GLB,04007,Gila,04
HBK,04017,Navajo,04
CWX,04003,Cochise,04
CTW,04025,Yavapai,04
PAE,53061,Snohomish,53
PAH,21145,McCracken,21
PAM,12005,Bay,12
PJB,04007,Gila,04
PAO,06085,Santa Clara,06
PBF,05069,Jefferson,05
PBG,36019,Clinton,36
PBI,12099,Palm Beach,12
PVL,21195,Pike,21
PCD,55023,Crawford,55
PDK,13089,DeKalb,13
PDT,41059,Umatilla,41
PDX,41051,Multnomah,41
PEQ,48389,Reeves,48
PFC,41057,Tillamook,41
PGA,04005,Coconino,04
PGD,12015,Charlotte,12
PGR,05055,Greene,05
PGV,37147,Pitt,37
PHD,39157,Tuscarawas,39
PHF,51700,Newport News,51
ADR,45043,Georgetown,45
PHK,12099,Palm Beach,12
PHL,42101,Philadelphia,42
PHN,26147,St. Clair,26
PHP,46055,Haakon,46
PHT,47079,Henry,47
PHX,04013,Maricopa,04
PIA,17143,Peoria,17
PIB,28067,Jones,28
PIE,12103,Pinellas,12
PIH,16077,Power,16
PIM,13145,Harris,13
PIR,46065,Hughes,46
PIT,42003,Allegheny,42
PKB,54107,Wood,54
PKD,27057,Hubbard,27
PKF,55099,Price,55
PLK,29213,Taney,29
PLN,26047,Emmet,26
PLR,01115,St. Clair,01
PMB,38067,Pembina,38
PMD,06037,Los Angeles,06
PMH,39145,Scioto,39
PPM,12011,Broward,12
PWY,56035,Sublette,56
PNC,40071,Kay,40
PNE,42101,Philadelphia,42
PNN,23029,Washington,23
PNS,12033,Escambia,12
POB,37051,Cumberland,37
POC,06037,Los Angeles,06
POE,22115,Vernon,22
POF,29023,Butler,29
POH,19151,Pocahontas,19
POU,36027,Dutchess,36
POY,56029,Park,56
PPA,48179,Gray,48
PPF,20099,Labette,20
LPO,18091,LaPorte,18
PQI,23003,Aroostook,23
PGL,28059,Jackson,28
KPR,02150,Kodiak Island,02
PRB,06079,San Luis Obispo,06
PRC,04025,Yavapai,04
PRO,19049,Dallas,19
PRX,48277,Lamar,48
PSB,42027,Centre,42
PSC,53021,Franklin,53
PSF,25003,Berkshire,25
PSK,51155,Pulaski,51
PSM,33015,Rockingham,33
PSN,48001,Anderson,48
PGO,08007,Archuleta,08
PSP,06065,Riverside,06
PSX,48321,Matagorda,48
PTB,51053,Dinwiddie,51
PTK,26125,Oakland,26
PTN,22101,St. Mary,22
PTS,20037,Crawford,20
PTT,20151,Pratt,20
PTV,06107,Tulare,06
PTW,42091,Montgomery,42
PUB,08101,Pueblo,08
PUC,49007,Carbon,49
PUW,53075,Whitman,53
PVD,44003,Kent,44
PVF,06017,El Dorado,06
PVU,49049,Utah,49
PVW,48189,Hale,48
PWA,40109,Oklahoma,40
PWD,30091,Sheridan,30
PWK,17031,Cook,17
PWM,23005,Cumberland,23
PWT,53035,Kitsap,53
KPY,02150,Kodiak Island,02
PYM,25023,Plymouth,25
RAC,55101,Racine,55
RAL,06065,Riverside,06
RAP,46103,Pennington,46
RBD,48113,Dallas,48
RBG,41019,Douglas,41
RBL,06103,Tehama,06
RBW,45029,Colleton,45
RCA,46093,Meade,46
RCK,48331,Milam,48
RCR,18049,Fulton,18
RDD,06089,Shasta,06
RDG,42011,Berks,42
RDM,41017,Deschutes,41
RDR,38035,Grand Forks,38
RDU,37183,Wake,37
REO,41045,Malheur,41
RFD,17201,Winnebago,17
RFG,48391,Refugio,48
RHI,55085,Oneida,55
RHV,06085,Santa Clara,06
RIC,51087,Henrico,51
RID,18177,Wayne,18
RIF,49041,Sevier,49
RIL,08045,Garfield,08
RIR,06065,Riverside,06
RIV,06065,Riverside,06
RIW,56013,Fremont,56
RKD,23013,Knox,23
RKP,48007,Aransas,48
RKR,40079,Le Flore,40
RKS,56037,Sweetwater,56
RKW,47035,Cumberland,47
RLD,53005,Benton,53
RME,36065,Oneida,36
RMG,13115,Floyd,13
RNC,47177,Warren,47
RND,48029,Bexar,48
RNH,55109,St. Croix,55
RNO,32031,Washoe,32
RNT,53033,King,53
ROA,51770,Roanoke,51
ROC,36055,Monroe,36
ROG,05007,Benton,05
ROW,35005,Chaves,35
ROX,27135,Roseau,27
RIE,55005,Barron,55
RPX,30065,Musselshell,30
WBR,26107,Mecosta,26
RQO,40017,Canadian,40
RRL,55069,Lincoln,55
RRT,27135,Roseau,27
RSL,20167,Russell,20
RSN,22061,Lincoln,22
RST,27109,Olmsted,27
RSW,12071,Lee,12
RTN,35007,Colfax,35
SRW,37159,Rowan,37
RUT,50021,Rutland,50
RED,42087,Mifflin,42
RVS,40143,Tulsa,40
RWF,27127,Redwood,27
RWI,37127,Nash,37
RWL,56007,Carbon,56
RXE,16065,Madison,16
RNZ,18073,Jasper,18
AHM,41029,Jackson,41
BDY,41011,Coos,41
SUO,41017,Deschutes,41
MDJ,41031,Jefferson,41
PRZ,41013,Crook,41
SAA,56007,Carbon,56
SAC,06067,Sacramento,06
SAD,04009,Graham,04
SAF,35049,Santa Fe,35
SAN,06073,San Diego,06
SAR,17157,Randolph,17
SAS,06025,Imperial,06
SAT,48029,Bexar,48
SAV,13051,Chatham,13
MQT,26103,Marquette,26
SBA,06083,Santa Barbara,06
SBD,06071,San Bernardino,06
SBM,55117,Sheboygan,55
SBN,18141,St. Joseph,18
SBP,06079,San Luis Obispo,06
SBS,08107,Routt,08
SBX,30101,Toole,30
SBY,24045,Wicomico,24
SCB,31053,Dodge,31
SCH,36093,Schenectady,36
SCK,06077,San Joaquin,06
SDF,21111,Jefferson,21
SCF,04013,Maricopa,04
SDM,06073,San Diego,06
SDY,30083,Richland,30
SEA,53033,King,53
SEE,06073,San Diego,06
SEF,12055,Highlands,12
SEG,42109,Snyder,42
SEM,01047,Dallas,01
SEP,48143,Erath,48
SER,18071,Jackson,18
SDX,04025,Yavapai,04
SFB,12117,Seminole,12
SFF,53063,Spokane,53
SFM,23031,York,23
SFO,06081,San Mateo,06
SFZ,44007,Providence,44
SGF,29077,Greene,29
SGH,39023,Clark,39
UST,12109,St. Johns,12
SGR,48157,Fort Bend,48
SGT,05117,Prairie,05
SGU,49053,Washington,49
SHD,51015,Augusta,51
SHN,53045,Mason,53
SHR,56033,Sheridan,56
SHV,22017,Caddo,22
SIK,29201,Scott,29
SIV,18153,Sullivan,18
SIY,06093,Siskiyou,06
SJC,06085,Santa Clara,06
SJN,04001,Apache,04
SJT,48451,Tom Green,48
SKA,53063,Spokane,53
SKF,48029,Bexar,48
TSM,35055,Taos,35
SLB,19021,Buena Vista,19
SLC,49035,Salt Lake,49
SLE,41047,Marion,41
SLG,05007,Benton,05
SLK,36033,Franklin,36
SLN,20169,Saline,20
SLO,17121,Marion,17
SLR,48223,Hopkins,48
SMD,18003,Allen,18
SME,21199,Pulaski,21
SMF,06067,Sacramento,06
SMN,16059,Lemhi,16
SMO,06037,Los Angeles,06
SUM,45085,Sumter,45
SMX,06083,Santa Barbara,06
SNA,06059,Orange,06
SNK,48415,Scurry,48
SNL,40125,Pottawatomie,40
SNS,06053,Monterey,06
SNY,31033,Cheyenne,31
SOP,37125,Moore,37
SOW,04017,Navajo,04
SPA,45083,Spartanburg,45
SPF,46081,Lawrence,46
SPG,12103,Pinellas,12
SPI,17167,Sangamon,17
SPS,48485,Wichita,48
SPW,19041,Clay,19
SQI,17195,Whiteside,17
SQL,06081,San Mateo,06
SRC,05145,White,05
SRQ,12081,Manatee,12
RUI,35027,Lincoln,35
SSC,45085,Sumter,45
SSF,48029,Bexar,48
SSI,13127,Glynn,13
STC,27141,Sherburne,27
STE,55097,Portage,55
STJ,20043,Doniphan,20
STK,08075,Logan,08
STL,29189,St. Louis,29
STP,27123,Ramsey,27
STS,06097,Sonoma,06
SUA,12085,Martin,12
SUD,40081,Lincoln,40
SUE,55029,Door,55
SUN,16013,Blaine,16
SUS,29189,St. Louis,29
SUU,06095,Solano,06
SUW,55031,Douglas,55
SUX,19193,Woodbury,19
SVC,35017,Grant,35
SVE,06035,Lassen,06
SVH,37097,Iredell,37
SVN,13051,Chatham,13
SWF,36071,Orange,36
SWO,40119,Payne,40
SWW,48353,Nolan,48
SYI,47003,Bedford,47
SYN,27049,Goodhue,27
SYR,36067,Onondaga,36
SYV,13321,Worth,13
SZL,29101,Johnson,29
SZP,06111,Ventura,06
TBC,04005,Coconino,04
TAD,08071,Las Animas,08
KTB,02198,Prince of Wales-Hyder,02
TBN,29169,Pulaski,29
TBR,13031,Bulloch,13
TCC,35037,Quay,35
TCL,01125,Tuscaloosa,01
TCM,53053,Pierce,53
TCS,35051,Sierra,35
TDO,53041,Lewis,53
TDW,48381,Randall,48
TDZ,39173,Wood,39
TEB,34003,Bergen,34
TEX,08113,San Miguel,08
THA,47031,Coffee,47
THM,30089,Sanders,30
THV,42133,York,42
TIK,40109,Oklahoma,40
TIW,53053,Pierce,53
TIX,12009,Brevard,12
DTX,48085,Collin,48
KNT,29069,Dunklin,29
TLH,12073,Leon,12
TLR,06107,Tulare,06
TMA,13277,Tift,13
TMB,12086,Miami-Dade,12
OTK,41057,Tillamook,41
TNP,06071,San Bernardino,06
TNT,12021,Collier,12
TNU,19099,Jasper,19
XSD,32023,Nye,32
TOA,06037,Los Angeles,06
TOC,13257,Stephens,13
TOI,01109,Pike,01
TOL,39095,Lucas,39
TOP,20177,Shawnee,20
TOR,56015,Goshen,56
TPA,12057,Hillsborough,12
TPF,12057,Hillsborough,12
TPH,32023,Nye,32
TPL,48027,Bell,48
TRI,47163,Sullivan,47
TKF,06057,Nevada,06
TRL,48257,Kaufman,48
TRM,06065,Riverside,06
TRX,29079,Grundy,29
TSP,06029,Kern,06
TTD,41051,Multnomah,41
TTN,34021,Mercer,34
TUL,40143,Tulsa,40
TUP,28081,Lee,28
TUS,04019,Pima,04
TVC,26055,Grand Traverse,26
TVF,27113,Pennington,27
TVI,13275,Thomas,13
TVL,06017,El Dorado,06
TWF,16083,Twin Falls,16
TXK,05091,Miller,05
TYZ,04017,Navajo,04
TYR,48423,Smith,48
TYS,47009,Blount,47
BFG,49017,Garfield,49
NPH,49023,Juab,49
RVR,49015,Emery,49
PNU,49017,Garfield,49
ICS,16085,Valley,16
UBS,28087,Lowndes,28
UCY,47131,Obion,47
UDD,06065,Riverside,06
UES,55133,Waukesha,55
UGN,17097,Lake,17
UIL,53009,Clallam,53
UIN,17001,Adams,17
IKB,37193,Wilkes,37
UKI,06045,Mendocino,06
UKT,42017,Bucks,42
ULM,27015,Brown,27
ATO,39009,Athens,39
UNU,55027,Dodge,55
SCE,42027,Centre,42
UOS,47051,Franklin,47
UOX,28071,Lafayette,28
UTM,28143,Tunica,28
HTV,48471,Walker,48
NPT,44005,Newport,44
UVA,48463,Uvalde,48
RKH,45091,York,45
VAD,13185,Lowndes,13
LLY,34005,Burlington,34
VBG,06083,Santa Barbara,06
VCT,48469,Victoria,48
VCV,06071,San Bernardino,06
VDI,13279,Toombs,13
VEL,49047,Uintah,49
VGT,32003,Clark,32
VHN,48109,Culberson,48
VIH,29125,Maries,29
VIS,06107,Tulare,06
VJI,51191,Washington,51
VKS,28149,Warren,28
VLA,17051,Fayette,17
VLD,13185,Lowndes,13
VNC,12115,Sarasota,12
VNY,06037,Los Angeles,06
VOK,55057,Juneau,55
VPS,12091,Okaloosa,12
VPZ,18127,Porter,18
VQQ,12031,Duval,12
VRB,12061,Indian River,12
VSF,50027,Windsor,50
VTN,31031,Cherry,31
VYS,17099,LaSalle,17
GTY,42001,Adams,42
SQV,53009,Clallam,53
PGC,54023,Grant,54
WAL,51001,Accomack,51
WAY,42059,Greene,42
WBW,42079,Luzerne,42
WDG,40047,Garfield,40
WDR,13013,Barrow,13
WEA,48367,Parker,48
KWF,02198,Prince of Wales-Hyder,02
WHP,06037,Los Angeles,06
WJF,06037,Los Angeles,06
WLD,20035,Cowley,20
WLW,06021,Glenn,06
WMC,32013,Humboldt,32
KWP,02150,Kodiak Island,02
WRB,13153,Houston,13
WRI,34005,Burlington,34
WRL,56043,Washakie,56
WST,44009,Washington,44
WVI,06087,Santa Cruz,06
WVL,23011,Kennebec,23
WWD,34009,Cape May,34
WWR,40153,Woodward,40
WYS,30031,Gallatin,30
KYO,12101,Pasco,12
KXA,02198,Prince of Wales-Hyder,02
XNA,05007,Benton,05
XWA,38105,Williams,38
WBK,26129,Ogemaw,26
YIP,26163,Wayne,26
YKM,53077,Yakima,53
YKN,46135,Yankton,46
YNG,39155,Trumbull,39
KZB,02150,Kodiak Island,02
ZPH,12101,Pasco,12
ZZV,39119,Muskingum,39
PGS,04005,Coconino,04
LOR,01045,Dale,01
DRU,30039,Granite,30
UWA,25015,Hampshire,25
LIZ,23003,Aroostook,23
MGI,48057,Calhoun,48
MHN,31091,Hooker,31
MOS,02180,Nome,02
MTX,02090,Fairbanks North Star,02
MXC,49037,San Juan,49
MYK,02261,Valdez-Cordova,02
EPG,31025,Cass,31
NIN,02122,Kenai Peninsula,02
HBB,35025,Lea,35
UCC,32023,Nye,32
NLN,06023,Humboldt,06
BZF,06089,Shasta,06
OLH,02150,Kodiak Island,02
ORI,02150,Kodiak Island,02
AKB,02016,Aleutians West,02
PML,02013,Aleutians East,02
PTD,02220,Sitka,02
PAQ,02170,Matanuska-Susitna,02
ATU,02016,Aleutians West,02
BTI,02185,North Slope,02
BET,02050,Bethel,02
BVU,02122,Kenai Peninsula,02
BIG,02240,Southeast Fairbanks,02
BKC,02188,Northwest Arctic,02
BMX,02164,Lake and Peninsula,02
BRW,02185,North Slope,02
BTT,02290,Yukon-Koyukuk,02
CDB,02013,Aleutians East,02
CEM,02290,Yukon-Koyukuk,02
CIK,02290,Yukon-Koyukuk,02
CYF,02050,Bethel,02
SCM,02158,Kusilvak,02
IRC,02290,Yukon-Koyukuk,02
WSF,02013,Aleutians East,02
CDV,02261,Valdez-Cordova,02
CXF,02290,Yukon-Koyukuk,02
CYT,02282,Yakutat,02
CZF,02158,Kusilvak,02
DRG,02188,Northwest Arctic,02
RDB,02188,Northwest Arctic,02
ADK,02016,Aleutians West,02
DLG,02070,Dillingham,02
MLL,02158,Kusilvak,02
ADQ,02150,Kodiak Island,02
DUT,02016,Aleutians West,02
KKH,02050,Bethel,02
EDF,02020,Anchorage,02
EEK,02050,Bethel,02
EAA,02240,Southeast Fairbanks,02
EHM,02050,Bethel,02
EIL,02090,Fairbanks North Star,02
ELV,02105,Hoonah-Angoon,02
EMK,02158,Kusilvak,02
ENA,02122,Kenai Peninsula,02
WWT,02050,Bethel,02
FAI,02090,Fairbanks North Star,02
FBK,02090,Fairbanks North Star,02
ABL,02188,Northwest Arctic,02
FRN,02020,Anchorage,02
NIB,02290,Yukon-Koyukuk,02
GAL,02290,Yukon-Koyukuk,02
GBH,02185,North Slope,02
KWK,02050,Bethel,02
SHG,02188,Northwest Arctic,02
GKN,02261,Valdez-Cordova,02
GLV,02180,Nome,02
GAM,02180,Nome,02
AGN,02105,Hoonah-Angoon,02
BGQ,02170,Matanuska-Susitna,02
GST,02105,Hoonah-Angoon,02
NME,02050,Bethel,02
SGY,02230,Skagway,02
GMT,02180,Nome,02
HCR,02290,Yukon-Koyukuk,02
HSL,02290,Yukon-Koyukuk,02
HNS,02100,Haines,02
HPB,02158,Kusilvak,02
HUS,02290,Yukon-Koyukuk,02
SHX,02290,Yukon-Koyukuk,02
HYG,02198,Prince of Wales-Hyder,02
IGG,02164,Lake and Peninsula,02
EGX,02164,Lake and Peninsula,02
IAN,02188,Northwest Arctic,02
ILI,02164,Lake and Peninsula,02
UTO,02290,Yukon-Koyukuk,02
MCL,02068,Denali,02
WAA,02180,Nome,02
KCG,02164,Lake and Peninsula,02
JNU,02110,Juneau,02
KGK,02070,Dillingham,02
KDK,02150,Kodiak Island,02
KFP,02013,Aleutians East,02
AKK,02150,Kodiak Island,02
KPN,02050,Bethel,02
KKA,02180,Nome,02
LKK,02164,Lake and Peninsula,02
AKN,02060,Bristol Bay,02
IKO,02016,Aleutians West,02
AKP,02185,North Slope,02
KTN,02130,Ketchikan Gateway,02
UUK,02185,North Slope,02
KAL,02290,Yukon-Koyukuk,02
KLW,02198,Prince of Wales-Hyder,02
KYK,02150,Kodiak Island,02
KLN,02150,Kodiak Island,02
KLG,02050,Bethel,02
PTA,02164,Lake and Peninsula,02
LNI,02185,North Slope,02
WCR,02290,Yukon-Koyukuk,02
KMO,02070,Dillingham,02
MCG,02290,Yukon-Koyukuk,02
LMA,02290,Yukon-Koyukuk,02
SMK,02180,Nome,02
MLY,02290,Yukon-Koyukuk,02
MTM,02198,Prince of Wales-Hyder,02
MOU,02158,Kusilvak,02
MRI,02020,Anchorage,02
MXY,02261,Valdez-Cordova,02
MYU,02050,Bethel,02
WNA,02050,Bethel,02
ANC,02020,Anchorage,02
ANI,02050,Bethel,02
ENN,02290,Yukon-Koyukuk,02
NNL,02164,Lake and Peninsula,02
FNR,02105,Hoonah-Angoon,02
ANN,02198,Prince of Wales-Hyder,02
NUL,02290,Yukon-Koyukuk,02
ANV,02290,Yukon-Koyukuk,02
KNW,02070,Dillingham,02
OBU,02188,Northwest Arctic,02
PCA,02070,Dillingham,02
HNH,02105,Hoonah-Angoon,02
OME,02180,Nome,02
OOK,02050,Bethel,02
ORT,02240,Southeast Fairbanks,02
OTZ,02188,Northwest Arctic,02
NLG,02013,Aleutians East,02
STG,02016,Aleutians West,02
KPV,02164,Lake and Peninsula,02
PSG,02195,Petersburg,02
PTH,02164,Lake and Peninsula,02
PKA,02050,Bethel,02
PTU,02050,Bethel,02
PIP,02164,Lake and Peninsula,02
PPC,02290,Yukon-Koyukuk,02
KWN,02050,Bethel,02
NUI,02185,North Slope,02
ARC,02290,Yukon-Koyukuk,02
RSH,02158,Kusilvak,02
RBY,02290,Yukon-Koyukuk,02
SVA,02180,Nome,02
SCC,02185,North Slope,02
SDP,02013,Aleutians East,02
SHH,02180,Nome,02
SIT,02220,Sitka,02
WLK,02188,Northwest Arctic,02
SLQ,02050,Bethel,02
KSM,02158,Kusilvak,02
SNP,02016,Aleutians West,02
SOV,02122,Kenai Peninsula,02
SMU,02170,Matanuska-Susitna,02
UMM,02170,Matanuska-Susitna,02
SVW,02050,Bethel,02
SKW,02170,Matanuska-Susitna,02
SXQ,02122,Kenai Peninsula,02
SYA,02016,Aleutians West,02
TAL,02290,Yukon-Koyukuk,02
TNC,02180,Nome,02
TLA,02180,Nome,02
TOG,02070,Dillingham,02
TKA,02170,Matanuska-Susitna,02
TLJ,02290,Yukon-Koyukuk,02
ATK,02185,North Slope,02
AUK,02158,Kusilvak,02
UMT,02185,North Slope,02
UNK,02180,Nome,02
WOW,02170,Matanuska-Susitna,02
KQA,02013,Aleutians East,02
VAK,02158,Kusilvak,02
KVC,02013,Aleutians East,02
VDZ,02261,Valdez-Cordova,02
VEE,02290,Yukon-Koyukuk,02
WBQ,02290,Yukon-Koyukuk,02
SWD,02122,Kenai Peninsula,02
WRG,02275,Wrangell,02
AIN,02185,North Slope,02
WMO,02180,Nome,02
WTK,02188,Northwest Arctic,02
WWA,02170,Matanuska-Susitna,02
YAK,02282,Yakutat,02
PEC,02105,Hoonah-Angoon,02
AKI,02050,Bethel,02
AET,02290,Yukon-Koyukuk,02
NCN,02261,Valdez-Cordova,02
CLP,02070,Dillingham,02
ELI,02180,Nome,02
KUK,02050,Bethel,02
KNK,02164,Lake and Peninsula,02
KOT,02158,Kusilvak,02
KTS,02180,Nome,02
KYU,02290,Yukon-Koyukuk,02
KWT,02050,Bethel,02
ORV,02188,Northwest Arctic,02
TKJ,02240,Southeast Fairbanks,02
WSN,02060,Bristol Bay,02
FYU,02290,Yukon-Koyukuk,02
PGM,02122,Kenai Peninsula,02
BKH,15007,Kauai,15
HDH,15003,Honolulu,15
HHI,15003,Honolulu,15
HNM,15009,Maui,15
JHM,15009,Maui,15
JRF,15003,Honolulu,15
KOA,15001,Hawaii,15
LIH,15007,Kauai,15
LUP,15005,Kalawao,15
MKK,15009,Maui,15
MUE,15001,Hawaii,15
NGF,15003,Honolulu,15
HNL,15003,Honolulu,15
LNY,15009,Maui,15
OGG,15009,Maui,15
PAK,15007,Kauai,15
BSF,15001,Hawaii,15
ITO,15001,Hawaii,15
UPP,15001,Hawaii,15
PIZ,02185,North Slope,02
PWR,02220,Sitka,02
PYL,02261,Valdez-Cordova,02
RDV,02050,Bethel,02
RMP,02290,Yukon-Koyukuk,02
LPS,53055,San Juan,53
KEH,53033,King,53
SRV,02050,Bethel,02
SVS,02290,Yukon-Koyukuk,02
SXP,02158,Kusilvak,02
SYB,02150,Kodiak Island,02
SYL,06053,Monterey,06
TCT,02290,Yukon-Koyukuk,02
TKE,02105,Hoonah-Angoon,02
TKL,02110,Juneau,02
TLT,02050,Bethel,02
TSG,02240,Southeast Fairbanks,02
TWH,06037,Los Angeles,06
TYE,02122,Kenai Peninsula,02
DBS,16033,Clark,16
UGB,02164,Lake and Peninsula,02
BNH,25025,Suffolk,25
RTL,19059,Dickinson,19
FWL,02290,Yukon-Koyukuk,02
CRO,06031,Kings,06
HLM,26139,Ottawa,26
XFT,12087,Monroe,12
PQS,02158,Kusilvak,02
GMV,49037,San Juan,49
FBS,53055,San Juan,53
RSJ,53055,San Juan,53
LKE,53033,King,53
RCE,53055,San Juan,53
WSX,53055,San Juan,53
WBB,02180,Nome,02
DTR,53055,San Juan,53
WSB,02198,Prince of Wales-Hyder,02
UGI,02150,Kodiak Island,02
WSM,02290,Yukon-Koyukuk,02
GWV,54051,Marshall,54
MPB,12086,Miami-Dade,12
UKN,19005,Allamakee,19
KKI,02050,Bethel,02
BCC,02290,Yukon-Koyukuk,02
JBT,02050,Bethel,02
CZP,02198,Prince of Wales-Hyder,02
KBW,02164,Lake and Peninsula,02
KBC,02290,Yukon-Koyukuk,02
CZC,02261,Valdez-Cordova,02
ZNC,02050,Bethel,02
00A,42017,Bucks,42
00AA,20109,Logan,20
00AK,02122,Kenai Peninsula,02
00AL,01089,Madison,01
00AN,02164,Lake and Peninsula,02
00AS,40051,Grady,40
00AZ,04025,Yavapai,04
00CA,06071,San Bernardino,06
00CL,06007,Butte,06
00CN,06073,San Diego,06
00FA,12119,Sumter,12
00FL,12093,Okeechobee,12
00GA,13089,DeKalb,13
00GE,13223,Paulding,13
00HI,15001,Hawaii,15
00ID,16017,Bonner,16
00IG,20153,Rawlins,20
00IL,17141,Ogle,17
00IN,18089,Lake,18
00IS,17115,Macon,17
00KS,20121,Miami,20
00KY,21137,Lincoln,21
00LA,22005,Ascension,22
00LL,17167,Sangamon,17
00LS,22001,Acadia,22
00MD,24011,Caroline,24
00MI,26105,Mason,26
00MN,27111,Otter Tail,27
00MO,29097,Jasper,29
00MT,30067,Park,30
00N,34011,Cumberland,34
00NC,37069,Franklin,37
00NJ,34023,Middlesex,34
00NK,36019,Clinton,36
00NR,37055,Dare,37
00NY,36069,Ontario,36
00OI,39113,Montgomery,39
00OK,40113,Osage,40
00OR,41053,Polk,41
00PA,42029,Chester,42
00PN,42085,Mercer,42
00S,41039,Lane,41
00SC,45085,Sumter,45
00SD,46039,Deuel,46
00TE,48439,Tarrant,48
00TS,48439,Tarrant,48
00TT,48197,Hardeman,48
00VA,51083,Halifax,51
00VI,51141,Patrick,51
00W,53023,Garfield,53
00WA,53053,Pierce,53
00WI,55135,Waupaca,55
00WN,53003,Asotin,53
00WV,54083,Randolph,54
00WY,56025,Natrona,56
00XA,48473,Waller,48
01A,02068,Denali,02
01AK,02122,Kenai Peninsula,02
01AL,01037,Coosa,01
01AN,02170,Matanuska-Susitna,02
01AR,05133,Sevier,05
01AZ,04025,Yavapai,04
01CA,06071,San Bernardino,06
01CL,06017,El Dorado,06
01CO,08065,Lake,08
01CT,09003,Hartford,09
01FA,12095,Orange,12
01FD,12117,Seminole,12
01FL,12117,Seminole,12
01GA,13215,Muscogee,13
01GE,13167,Johnson,13
01ID,16005,Bannock,16
01II,18063,Hendricks,18
01IL,17183,Vermilion,17
01IN,18095,Madison,18
01IS,17083,Jersey,17
01J,12089,Nassau,12
01K,20191,Sumner,20
01KS,20115,Marion,20
01KY,21145,McCracken,21
01LA,22067,Morehouse,22
01LL,17145,Perry,17
01LS,22037,East Feliciana,22
01MA,25009,Essex,25
01MD,24003,Anne Arundel,24
01ME,23003,Aroostook,23
01MI,26049,Genesee,26
01MN,27137,St. Louis,27
01MO,29189,St. Louis,29
01MT,30053,Lincoln,30
01MU,04019,Pima,04
01NC,37141,Pender,37
01NH,33009,Grafton,33
01NJ,34013,Essex,34
01NM,35005,Chaves,35
01NR,37129,New Hanover,37
01NV,32019,Lyon,32
01NY,36027,Dutchess,36
01OH,39165,Warren,39
01OI,39033,Crawford,39
01OL,40069,Johnston,40
01PN,42027,Centre,42
01PS,42131,Wyoming,42
01SC,45091,York,45
01TE,48257,Kaufman,48
01TN,47157,Shelby,47
01TT,48039,Brazoria,48
01U,32023,Nye,32
01UT,49037,San Juan,49
01VA,51043,Clarke,51
01WA,53049,Pacific,53
01WN,53029,Island,53
01WT,53033,King,53
01WY,56011,Crook,56
01XA,48209,Hays,48
01XS,48001,Anderson,48
02AA,02170,Matanuska-Susitna,02
02AK,02170,Matanuska-Susitna,02
02AL,01003,Baldwin,01
02AN,02122,Kenai Peninsula,02
02CD,28027,Coahoma,28
02CL,06111,Ventura,06
02CO,08105,Rio Grande,08
02CT,09013,Tolland,09
02FA,12069,Lake,12
02FD,12091,Okaloosa,12
02GA,13157,Jackson,13
02GE,13015,Bartow,13
02HI,15003,Honolulu,15
02IA,19015,Boone,19
02ID,16085,Valley,16
02II,18057,Hamilton,18
02IN,18035,Delaware,18
02IS,17097,Lake,17
02KS,20149,Pottawatomie,20
02KT,21205,Rowan,21
02KY,21073,Franklin,21
02LA,22015,Bossier,22
02LS,22055,Lafayette,22
02MA,25007,Dukes,25
02MD,24033,Prince George's,24
02ME,23031,York,23
02MI,26117,Montcalm,26
02MO,29113,Lincoln,29
02MS,28011,Bolivar,28
02NE,31155,Saunders,31
02NH,33007,Coos,33
02NM,35023,Hidalgo,35
02NR,37147,Pitt,37
02NV,32013,Humboldt,32
02NY,36065,Oneida,36
02OH,39143,Sandusky,39
02OI,39007,Ashtabula,39
02OL,40077,Latimer,40
02OR,41065,Wasco,41
26PA,42067,Juniata,42
02PA,42003,Allegheny,42
02PN,42029,Chester,42
02SC,45049,Hampton,45
02T,30001,Beaverhead,30
02TA,48321,Matagorda,48
02TE,48139,Ellis,48
02TN,47149,Rutherford,47
02UT,49003,Box Elder,49
02VA,51047,Culpeper,51
02VG,51191,Washington,51
02WA,53053,Pierce,53
02WI,55109,St. Croix,55
02WN,53047,Okanogan,53
02XA,48147,Fannin,48
03AA,02170,Matanuska-Susitna,02
03AK,02122,Kenai Peninsula,02
03AL,01071,Jackson,01
03AR,05059,Hot Spring,05
03AZ,04003,Cochise,04
03CA,06073,San Diego,06
03FA,12055,Highlands,12
03GA,13031,Bulloch,13
03GE,13187,Lumpkin,13
03ID,16003,Adams,16
03II,18129,Posey,18
03IL,17197,Will,17
03IN,18057,Hamilton,18
03IS,17119,Madison,17
03KS,20043,Doniphan,20
03KY,21101,Henderson,21
03LA,22047,Iberville,22
03LS,22041,Franklin,22
03M,23011,Kennebec,23
03MA,25015,Hampshire,25
03MD,24025,Harford,24
03ME,23005,Cumberland,23
03MI,26017,Bay,26
03MN,27063,Jackson,27
03MS,28149,Warren,28
3MT7,30013,Cascade,30
03MU,29037,Cass,29
03NC,37129,New Hanover,37
03ND,38067,Pembina,38
03NE,31041,Custer,31
03NH,33015,Rockingham,33
03NM,35007,Colfax,35
03NR,37101,Johnston,37
03NV,32007,Elko,32
03NY,36103,Suffolk,36
03OH,39143,Sandusky,39
03OI,39035,Cuyahoga,39
03OK,40037,Creek,40
03OL,40051,Grady,40
03OR,41063,Wallowa,41
03PA,42091,Montgomery,42
03PN,42079,Luzerne,42
03PR,20103,Leavenworth,20
03S,41005,Clackamas,41
03SC,45051,Horry,45
03TE,48131,Duval,48
03TN,47155,Sevier,47
03TS,48451,Tom Green,48
03TT,48157,Fort Bend,48
03TX,48039,Brazoria,48
03UT,49037,San Juan,49
03WA,53063,Spokane,53
03WN,53039,Klickitat,53
03WT,53055,San Juan,53
03WY,56011,Crook,56
03XA,48141,El Paso,48
03XS,48235,Irion,48
04AA,02122,Kenai Peninsula,02
04AL,01015,Calhoun,01
04AN,02170,Matanuska-Susitna,02
04AR,05125,Saline,05
04CA,06037,Los Angeles,06
04CL,06073,San Diego,06
04CT,09005,Litchfield,09
04FA,12086,Miami-Dade,12
04FD,12057,Hillsborough,12
04FL,12127,Volusia,12
04GA,13297,Walton,13
04I,39049,Franklin,39
04IA,19101,Jefferson,19
04ID,16045,Gem,16
04IL,17113,McLean,17
04IN,18151,Steuben,18
04IS,17147,Piatt,17
04KY,21009,Barren,21
04LA,22093,St. James,22
04LS,22033,East Baton Rouge,22
04MA,25009,Essex,25
04MD,24015,Cecil,24
04ME,23025,Somerset,23
04MI,26045,Eaton,26
04MN,27007,Beltrami,27
04MS,28125,Sharkey,28
04MT,30033,Garfield,30
04NC,37183,Wake,37
04NE,31101,Keith,31
04NJ,34033,Salem,34
04NR,37133,Onslow,37
04NV,06071,San Bernardino,06
04NY,36021,Columbia,36
04OG,41067,Washington,41
04OK,40119,Payne,40
04OR,41069,Wheeler,41
04PA,42101,Philadelphia,42
04PN,42029,Chester,42
04SC,45077,Pickens,45
04SD,46137,Ziebach,46
04TE,48201,Harris,48
04TN,47059,Greene,47
04TS,48491,Williamson,48
04TT,48019,Bandera,48
04TX,48035,Bosque,48
04UT,49037,San Juan,49
04V,08109,Saguache,08
04VA,51167,Russell,51
04VG,51101,King William,51
04VT,50023,Washington,50
04W,27115,Pine,27
04WA,53063,Spokane,53
04WI,55059,Kenosha,55
04WN,53025,Grant,53
04WV,54061,Monongalia,54
04XA,48237,Jack,48
05AK,02170,Matanuska-Susitna,02
05AL,01069,Houston,01
05AN,02090,Fairbanks North Star,02
05AR,05087,Madison,05
05AZ,04027,Yuma,04
05B,23003,Aroostook,23
05CA,06037,Los Angeles,06
05CL,06055,Napa,06
05CO,08123,Weld,08
05CT,09005,Litchfield,09
05FA,12131,Walton,12
05FD,12086,Miami-Dade,12
05FL,12051,Hendry,12
05GA,13259,Stewart,13
05IA,19033,Cerro Gordo,19
05ID,16049,Idaho,16
05IL,17091,Kankakee,17
05IN,18063,Hendricks,18
05IS,17021,Christian,17
05KS,20125,Montgomery,20
05KT,21073,Franklin,21
05KY,21079,Garrard,21
05LA,22041,Franklin,22
05LL,17043,DuPage,17
05LS,22079,Rapides,22
05MA,25009,Essex,25
05MD,24029,Kent,24
05ME,23029,Washington,23
05MI,26163,Wayne,26
05MN,27137,St. Louis,27
05MS,28049,Hinds,28
05MT,30031,Gallatin,30
05NE,31077,Greeley,31
05NH,33015,Rockingham,33
05NJ,36047,Kings,36
05NR,37001,Alamance,37
05NV,32033,White Pine,32
05NY,36075,Oswego,36
05OG,41039,Lane,41
05OH,39031,Coshocton,39
05OI,39093,Lorain,39
05OR,41063,Wallowa,41
05PA,42101,Philadelphia,42
05PN,42043,Dauphin,42
05PS,42061,Huntingdon,42
05S,41009,Columbia,41
05TA,48015,Austin,48
05TE,48491,Williamson,48
05TS,48121,Denton,48
05TX,48217,Hill,48
05V,08023,Costilla,08
05VA,51147,Prince Edward,51
05VT,50011,Franklin,50
05WA,53063,Spokane,53
05WI,55127,Walworth,55
05WN,53065,Stevens,53
05XA,48341,Moore,48
05XS,05003,Ashley,05
05Y,27111,Otter Tail,27
06AA,02122,Kenai Peninsula,02
06AK,02170,Matanuska-Susitna,02
06AL,01031,Coffee,01
06AR,05023,Cleburne,05
06AZ,04013,Maricopa,04
06B,23019,Penobscot,23
06CA,06071,San Bernardino,06
06CL,06037,Los Angeles,06
06CO,08071,Las Animas,08
06CT,09015,Windham,09
06FA,12099,Palm Beach,12
06FD,12069,Lake,12
06FL,12103,Pinellas,12
06GA,13089,DeKalb,13
06I,18037,Dubois,18
06IA,19095,Iowa,19
06ID,16001,Ada,16
06IL,17099,LaSalle,17
06IS,17067,Hancock,17
06KS,20173,Sedgwick,20
06LA,22075,Plaquemines,22
06LS,22125,West Feliciana,22
06MA,25017,Middlesex,25
06MD,24510,Baltimore,24
06ME,23017,Oxford,23
06MI,26075,Jackson,26
06MO,29165,Platte,29
06MT,30101,Toole,30
06N,36071,Orange,36
06NC,37155,Robeson,37
06ND,38059,Morton,38
06NE,31131,Otoe,31
06NH,33015,Rockingham,33
06NV,32033,White Pine,32
06NY,36011,Cayuga,36
06O1,39099,Mahoning,39
06OH,39007,Ashtabula,39
06OI,39113,Montgomery,39
06OK,40041,Delaware,40
06OR,41067,Washington,41
06PA,42083,McKean,42
06PN,42043,Dauphin,42
06TA,48331,Milam,48
06TE,48291,Liberty,48
06TN,47119,Maury,47
06TT,48413,Schleicher,48
06TX,48201,Harris,48
06VA,51015,Augusta,51
06WA,53063,Spokane,53
06WN,53067,Thurston,53
06XA,48181,Grayson,48
06XS,48121,Denton,48
06Y,27051,Grant,27
07AA,02170,Matanuska-Susitna,02
07AL,01061,Geneva,01
07AN,02170,Matanuska-Susitna,02
07AR,05029,Conway,05
07B,23009,Hancock,23
07CL,06007,Butte,06
07CO,08039,Elbert,08
07FA,12087,Monroe,12
07GA,13297,Walton,13
07GE,13155,Irwin,13
07I,18105,Monroe,18
07IA,19145,Page,19
07II,18079,Jennings,18
07IN,18145,Shelby,18
07K,31121,Merrick,31
07KS,20015,Butler,20
07KY,21029,Bullitt,21
07LS,22073,Ouachita,22
07MA,25023,Plymouth,25
07MD,24013,Carroll,24
07ME,23005,Cumberland,23
07MN,27101,Murray,27
07MO,29101,Johnson,29
07MT,30105,Valley,30
07N,42133,York,42
07NC,37179,Union,37
07NH,33019,Sullivan,33
07NJ,34017,Hudson,34
07NV,32033,White Pine,32
07NY,36077,Otsego,36
07OK,40141,Tillman,40
07OR,41005,Clackamas,41
07PN,42033,Clearfield,42
07TA,48039,Brazoria,48
07TS,48491,Williamson,48
07TX,48085,Collin,48
07UT,49003,Box Elder,49
07VA,51083,Halifax,51
07VT,50007,Chittenden,50
07WA,53063,Spokane,53
07WY,56033,Sheridan,56
07XA,48021,Bastrop,48
07XS,48251,Johnson,48
07Y,27001,Aitkin,27
08AK,02170,Matanuska-Susitna,02
08AL,01003,Baldwin,01
08AN,02170,Matanuska-Susitna,02
08AZ,04013,Maricopa,04
08B,23023,Sagadahoc,23
08CA,06017,El Dorado,06
08CL,06109,Tuolumne,06
08CN,06107,Tulare,06
08CO,08073,Lincoln,08
08CT,09005,Litchfield,09
08F,40029,Coal,40
08FA,12051,Hendry,12
08FD,12093,Okeechobee,12
08FL,12055,Highlands,12
08GA,13191,McIntosh,13
08GE,13029,Bryan,13
08ID,16027,Canyon,16
08II,18087,LaGrange,18
02D,18085,Kosciusko,18
08IS,17145,Perry,17
08KS,20143,Ottawa,20
08KT,21225,Union,21
08KY,21199,Pulaski,21
08LA,22051,Jefferson,22
08LL,17105,Livingston,17
08LS,22097,St. Landry,22
08MA,25017,Middlesex,25
08MD,24005,Baltimore,24
08ME,23007,Franklin,23
08MI,26065,Ingham,26
08MN,27137,St. Louis,27
08MO,29011,Barton,29
08MS,28137,Tate,28
08MT,30027,Fergus,30
08N,42075,Lebanon,42
08NC,37067,Forsyth,37
08ND,38057,Mercer,38
08NE,31027,Cedar,31
08NH,33003,Carroll,33
08NJ,34013,Essex,34
08NR,37089,Henderson,37
08NY,36071,Orange,36
08OH,39155,Trumbull,39
08OK,40077,Latimer,40
08OL,40015,Caddo,40
08OR,41037,Lake,41
08PA,42089,Monroe,42
08PN,42071,Lancaster,42
08R,44009,Washington,44
08SD,46043,Douglas,46
08TA,48091,Comal,48
08TN,47127,Moore,47
08TT,48171,Gillespie,48
08TX,48367,Parker,48
08U,32007,Elko,32
08UT,49037,San Juan,49
08VA,51023,Botetourt,51
08XA,48051,Burleson,48
08XS,48039,Brazoria,48
09AA,02170,Matanuska-Susitna,02
09AK,02170,Matanuska-Susitna,02
09AL,01063,Greene,01
09AR,05027,Columbia,05
09AZ,04003,Cochise,04
09CA,06053,Monterey,06
09CL,06057,Nevada,06
09CN,06107,Tulare,06
09CO,08089,Otero,08
09FA,12055,Highlands,12
09FD,12119,Sumter,12
09FL,12086,Miami-Dade,12
09GA,13071,Colquitt,13
09IA,19157,Poweshiek,19
09ID,16085,Valley,16
09II,18117,Orange,18
09IN,18183,Whitley,18
09IS,17201,Winnebago,17
09KS,20059,Franklin,20
09KY,21111,Jefferson,21
09LA,22057,Lafourche,22
09LL,17007,Boone,17
09LS,22125,West Feliciana,22
09MA,25027,Worcester,25
09MD,24023,Garrett,24
09ME,23031,York,23
09MI,26065,Ingham,26
09MO,29077,Greene,29
09MT,30081,Ravalli,30
09N,36027,Dutchess,36
09NC,37085,Harnett,37
09NE,31055,Douglas,31
09NJ,34035,Somerset,34
09NR,37151,Randolph,37
09NV,32003,Clark,32
09NY,36111,Ulster,36
09OH,39113,Montgomery,39
09OK,40143,Tulsa,40
09OR,41065,Wasco,41
09PA,42027,Centre,42
09PN,42017,Bucks,42
09S,53051,Pend Oreille,53
09T,48497,Wise,48
09TE,48425,Somervell,48
09TN,47093,Knox,47
09TS,48043,Brewster,48
09TX,48371,Pecos,48
09VA,51063,Floyd,51
09VG,51015,Augusta,51
09W,11001,District of Columbia,11
09WA,53063,Spokane,53
09WI,55063,La Crosse,55
09XS,48029,Bexar,48
09Y,27037,Dakota,27
0AA6,02100,Haines,02
0AA7,02122,Kenai Peninsula,02
0AK0,02090,Fairbanks North Star,02
0AK1,02170,Matanuska-Susitna,02
0AK2,02170,Matanuska-Susitna,02
0AK3,02170,Matanuska-Susitna,02
0AK5,02261,Valdez-Cordova,02
0AK6,02170,Matanuska-Susitna,02
0AK7,02122,Kenai Peninsula,02
0AK9,02170,Matanuska-Susitna,02
0AL0,01089,Madison,01
0AL1,01003,Baldwin,01
0AL2,01027,Clay,01
0AL3,01035,Conecuh,01
0AL4,01049,DeKalb,01
0AL5,01053,Escambia,01
0AL6,01053,Escambia,01
0AL7,01055,Etowah,01
0AL8,01073,Jefferson,01
0AL9,01077,Lauderdale,01
0AR0,05143,Washington,05
0AR2,05035,Crittenden,05
0AR4,05007,Benton,05
0AR5,05031,Craighead,05
0AR6,05051,Garland,05
0AR8,05061,Howard,05
0AR9,05015,Carroll,05
0AZ0,04013,Maricopa,04
0AZ2,04012,La Paz,04
0AZ4,04013,Maricopa,04
0AZ5,04013,Maricopa,04
0AZ6,04013,Maricopa,04
0B2,23019,Penobscot,23
0B7,50023,Washington,50
0C1,29165,Platte,29
0C2,17037,DeKalb,17
0C5,26107,Mecosta,26
IL22,17099,LaSalle,17
0C8,17099,LaSalle,17
0C9,34019,Hunterdon,34
0CA2,06037,Los Angeles,06
0CA3,06083,Santa Barbara,06
0CA4,06083,Santa Barbara,06
0CA5,06073,San Diego,06
0CA6,06025,Imperial,06
0CA9,06079,San Luis Obispo,06
0CD0,08029,Delta,08
0CD1,08087,Morgan,08
0CD2,08041,El Paso,08
0CD4,08123,Weld,08
0CD5,08071,Las Animas,08
0CD6,08013,Boulder,08
0CD7,08013,Boulder,08
0CD8,08099,Prowers,08
0CD9,08059,Jefferson,08
0CL0,06039,Madera,06
0CL1,06071,San Bernardino,06
0CL3,06073,San Diego,06
0CL4,06037,Los Angeles,06
0CL5,06059,Orange,06
0CL6,06037,Los Angeles,06
0CL7,06037,Los Angeles,06
0CL8,06029,Kern,06
0CL9,06065,Riverside,06
0CN1,06047,Merced,06
0CN2,06101,Sutter,06
0CO0,08013,Boulder,08
0CO1,08013,Boulder,08
0CO2,08051,Gunnison,08
0CO4,08069,Larimer,08
0CO6,08085,Montrose,08
0CO7,08069,Larimer,08
0CO8,08123,Weld,08
0CO9,08003,Alamosa,08
0CT0,09005,Litchfield,09
0CT1,09009,New Haven,09
0CT2,09015,Windham,09
0CT3,09003,Hartford,09
0CT4,09009,New Haven,09
0CT5,09003,Hartford,09
0CT6,09007,Middlesex,09
0CT7,09001,Fairfield,09
0CT8,09001,Fairfield,09
0CT9,09003,Hartford,09
0D7,39065,Hardin,39
MI30,26009,Antrim,26
0E9,19185,Wayne,19
0FA0,12086,Miami-Dade,12
0FA1,12027,DeSoto,12
0FA2,12123,Taylor,12
60FA,12043,Glades,12
0FA5,12095,Orange,12
0FA6,12021,Collier,12
0FD0,12035,Flagler,12
0FD1,12005,Bay,12
0FD2,12086,Miami-Dade,12
0FD3,12131,Walton,12
0FD5,12131,Walton,12
0FD6,12009,Brevard,12
0FD9,12131,Walton,12
0FL0,12051,Hendry,12
0FL1,12057,Hillsborough,12
0FL2,12127,Volusia,12
0FL3,12029,Dixie,12
27FA,12057,Hillsborough,12
0FL7,12095,Orange,12
0FL8,12031,Duval,12
0FL9,12051,Hendry,12
0G0,36063,Niagara,36
0G5,27031,Cook,27
0GA0,13063,Clayton,13
0GA1,45007,Anderson,45
0GA2,13147,Hart,13
0GA3,13143,Haralson,13
0GA5,13227,Pickens,13
0GA6,13297,Walton,13
0GA8,13027,Brooks,13
0GA9,13079,Crawford,13
0GE0,13097,Douglas,13
0GE1,13155,Irwin,13
0GE3,13083,Dade,13
0GE4,13255,Spalding,13
0GE5,13311,White,13
0GE7,13073,Columbia,13
0GE9,13251,Screven,13
0H7,29045,Clark,29
0I2,18021,Clay,18
0IA,18085,Kosciusko,18
0IA0,19125,Marion,19
0IA1,19027,Carroll,19
0IA2,19009,Audubon,19
0IA4,19057,Des Moines,19
0IA5,19185,Wayne,19
0IA7,19175,Union,19
0IA8,19113,Linn,19
0IA9,19057,Des Moines,19
0ID0,16039,Elmore,16
0ID1,16083,Twin Falls,16
0ID2,16037,Custer,16
0ID3,16039,Elmore,16
0ID4,16063,Lincoln,16
0ID5,16073,Owyhee,16
67ID,16059,Lemhi,16
0ID7,16073,Owyhee,16
0ID8,16049,Idaho,16
0ID9,16057,Latah,16
0II0,18035,Delaware,18
0II2,18099,Marshall,18
0II5,18181,White,18
0II7,18059,Hancock,18
0II8,18089,Lake,18
0II9,18109,Morgan,18
0IL0,17065,Hamilton,17
0IL1,17031,Cook,17
0IL2,17121,Marion,17
0IL4,17043,DuPage,17
0IL5,17073,Henry,17
0IL6,17037,DeKalb,17
0IL7,17139,Moultrie,17
0IL9,17037,DeKalb,17
0IN1,18083,Knox,18
0IN2,18179,Wells,18
0IN4,18003,Allen,18
0IN5,18061,Harrison,18
0IN9,18129,Posey,18
0IS0,17161,Rock Island,17
0IS2,17031,Cook,17
0IS3,17195,Whiteside,17
0IS6,17181,Union,17
0IS8,17001,Adams,17
0IS9,17103,Lee,17
0J0,01067,Henry,01
0J8,12001,Alachua,12
0JY9,21069,Fleming,21
0K6,40131,Rogers,40
0KS0,20139,Osage,20
0KS4,20045,Douglas,20
0KS5,20009,Barton,20
0KS7,20095,Kingman,20
0KS8,20099,Labette,20
0KS9,20015,Butler,20
0KY0,21187,Owen,21
0KY1,21213,Simpson,21
0KY4,21149,McLean,21
0KY5,21227,Warren,21
0KY7,21105,Hickman,21
0L4,32009,Esmeralda,32
1A8,32009,Esmeralda,32
0L6,22127,Winn,22
0LA0,22023,Cameron,22
0LA1,22005,Ascension,22
0LA3,22017,Caddo,22
0LA4,22017,Caddo,22
0LA5,22051,Jefferson,22
0LA7,22051,Jefferson,22
0LA8,22049,Jackson,22
0LA9,22063,Livingston,22
0LL0,17007,Boone,17
0LL1,17083,Jersey,17
0LL2,17095,Knox,17
0LL3,17083,Jersey,17
0LL4,17099,LaSalle,17
0LL5,17019,Champaign,17
0LL6,17037,DeKalb,17
0LL7,17037,DeKalb,17
0LS0,22057,Lafourche,22
0LS3,22075,Plaquemines,22
0LS5,22055,Lafayette,22
0LS6,22097,St. Landry,22
0LS7,22077,Pointe Coupee,22
0LS8,22053,Jefferson Davis,22
0LS9,22073,Ouachita,22
0MA1,25025,Suffolk,25
0MA2,25027,Worcester,25
0MA3,25005,Bristol,25
0MA4,25025,Suffolk,25
0MA5,25023,Plymouth,25
0MA6,25017,Middlesex,25
0MA9,25027,Worcester,25
0MD0,24003,Anne Arundel,24
0MD1,24035,Queen Anne's,24
0MD2,24017,Charles,24
0MD4,24029,Kent,24
0MD6,24013,Carroll,24
0MD7,24035,Queen Anne's,24
0MD8,24005,Baltimore,24
0MD9,24009,Calvert,24
0ME4,23009,Hancock,23
0ME7,23005,Cumberland,23
5M6,26051,Gladwin,26
0MI3,26039,Crawford,26
0MI4,26103,Marquette,26
0MI6,26033,Chippewa,26
0MI7,26115,Monroe,26
MI55,26119,Montmorency,26
0MI9,26163,Wayne,26
0MN0,27163,Washington,27
0MN2,27115,Pine,27
0MN3,27035,Crow Wing,27
0MN4,27035,Crow Wing,27
0MN7,27137,St. Louis,27
0MN8,27173,Yellow Medicine,27
0MO0,29083,Henry,29
0MO1,29037,Cass,29
0MO2,29221,Washington,29
0MO4,29095,Jackson,29
0MO5,29103,Knox,29
0MO7,29183,St. Charles,29
0MO8,29113,Lincoln,29
0MS0,28075,Lauderdale,28
0MS2,28067,Jones,28
0MS3,28071,Lafayette,28
0MS4,28047,Harrison,28
0MS8,05041,Desha,05
0MS9,28017,Chickasaw,28
0MT1,30049,Lewis and Clark,30
0MT2,30015,Chouteau,30
0MT3,30081,Ravalli,30
0MT4,30081,Ravalli,30
0MT5,30111,Yellowstone,30
0MT6,30029,Flathead,30
0MT7,30089,Sanders,30
0MT8,30029,Flathead,30
0MT9,30029,Flathead,30
0MU0,29179,Reynolds,29
0MU1,29097,Jasper,29
0MU2,29189,St. Louis,29
33MO,29127,Marion,29
0MU4,29041,Chariton,29
0MU5,29101,Johnson,29
0MU6,29107,Lafayette,29
0MU7,29095,Jackson,29
0MU8,29031,Cape Girardeau,29
0MU9,29077,Greene,29
0MY0,27049,Goodhue,27
0MY1,30031,Gallatin,30
0N0,29047,Clay,29
0N4,10001,Kent,10
0N5,10001,Kent,10
28DE,10001,Kent,10
0NA1,38077,Richland,38
0NA5,38005,Benson,38
0NA9,38033,Golden Valley,38
0NC0,37191,Wayne,37
0NC2,37125,Moore,37
0NC3,37187,Washington,37
0NC4,37183,Wake,37
0NC5,37065,Edgecombe,37
0NC6,37083,Halifax,37
0NC7,37157,Rockingham,37
0NC8,37159,Rowan,37
0NC9,37181,Vance,37
0ND0,38005,Benson,38
0ND6,38029,Emmons,38
0ND7,38029,Emmons,38
0NE0,31075,Grant,31
0NE1,31031,Cherry,31
0NE3,31131,Otoe,31
0NE4,31061,Franklin,31
0NE6,31035,Clay,31
0NH3,33013,Merrimack,33
0NH7,33017,Strafford,33
0NJ0,34001,Atlantic,34
0NJ1,34029,Ocean,34
0NJ2,34027,Morris,34
0NJ3,34005,Burlington,34
0NJ4,34027,Morris,34
0NJ5,34027,Morris,34
0NJ6,34001,Atlantic,34
0NJ7,34013,Essex,34
0NJ8,34013,Essex,34
0NJ9,34023,Middlesex,34
0NK0,36009,Cattaraugus,36
0NK1,36075,Oswego,36
0NK2,36091,Saratoga,36
0NK3,36051,Livingston,36
0NK4,36059,Nassau,36
NY92,36023,Cortland,36
0NK7,36119,Westchester,36
0NM0,35029,Luna,35
0NM7,35003,Catron,35
0NV1,32003,Clark,32
0NY0,36113,Warren,36
0NY1,36091,Saratoga,36
0NY2,36087,Rockland,36
0NY3,36043,Herkimer,36
0NY4,36111,Ulster,36
0NY6,36011,Cayuga,36
0NY7,36035,Fulton,36
0NY8,36035,Fulton,36
0O0,06047,Merced,06
0O4,06103,Tehama,06
0O9,06015,Del Norte,06
0OA2,39103,Medina,39
0OH1,39055,Geauga,39
0OH3,39061,Hamilton,39
0OH4,39109,Miami,39
0OH6,39057,Greene,39
0OH8,39109,Miami,39
0OI0,39151,Stark,39
0OI2,39071,Highland,39
0OI3,39043,Erie,39
0OI6,39007,Ashtabula,39
0OI9,39145,Scioto,39
0OK1,40049,Garvin,40
0OK3,40011,Blaine,40
0OK4,40029,Coal,40
0OK5,40083,Logan,40
0OK6,40083,Logan,40
0OK7,40045,Ellis,40
0OR0,41029,Jackson,41
0OR2,41033,Josephine,41
0OR3,41035,Klamath,41
0OR4,41031,Jefferson,41
0OR6,41045,Malheur,41
0OR7,41053,Polk,41
0OR8,41029,Jackson,41
0OR9,41027,Hood River,41
0P1,20147,Phillips,20
0P2,42133,York,42
3PA2,42017,Bucks,42
0PA1,42091,Montgomery,42
0PA2,42099,Perry,42
0PA3,42015,Bradford,42
0PA4,42043,Dauphin,42
0PA5,42121,Venango,42
0PA6,42061,Huntingdon,42
0PA8,42069,Lackawanna,42
0PA9,42017,Bucks,42
0PN0,42085,Mercer,42
0PN1,42005,Armstrong,42
0PN2,42019,Butler,42
0PN3,42091,Montgomery,42
0PN4,42099,Perry,42
0PN5,42123,Warren,42
0PN6,42061,Huntingdon,42
0PN7,42055,Franklin,42
0PN8,42121,Venango,42
0PS0,42031,Clarion,42
0PS3,42043,Dauphin,42
0PS4,42033,Clearfield,42
0PS5,42095,Northampton,42
0PS6,42133,York,42
0PS7,42043,Dauphin,42
0PS8,42049,Erie,42
0PS9,42017,Bucks,42
0Q3,06097,Sonoma,06
0Q4,06019,Fresno,06
0Q9,06097,Sonoma,06
0R2,29015,Benton,29
0R7,22081,Red River,22
0S1,30029,Flathead,30
0S5,16061,Lewis,16
0SD0,46041,Dewey,46
0SD1,46027,Clay,46
0SD2,46029,Codington,46
0SD3,46063,Harding,46
0SD4,46011,Brookings,46
0SD5,46033,Custer,46
0SD7,46071,Jackson,46
0SD8,46085,Lyman,46
0SD9,46033,Custer,46
0TA0,48167,Galveston,48
0TA2,48189,Hale,48
0TA4,48257,Kaufman,48
0TA5,48201,Harris,48
0TA7,48377,Presidio,48
0TA9,48167,Galveston,48
0TE0,48465,Val Verde,48
0TE1,48355,Nueces,48
0TE2,48439,Tarrant,48
0TE4,48289,Leon,48
0TE5,48479,Webb,48
0TE6,48093,Comanche,48
0TE7,48171,Gillespie,48
0TN0,47119,Maury,47
0TN1,47051,Franklin,47
0TN2,47105,Loudon,47
0TN3,47093,Knox,47
0TN4,47093,Knox,47
0TN5,47149,Rutherford,47
0TN6,47001,Anderson,47
0TN7,47093,Knox,47
0TN8,47065,Hamilton,47
0TN9,47093,Knox,47
0TS1,48121,Denton,48
0TS4,48149,Fayette,48
0TS5,48407,San Jacinto,48
0TS6,48201,Harris,48
0TS7,48363,Palo Pinto,48
0TS8,48215,Hidalgo,48
0TX0,48221,Hood,48
0TX1,48221,Hood,48
0TX2,48439,Tarrant,48
0TX3,48365,Panola,48
0TX4,48113,Dallas,48
0TX5,48121,Denton,48
0TX6,48187,Guadalupe,48
0TX9,48231,Hunt,48
0U0,16085,Valley,16
0U1,16015,Boise,16
0U2,16037,Custer,16
0U3,16085,Valley,16
0U7,16013,Blaine,16
0U8,16059,Lemhi,16
0U9,16087,Washington,16
0VA1,51019,Bedford,51
0VA2,51005,Alleghany,51
0VA3,51101,King William,51
0VA4,51067,Franklin,51
0VA6,51760,Richmond,51
0VA7,51145,Powhatan,51
0VA8,51007,Amelia,51
0VA9,51073,Gloucester,51
0VI1,51101,King William,51
0W0,53033,King,53
0W7,53073,Whatcom,53
0WA0,53061,Snohomish,53
0WA1,53041,Lewis,53
0WA2,53041,Lewis,53
0WA4,53017,Douglas,53
0WA5,53057,Skagit,53
0WA6,53061,Snohomish,53
0WA7,53063,Spokane,53
0WA8,53033,King,53
0WA9,53061,Snohomish,53
0WI0,55079,Milwaukee,55
0WI1,55005,Barron,55
0WI2,55131,Washington,55
0WI3,55127,Walworth,55
0WI4,55077,Marquette,55
0WI7,55139,Winnebago,55
0WI8,55133,Waukesha,55
0WI9,55025,Dane,55
0WN0,53009,Clallam,53
0WN1,53077,Yakima,53
0WN2,53005,Benton,53
0WN4,53067,Thurston,53
0WN5,55101,Racine,55
0WN7,53033,King,53
0WN8,16009,Benewah,16
0WS7,55025,Dane,55
0WY0,56023,Lincoln,56
0WY1,56003,Big Horn,56
0XA1,48435,Sutton,48
0XA2,48323,Maverick,48
0XA3,48039,Brazoria,48
0XA4,48479,Webb,48
0XA5,48013,Atascosa,48
0XA6,48303,Lubbock,48
0XA7,48491,Williamson,48
0XA9,48439,Tarrant,48
0XS0,48127,Dimmit,48
0XS1,48481,Wharton,48
0XS2,48435,Sutton,48
0XS3,48321,Matagorda,48
0XS4,48085,Collin,48
0XS6,48053,Burnet,48
0XS7,48271,Kinney,48
0XS8,48323,Maverick,48
0XS9,48073,Cherokee,48
0Y6,19189,Winnebago,19
AA15,02070,Dillingham,02
10AK,02170,Matanuska-Susitna,02
10AL,01071,Jackson,01
10AN,02240,Southeast Fairbanks,02
10AZ,04013,Maricopa,04
10CN,06055,Napa,06
10CT,09001,Fairfield,09
10D,27085,McLeod,27
10TT,48503,Young,48
10FA,12069,Lake,12
10FD,12017,Citrus,12
10FL,12087,Monroe,12
10GA,13255,Spalding,13
10IA,19013,Black Hawk,19
10ID,16013,Blaine,16
10II,18073,Jasper,18
10IL,17091,Kankakee,17
10KS,20209,Wyandotte,20
10LA,22055,Lafayette,22
10MA,25015,Hampshire,25
10ME,23019,Penobscot,23
10MI,26145,Saginaw,26
10MT,30033,Garfield,30
10MU,29145,Newton,29
10NC,37131,Northampton,37
10ND,38025,Dunn,38
10NH,33015,Rockingham,33
10NK,36113,Warren,36
10NR,37179,Union,37
10OK,40027,Cleveland,40
10PA,42045,Delaware,42
10PN,42045,Delaware,42
10SC,45045,Greenville,45
10SD,46071,Jackson,46
10TA,48201,Harris,48
10TN,47189,Wilson,47
10TX,48355,Nueces,48
10UT,49053,Washington,49
10VA,51011,Appomattox,51
10VG,51740,Portsmouth,51
10WI,55083,Oconto,55
10WY,56025,Natrona,56
10XA,48057,Calhoun,48
10XS,48049,Brown,48
11AK,02240,Southeast Fairbanks,02
11AL,01045,Dale,01
11AR,05051,Garland,05
11AZ,04003,Cochise,04
11CA,06019,Fresno,06
11CL,06071,San Bernardino,06
11CN,06089,Shasta,06
11CO,08049,Grand,08
11FD,12091,Okaloosa,12
11FL,12019,Clay,12
11GE,13117,Forsyth,13
11IA,19013,Black Hawk,19
HBE,18005,Bartholomew,18
11IL,17091,Kankakee,17
11IN,18063,Hendricks,18
11IS,17049,Effingham,17
11KY,21111,Jefferson,21
11LA,22075,Plaquemines,22
11LL,17113,McLean,17
11LS,22079,Rapides,22
11MA,25023,Plymouth,25
11MD,24045,Wicomico,24
11MO,29139,Montgomery,29
11MT,30107,Wheatland,30
11MU,29153,Ozark,29
11N,09005,Litchfield,09
11NC,37069,Franklin,37
11NJ,34035,Somerset,34
11NK,36057,Montgomery,36
11NR,37019,Brunswick,37
11OA,39073,Hocking,39
11OG,41001,Baker,41
11OH,39047,Fayette,39
11PN,42121,Venango,42
11S,53009,Clallam,53
11TE,48251,Johnson,48
11TS,48293,Limestone,48
11TX,48181,Grayson,48
11UT,49057,Weber,49
11VA,51550,Chesapeake,51
11VG,51193,Westmoreland,51
11WA,53063,Spokane,53
11WN,55021,Columbia,55
11XS,48201,Harris,48
11Y,55015,Calumet,55
12A,05045,Faulkner,05
12AL,01045,Dale,01
12AR,05107,Phillips,05
12AZ,04013,Maricopa,04
12CA,06077,San Joaquin,06
12CL,06031,Kings,06
12CN,06011,Colusa,06
12CO,08029,Delta,08
12FD,12097,Osceola,12
12FL,12095,Orange,12
12GA,13135,Gwinnett,13
12GE,13179,Liberty,13
12I,18047,Franklin,18
12IA,19149,Plymouth,19
12ID,16085,Valley,16
12II,18177,Wayne,18
12IL,17091,Kankakee,17
12IN,18163,Vanderburgh,18
12IS,17131,Mercer,17
12JY,34019,Hunterdon,34
12KS,20079,Harvey,20
12KY,21103,Henry,21
12LA,22019,Calcasieu,22
12LS,22001,Acadia,22
12MA,25017,Middlesex,25
12MD,24510,Baltimore,24
12ME,23027,Waldo,23
12MI,26049,Genesee,26
12MT,30041,Hill,30
12NC,37031,Carteret,37
12ND,38101,Ward,38
12NE,31157,Scotts Bluff,31
12NH,33001,Belknap,33
12NK,36031,Essex,36
12NR,37019,Brunswick,37
12OA,39039,Defiance,39
12OH,39113,Montgomery,39
12OR,41045,Malheur,41
12PA,42001,Adams,42
12PN,42091,Montgomery,42
12PS,42029,Chester,42
12S,41023,Grant,41
12SC,45055,Kershaw,45
12T,48139,Ellis,48
12TE,48379,Rains,48
12TN,47145,Roane,47
12TS,48367,Parker,48
12TT,48097,Cooke,48
12TX,48053,Burnet,48
12VA,51005,Alleghany,51
12WA,53063,Spokane,53
12WI,55119,Taylor,55
12WV,54043,Lincoln,54
12WY,56003,Big Horn,56
12XA,48135,Ector,48
12XS,05085,Lonoke,05
13AK,02170,Matanuska-Susitna,02
13AL,01045,Dale,01
13AR,05069,Jefferson,05
13AZ,04013,Maricopa,04
13CA,06071,San Bernardino,06
13CL,06095,Solano,06
13CO,08107,Routt,08
13D,26093,Livingston,26
13FA,12109,St. Johns,12
13FL,12101,Pasco,12
13GA,13321,Worth,13
13GE,13107,Emanuel,13
13IA,19097,Jackson,19
13ID,16037,Custer,16
13II,18003,Allen,18
13IL,17085,Jo Daviess,17
13IN,18001,Adams,18
13JY,34039,Union,34
13KS,20015,Butler,20
13KY,21059,Daviess,21
13LA,22023,Cameron,22
13LL,17031,Cook,17
13M,26093,Livingston,26
13ME,23025,Somerset,23
13MI,26027,Cass,26
13MO,29065,Dent,29
13MS,28109,Pearl River,28
13MT,30041,Hill,30
13NC,37103,Jones,37
13NE,31087,Hitchcock,31
13NH,33001,Belknap,33
13NJ,34023,Middlesex,34
13NK,36027,Dutchess,36
13NM,35003,Catron,35
13NR,37169,Stokes,37
13NY,36103,Suffolk,36
13OI,39157,Tuscarawas,39
13OK,40121,Pittsburg,40
13OR,41039,Lane,41
13PA,42123,Warren,42
13PN,42017,Bucks,42
13PS,42095,Northampton,42
13Q,35003,Catron,35
13S,02170,Matanuska-Susitna,02
13TE,48041,Brazos,48
13TN,47123,Monroe,47
13TS,48479,Webb,48
13VA,51059,Fairfax,51
13VG,51161,Roanoke,51
13W,53029,Island,53
13WI,55047,Green Lake,55
13XA,48035,Bosque,48
13XS,48397,Rockwall,48
13Y,27071,Koochiching,27
13Z,02130,Ketchikan Gateway,02
14AK,02170,Matanuska-Susitna,02
14AL,01061,Geneva,01
14AN,02122,Kenai Peninsula,02
14AZ,04019,Pima,04
14CA,06059,Orange,06
14CL,06037,Los Angeles,06
14CT,09011,New London,09
14GA,13139,Hall,13
14GE,13083,Dade,13
14IA,19109,Kossuth,19
14ID,16001,Ada,16
14IS,17145,Perry,17
14KS,20107,Linn,20
14KY,21067,Fayette,21
14L,06037,Los Angeles,06
14LL,17031,Cook,17
14LS,22033,East Baton Rouge,22
14MN,27001,Aitkin,27
14MS,28101,Newton,28
14N,42025,Carbon,42
14NC,37133,Onslow,37
14ND,38001,Adams,38
14NH,33005,Cheshire,33
14NJ,34009,Cape May,34
14NK,36115,Washington,36
14NR,37135,Orange,37
14NY,36103,Suffolk,36
14OH,39065,Hardin,39
14OI,39169,Wayne,39
USW,54087,Roane,54
14PA,42011,Berks,42
14PS,42071,Lancaster,42
14S,53027,Grays Harbor,53
14SC,45077,Pickens,45
14SN,20177,Shawnee,20
14TE,48319,Mason,48
14TN,47157,Shelby,47
14TS,48131,Duval,48
14TT,48211,Hemphill,48
14TX,48209,Hays,48
14UT,49049,Utah,49
14VA,51107,Loudoun,51
14VG,51147,Prince Edward,51
14VT,50019,Orleans,50
14WA,53067,Thurston,53
14WI,55109,St. Croix,55
14WS,55129,Washburn,55
14WV,54075,Pocahontas,54
14XA,48181,Grayson,48
14XS,48331,Milam,48
15A,01097,Mobile,01
15AK,02068,Denali,02
15AL,01061,Geneva,01
15AR,05077,Lee,05
15CA,06085,Santa Clara,06
15CO,08005,Arapahoe,08
15FA,12093,Okeechobee,12
15FL,12023,Columbia,12
15G,39103,Medina,39
15GA,13107,Emanuel,13
15IA,19097,Jackson,19
15ID,16055,Kootenai,16
15II,18157,Tippecanoe,18
15IL,17103,Lee,17
15IN,18129,Posey,18
15KS,20111,Lyon,20
15KT,21051,Clay,21
15KY,21017,Bourbon,21
15LL,17011,Bureau,17
15LS,22045,Iberia,22
15MA,25007,Dukes,25
15ME,23005,Cumberland,23
15MI,26099,Macomb,26
15MN,27093,Meeker,27
5MO,29197,Schuyler,29
15MT,30105,Valley,30
15N,10001,Kent,10
15NC,37015,Bertie,37
15NE,31061,Franklin,31
15NH,33011,Hillsborough,33
15NJ,34025,Monmouth,34
15NR,37007,Anson,37
15NY,36081,Queens,36
15OH,39157,Tuscarawas,39
15OI,39043,Erie,39
15OR,41007,Clatsop,41
15PN,42011,Berks,42
15PS,42029,Chester,42
15TA,48053,Burnet,48
15TE,48245,Jefferson,48
15TN,47163,Sullivan,47
15TS,48085,Collin,48
15TT,48085,Collin,48
15VA,51061,Fauquier,51
15W,26037,Clinton,26
15WA,53061,Snohomish,53
15WI,55025,Dane,55
15XS,48039,Brazoria,48
16A,02050,Bethel,02
16AK,02170,Matanuska-Susitna,02
16AL,01045,Dale,01
16AR,05029,Conway,05
16AZ,04025,Yavapai,04
16CA,06075,San Francisco,06
16CL,06009,Calaveras,06
16CO,08045,Garfield,08
16DE,10003,New Castle,10
16FA,12021,Collier,12
16FD,12107,Putnam,12
16FL,12113,Santa Rosa,12
16GA,13067,Cobb,13
16IA,19027,Carroll,19
16ID,16007,Bear Lake,16
16IL,17037,DeKalb,17
16IN,18163,Vanderburgh,18
16IS,17087,Johnson,17
16K,02198,Prince of Wales-Hyder,02
16KS,20125,Montgomery,20
16LA,22099,St. Martin,22
16LL,17111,McHenry,17
16MA,25009,Essex,25
16MD,24015,Cecil,24
16ME,23003,Aroostook,23
16MI,26049,Genesee,26
16MO,29071,Franklin,29
16MS,28141,Tishomingo,28
16MT,30009,Carbon,30
16NC,37041,Chowan,37
16ND,38015,Burleigh,38
16NE,31109,Lancaster,31
16NH,33001,Belknap,33
16NJ,34029,Ocean,34
16NK,36025,Delaware,36
16OI,39037,Darke,39
16PA,42125,Washington,42
16PN,42003,Allegheny,42
16S,41019,Douglas,41
16SC,45083,Spartanburg,45
16SD,46079,Lake,46
16TA,48389,Reeves,48
16TE,48499,Wood,48
16TN,47103,Lincoln,47
16TS,48423,Smith,48
16TT,48289,Leon,48
16UT,49003,Box Elder,49
16W,53075,Whitman,53
16WA,53063,Spokane,53
16WI,55125,Vilas,55
16X,48121,Denton,48
16XA,48181,Grayson,48
16XS,48339,Montgomery,48
16Z,02290,Yukon-Koyukuk,02
17AK,02130,Ketchikan Gateway,02
17AL,01045,Dale,01
17AR,05119,Pulaski,05
17CL,06087,Santa Cruz,06
17CO,08123,Weld,08
17FA,12051,Hendry,12
17FL,12083,Marion,12
17GA,13077,Coweta,13
17GE,13113,Fayette,13
17ID,16087,Washington,16
17II,18141,St. Joseph,18
17IN,18029,Dearborn,18
17KY,21149,McLean,21
17LS,22097,St. Landry,22
17MA,25027,Worcester,25
17MD,24510,Baltimore,24
17ME,23003,Aroostook,23
17MI,26163,Wayne,26
MN61,27001,Aitkin,27
17MO,29139,Montgomery,29
17MS,28149,Warren,28
17MT,30029,Flathead,30
17MU,29049,Clinton,29
17NC,37017,Bladen,37
17NE,31095,Jefferson,31
17NH,33015,Rockingham,33
17NJ,34023,Middlesex,34
17NK,36097,Schuyler,36
17NR,37017,Bladen,37
17OG,41039,Lane,41
17OH,39093,Lorain,39
17OI,39141,Ross,39
17OR,41019,Douglas,41
17PA,42017,Bucks,42
17PN,42089,Monroe,42
17PS,42053,Forest,42
17S,41071,Yamhill,41
17SC,45059,Laurens,45
17SD,46039,Deuel,46
17TA,48439,Tarrant,48
17TE,48265,Kerr,48
17TN,47179,Washington,47
17TS,48043,Brewster,48
17TT,48201,Harris,48
17TX,48143,Erath,48
17WA,53061,Snohomish,53
17WI,55055,Jefferson,55
17WT,53043,Lincoln,53
17XS,48143,Erath,48
18AA,02100,Haines,02
18AK,02110,Juneau,02
18AL,01005,Barbour,01
18AR,05015,Carroll,05
18AZ,04013,Maricopa,04
18CA,06079,San Luis Obispo,06
18CL,06101,Sutter,06
18CO,08103,Rio Blanco,08
18FD,12091,Okaloosa,12
18FL,12017,Citrus,12
18GA,13297,Walton,13
18GE,13279,Toombs,13
18HI,15009,Maui,15
18ID,16039,Elmore,16
18II,18057,Hamilton,18
18IL,17031,Cook,17
18JY,53069,Wahkiakum,53
18K,20119,Meade,20
18KS,20035,Cowley,20
18KY,21157,Marshall,21
18LA,22079,Rapides,22
18LS,22113,Vermilion,22
18MA,25009,Essex,25
18MD,24031,Montgomery,24
18ME,23015,Lincoln,23
18MN,27097,Morrison,27
18MO,29043,Christian,29
18MS,28049,Hinds,28
18MT,30001,Beaverhead,30
18NC,37027,Caldwell,37
18ND,38015,Burleigh,38
18NE,31059,Fillmore,31
18NH,33011,Hillsborough,33
18NJ,34025,Monmouth,34
18NR,37079,Greene,37
18NY,36111,Ulster,36
18OH,39093,Lorain,39
18OI,39143,Sandusky,39
18OK,40031,Comanche,40
18OR,41071,Yamhill,41
18PA,42017,Bucks,42
18PN,42055,Franklin,42
18SD,46059,Hand,46
18TA,48265,Kerr,48
18TE,48459,Upshur,48
18TN,47153,Sequatchie,47
18TX,48231,Hunt,48
18VA,51143,Pittsylvania,51
18VT,50027,Windsor,50
18WA,53021,Franklin,53
18WV,54077,Preston,54
18XA,48175,Goliad,48
18XS,48125,Dickens,48
18Y,27095,Mille Lacs,27
19AK,02282,Yakutat,02
19AL,01045,Dale,01
19AR,05045,Faulkner,05
19AZ,04025,Yavapai,04
19CO,08041,El Paso,08
19FD,12097,Osceola,12
19FL,12083,Marion,12
19GA,13113,Fayette,13
19IA,19057,Des Moines,19
19ID,16049,Idaho,16
19II,18065,Henry,18
19IS,17191,Wayne,17
19KS,20133,Neosho,20
19KY,21081,Grant,21
19LL,17091,Kankakee,17
19LS,22117,Washington,22
19MA,25019,Nantucket,25
19MI,26107,Mecosta,26
19MN,27171,Wright,27
19MT,30027,Fergus,30
19NC,37127,Nash,37
19NE,31087,Hitchcock,31
19NH,33011,Hillsborough,33
19NK,36075,Oswego,36
19NR,37139,Pasquotank,37
19NY,36003,Allegany,36
19OI,39081,Jefferson,39
19OR,41065,Wasco,41
19P,02198,Prince of Wales-Hyder,02
19PA,42037,Columbia,42
19SC,45059,Laurens,45
19T,29029,Camden,29
19TA,48397,Rockwall,48
19TN,47125,Montgomery,47
19VA,51167,Russell,51
19VT,50027,Windsor,50
19WA,53059,Skamania,53
19XA,48113,Dallas,48
19XS,48251,Johnson,48
1A1,36021,Columbia,36
1A2,38017,Cass,38
18NV,32031,Washoe,32
1AK0,02198,Prince of Wales-Hyder,02
1AK1,02290,Yukon-Koyukuk,02
1AK2,02261,Valdez-Cordova,02
1AK4,02122,Kenai Peninsula,02
1AK5,02122,Kenai Peninsula,02
1AK6,02170,Matanuska-Susitna,02
1AK7,02261,Valdez-Cordova,02
1AK8,02170,Matanuska-Susitna,02
1AL0,01095,Marshall,01
1AL1,01103,Morgan,01
1AL2,01117,Shelby,01
1AL4,01003,Baldwin,01
1AL5,01003,Baldwin,01
1AL6,01099,Monroe,01
1AL7,01101,Montgomery,01
1AL8,01115,St. Clair,01
1AR0,05067,Jackson,05
1AR1,05085,Lonoke,05
1AR2,05117,Prairie,05
1AR5,05007,Benton,05
1AR6,05023,Cleburne,05
1AR7,05057,Hempstead,05
1AR9,05085,Lonoke,05
1AZ0,04013,Maricopa,04
1AZ1,04013,Maricopa,04
1AZ2,04025,Yavapai,04
1AZ3,04009,Graham,04
1AZ4,04013,Maricopa,04
1AZ6,04003,Cochise,04
1AZ7,04013,Maricopa,04
1AZ8,04015,Mohave,04
1B5,33009,Grafton,33
1B8,36115,Washington,36
1C3,36115,Washington,36
1C4,24015,Cecil,24
1C8,17201,Winnebago,17
1C9,06069,San Benito,06
1CA0,06111,Ventura,06
1CA3,06059,Orange,06
1CA5,06037,Los Angeles,06
1CA6,06073,San Diego,06
1CA7,06059,Orange,06
1CA9,06037,Los Angeles,06
1CD0,08123,Weld,08
1CD1,08123,Weld,08
1CD2,08123,Weld,08
1CD4,08107,Routt,08
1CD5,08105,Rio Grande,08
1CL0,06037,Los Angeles,06
1CL1,06037,Los Angeles,06
1CL2,06029,Kern,06
1CL4,06059,Orange,06
1CL5,06073,San Diego,06
1CL6,06067,Sacramento,06
1CL8,06083,Santa Barbara,06
1CL9,06037,Los Angeles,06
1CN6,06037,Los Angeles,06
1CO0,08005,Arapahoe,08
1CO1,08059,Jefferson,08
1CO2,08085,Montrose,08
1CO3,08123,Weld,08
1CO4,08085,Montrose,08
1CO5,08089,Otero,08
1CO6,08077,Mesa,08
1CO7,08015,Chaffee,08
1CO8,08039,Elbert,08
1CO9,08083,Montezuma,08
1CT2,09009,New Haven,09
1CT3,09009,New Haven,09
1D2,26163,Wayne,26
1D4,39153,Summit,39
1D5,36053,Madison,36
1D6,27129,Renville,27
1DE4,10003,New Castle,10
1DE5,10003,New Castle,10
1DS,45075,Orangeburg,45
1E2,48043,Brewster,48
1E4,48381,Randall,48
2NR2,37017,Bladen,37
1E7,48381,Randall,48
1E8,36089,St. Lawrence,36
1F2,36091,Saratoga,36
1F7,48257,Kaufman,48
1FA1,12017,Citrus,12
1FA3,12071,Lee,12
1FA5,12086,Miami-Dade,12
1FA6,12057,Hillsborough,12
1FA7,12053,Hernando,12
1FA8,12095,Orange,12
1FA9,12105,Polk,12
1FD1,12081,Manatee,12
1FD3,12099,Palm Beach,12
1FD4,12071,Lee,12
1FD6,12001,Alachua,12
1FD7,12099,Palm Beach,12
1FD8,12035,Flagler,12
1FD9,12105,Polk,12
1FL0,12105,Polk,12
1FL1,12097,Osceola,12
1FL2,12023,Columbia,12
1FL3,12023,Columbia,12
1FL5,12005,Bay,12
1FL6,12083,Marion,12
1FL7,12105,Polk,12
1FL8,12009,Brevard,12
1FL9,12051,Hendry,12
1G6,36067,Onondaga,36
1G8,39081,Jefferson,39
1GA0,13191,McIntosh,13
1GA1,13215,Muscogee,13
1GA2,13199,Meriwether,13
1GA3,13291,Union,13
1GA4,13031,Bulloch,13
1GA5,13185,Lowndes,13
1GA8,13019,Berrien,13
1GA9,13297,Walton,13
1GE1,13123,Gilmer,13
1GE2,13263,Talbot,13
1GE3,13149,Heard,13
1GE4,13225,Peach,13
1GE5,13231,Pike,13
1GE6,13229,Pierce,13
1GE7,13211,Morgan,13
1GE8,13121,Fulton,13
1GE9,13145,Harris,13
1H1,36067,Onondaga,36
1H4,36039,Greene,36
1H6,40143,Tulsa,40
1H9,55129,Washburn,55
1I1,36031,Essex,36
1I3,18055,Greene,18
1I6,18019,Clark,18
1I8,18103,Miami,18
1I9,18015,Carroll,18
1IA2,19005,Allamakee,19
1IA3,19041,Clay,19
1IA4,19175,Union,19
1IA5,19169,Story,19
1IA6,19071,Fremont,19
1IA7,19103,Johnson,19
1ID1,16055,Kootenai,16
1ID2,16015,Boise,16
1ID3,16017,Bonner,16
1ID4,16039,Elmore,16
1ID5,16013,Blaine,16
1ID7,16053,Jerome,16
1ID8,16047,Gooding,16
1ID9,16005,Bannock,16
1II0,18139,Rush,18
1II3,18153,Sullivan,18
1II4,18061,Harrison,18
1II5,18149,Starke,18
1II6,18163,Vanderburgh,18
1II7,18003,Allen,18
1II8,18059,Hancock,18
1IL0,17203,Woodford,17
1IL1,17135,Montgomery,17
1IL3,17119,Madison,17
1IL4,17163,St. Clair,17
1IL5,17119,Madison,17
1IL7,17103,Lee,17
1IL8,17075,Iroquois,17
1IL9,17113,McLean,17
1IN1,18109,Morgan,18
1IN2,18107,Montgomery,18
1IN3,18003,Allen,18
1IN4,18061,Harrison,18
1IN5,18051,Gibson,18
1IN6,18171,Warren,18
01D,18085,Kosciusko,18
1IN9,18179,Wells,18
1IS2,17147,Piatt,17
1IS3,17115,Macon,17
1IS4,17015,Carroll,17
1IS5,17103,Lee,17
1IS7,17201,Winnebago,17
1IS8,17103,Lee,17
1J9,12113,Santa Rosa,12
1JY1,34013,Essex,34
1JY2,41037,Lake,41
1JY3,34013,Essex,34
1JY4,34021,Mercer,34
1K1,20015,Butler,20
1K5,40151,Woods,40
1K6,20009,Barton,20
1K8,40035,Craig,40
1KC,02290,Yukon-Koyukuk,02
1KS1,20059,Franklin,20
1KS2,20103,Leavenworth,20
1KS3,20161,Riley,20
1KS4,20041,Dickinson,20
1KS6,20169,Saline,20
1KS7,20081,Haskell,20
1KS8,20171,Scott,20
1KS9,20103,Leavenworth,20
1KT8,21021,Boyle,21
1KY0,21151,Madison,21
1KY1,21093,Hardin,21
1KY2,21101,Henderson,21
1KY3,21171,Monroe,21
1KY4,21067,Fayette,21
1KY5,21203,Rockcastle,21
1KY6,21167,Mercer,21
1KY7,21151,Madison,21
1KY8,21111,Jefferson,21
1KY9,21095,Harlan,21
1L4,32003,Clark,32
1LA0,22113,Vermilion,22
1LA1,22089,St. Charles,22
1LA3,22023,Cameron,22
1LA5,22097,St. Landry,22
LA85,22017,Caddo,22
1LA7,22039,Evangeline,22
1LA8,22113,Vermilion,22
1LL1,17101,Lawrence,17
1LL2,17099,LaSalle,17
1LL4,17135,Montgomery,17
1LL5,17135,Montgomery,17
1LL6,17177,Stephenson,17
1LL7,17011,Bureau,17
1LL8,17075,Iroquois,17
1LL9,17167,Sangamon,17
1LS0,22005,Ascension,22
1LS1,22047,Iberville,22
1LS2,22077,Pointe Coupee,22
1LS5,22023,Cameron,22
1LS8,22029,Concordia,22
1M3,01083,Limestone,01
1M7,21075,Fulton,21
1M8,25005,Bristol,25
1MA0,25023,Plymouth,25
1MA1,25017,Middlesex,25
1MA2,25027,Worcester,25
1MA4,25017,Middlesex,25
1MA5,25027,Worcester,25
1MA6,25013,Hampden,25
1MA7,25009,Essex,25
1MA8,25017,Middlesex,25
1MA9,25005,Bristol,25
1MD0,24009,Calvert,24
1MD1,24019,Dorchester,24
1MD4,24033,Prince George's,24
1MD5,24031,Montgomery,24
1MD6,24033,Prince George's,24
1MD7,24031,Montgomery,24
1MD8,24013,Carroll,24
1ME,23021,Piscataquis,23
1ME1,23027,Waldo,23
1ME2,23011,Kennebec,23
1MI0,26033,Chippewa,26
1MI2,26125,Oakland,26
1MI3,26119,Montmorency,26
1MI5,26093,Livingston,26
1MI8,26001,Alcona,26
1MN0,27167,Wilkin,27
1MN2,27153,Todd,27
1MN3,27061,Itasca,27
1MN5,27019,Carver,27
1MN6,27137,St. Louis,27
1MN7,27035,Crow Wing,27
1MN8,27131,Rice,27
1MN9,27063,Jackson,27
1MO1,29189,St. Louis,29
1MO3,29061,Daviess,29
1MO4,29061,Daviess,29
1MO6,29035,Carter,29
1MO7,29107,Lafayette,29
1MO8,29141,Morgan,29
1MO9,29057,Dade,29
1MS0,28011,Bolivar,28
1MS1,28099,Neshoba,28
1MS2,28051,Holmes,28
1MS3,28007,Attala,28
1MS4,28049,Hinds,28
1MS5,28093,Marshall,28
MS9,28033,DeSoto,28
1MS7,28129,Smith,28
1MS8,28103,Noxubee,28
1MT0,30031,Gallatin,30
1MT1,30031,Gallatin,30
1MT2,30111,Yellowstone,30
1MT3,30077,Powell,30
1MT5,30017,Custer,30
1MT6,30039,Granite,30
1MT7,30013,Cascade,30
1MT8,30093,Silver Bow,30
1MT9,30111,Yellowstone,30
1MU0,29077,Greene,29
1MU1,29213,Taney,29
1MU2,29165,Platte,29
1MU3,29171,Putnam,29
1MU7,29031,Cape Girardeau,29
1MU8,29021,Buchanan,29
1MU9,29183,St. Charles,29
1MY1,27051,Grant,27
1N2,36103,Suffolk,36
1N3,42033,Clearfield,42
1N5,24045,Wicomico,24
1NA0,38067,Pembina,38
1NA5,38047,Logan,38
1NA8,38015,Burleigh,38
1NA9,38025,Dunn,38
1NC0,37151,Randolph,37
1NC1,37037,Chatham,37
1NC2,37097,Iredell,37
1NC3,37139,Pasquotank,37
1NC4,37103,Jones,37
1NC5,37069,Franklin,37
1NC6,37179,Union,37
1NC8,37159,Rowan,37
1NC9,37109,Lincoln,37
1ND4,38017,Cass,38
1ND7,38017,Cass,38
1NE0,31031,Cherry,31
1NE2,31041,Custer,31
1NE5,31177,Washington,31
1NE6,31033,Cheyenne,31
1NJ0,34023,Middlesex,34
1NJ1,34023,Middlesex,34
1NJ2,34023,Middlesex,34
1NJ4,34023,Middlesex,34
1NJ5,34041,Warren,34
1NJ6,34031,Passaic,34
1NJ7,34027,Morris,34
1NJ8,34003,Bergen,34
1NJ9,34037,Sussex,34
1NK0,36025,Delaware,36
1NK1,36111,Ulster,36
1NK3,36083,Rensselaer,36
1NK4,36103,Suffolk,36
1NK6,36031,Essex,36
1NK7,36065,Oneida,36
1NK8,36007,Broome,36
1NK9,36103,Suffolk,36
1NM0,35003,Catron,35
1NR1,37041,Chowan,37
1NR7,37181,Vance,37
1NV1,32001,Churchill,32
1NV2,32003,Clark,32
1NY0,36029,Erie,36
1NY1,36103,Suffolk,36
1NY3,36075,Oswego,36
1NY4,36019,Clinton,36
1NY6,36095,Schoharie,36
1O0,41039,Lane,41
1O6,06093,Siskiyou,06
1OA1,39109,Miami,39
1OA2,39093,Lorain,39
1OA4,39023,Clark,39
1OA5,39015,Brown,39
1OA6,39165,Warren,39
1OA7,39151,Stark,39
1OH0,39027,Clinton,39
1OH1,39091,Logan,39
1OH2,39147,Seneca,39
1OH3,39043,Erie,39
1OH4,39093,Lorain,39
1OH6,39149,Shelby,39
1OH8,39023,Clark,39
1OH9,39001,Adams,39
1OI0,39139,Richland,39
1OI4,39035,Cuyahoga,39
1OI6,39113,Montgomery,39
1OI9,39109,Miami,39
1OK0,40037,Creek,40
1OK1,40073,Kingfisher,40
1OK3,40137,Stephens,40
1OK4,40089,McCurtain,40
5OK9,40109,Oklahoma,40
1OK7,40049,Garvin,40
1OK8,40083,Logan,40
1OK9,40085,Love,40
1OL2,40109,Oklahoma,40
1OR0,41011,Coos,41
1OR1,41067,Washington,41
1OR3,41067,Washington,41
1OR4,41067,Washington,41
1OR7,41005,Clackamas,41
1OR8,41005,Clackamas,41
1OR9,41005,Clackamas,41
1P1,33009,Grafton,33
1PA0,42081,Lycoming,42
1PA1,42091,Montgomery,42
1PA2,42101,Philadelphia,42
1PA3,42017,Bucks,42
1PA4,42087,Mifflin,42
1PA6,42043,Dauphin,42
1PA7,42091,Montgomery,42
1PA9,42107,Schuylkill,42
1PN1,42085,Mercer,42
1PN2,42011,Berks,42
1PN4,42057,Fulton,42
1PN5,42011,Berks,42
1PS0,42009,Bedford,42
1PS3,42075,Lebanon,42
1PS5,42101,Philadelphia,42
1PS6,42101,Philadelphia,42
1PS7,42101,Philadelphia,42
1PS8,42065,Jefferson,42
1PS9,42017,Bucks,42
1Q1,06107,Tulare,06
1Q5,06033,Lake,06
1S1,16021,Boundary,16
1S2,53061,Snohomish,53
1S4,40043,Dewey,40
1S6,16017,Bonner,16
1S7,16049,Idaho,16
1S8,41021,Gilliam,41
1SC1,45007,Anderson,45
1SC2,45079,Richland,45
1SC5,45045,Greenville,45
2Q0,45031,Darlington,45
1SD0,46137,Ziebach,46
1SD1,46009,Bon Homme,46
1SD3,46125,Turner,46
1SD4,46093,Meade,46
1SD5,46015,Brule,46
1SD6,46047,Fall River,46
1SD7,46121,Todd,46
1SD8,46051,Grant,46
1SD9,46099,Minnehaha,46
1T8,48091,Comal,48
1TA0,48071,Chambers,48
1TA2,48437,Swisher,48
1TA3,48039,Brazoria,48
1TA4,48225,Houston,48
1TA5,48165,Gaines,48
1TA6,48181,Grayson,48
1TA7,48467,Van Zandt,48
1TA8,48271,Kinney,48
1TA9,48201,Harris,48
1TE0,48017,Bailey,48
1TE1,48127,Dimmit,48
1TE3,48073,Cherokee,48
1TE4,48187,Guadalupe,48
1TE5,48395,Robertson,48
1TE7,48493,Wilson,48
1TE8,48181,Grayson,48
1TE9,48395,Robertson,48
1TN0,47189,Wilson,47
1TN3,47051,Franklin,47
1TN4,47045,Dyer,47
1TN5,47119,Maury,47
1TN6,47035,Cumberland,47
1TN7,47163,Sullivan,47
1TN8,47163,Sullivan,47
1TN9,47163,Sullivan,47
1TS0,48071,Chambers,48
1TS1,48473,Waller,48
1TS2,48217,Hill,48
1TS4,48085,Collin,48
1TS6,48127,Dimmit,48
1TS7,48391,Refugio,48
1TS8,48335,Mitchell,48
9S1,48085,Collin,48
1TT1,48477,Washington,48
1TT8,48203,Harrison,48
1TX2,48269,King,48
1TX3,48125,Dickens,48
1TX5,48189,Hale,48
1TX6,48193,Hamilton,48
1TX7,48151,Fisher,48
1TX8,48069,Castro,48
1TX9,48499,Wood,48
1U0,16013,Blaine,16
1U1,16049,Idaho,16
1U3,16073,Owyhee,16
1U4,16003,Adams,16
1U6,16031,Cassia,16
1U9,16039,Elmore,16
1VA0,51075,Goochland,51
1VA1,51141,Patrick,51
1VA2,51770,Roanoke,51
1VA3,51125,Nelson,51
1VA4,51061,Fauquier,51
1VA7,51083,Halifax,51
1VA8,51111,Lunenburg,51
1VA9,51179,Stafford,51
1VG2,51193,Westmoreland,51
1VT8,50021,Rutland,50
1W1,53011,Clark,53
1W3,54057,Mineral,54
1WA0,53011,Clark,53
1WA1,53033,King,53
1WA2,53041,Lewis,53
1WA3,53061,Snohomish,53
1WA4,53061,Snohomish,53
1WA5,53061,Snohomish,53
1WA6,53033,King,53
1WA8,53053,Pierce,53
1WA9,53055,San Juan,53
1WF,39109,Miami,39
1WI0,55105,Rock,55
1WI1,55139,Winnebago,55
1WI3,55047,Green Lake,55
1WI4,55101,Racine,55
1WI5,55027,Dodge,55
1WI6,55101,Racine,55
1WI7,55137,Waushara,55
1WI8,55061,Kewaunee,55
1WI9,55055,Jefferson,55
1WN0,53065,Stevens,53
1WN1,55039,Fond du Lac,55
1WN2,55089,Ozaukee,55
1WN3,55095,Polk,55
1WN5,55125,Vilas,55
1WT6,53033,King,53
1WV0,54057,Mineral,54
1XA0,48093,Comanche,48
1XA1,48337,Montague,48
TX2,48025,Bee,48
1XA3,48355,Nueces,48
1XA4,48473,Waller,48
1XA5,48021,Bastrop,48
X16,48097,Cooke,48
1XA7,48015,Austin,48
1XA8,48349,Navarro,48
1XA9,48201,Harris,48
1XS1,48201,Harris,48
1XS2,48453,Travis,48
1XS3,48439,Tarrant,48
1XS5,48453,Travis,48
1XS6,48309,McLennan,48
1XS8,48137,Edwards,48
1Y3,19159,Ringgold,19
1Y5,19037,Chickasaw,19
1Y9,19141,O'Brien,19
1Z1,04015,Mohave,04
1Z9,02261,Valdez-Cordova,02
20AK,02170,Matanuska-Susitna,02
20AL,01031,Coffee,01
20AR,05045,Faulkner,05
20CA,06065,Riverside,06
20CL,06055,Napa,06
20CO,08059,Jefferson,08
20E,04013,Maricopa,04
20FD,12079,Madison,12
20FL,12027,DeSoto,12
20GA,13097,Douglas,13
20GE,13073,Columbia,13
20IA,19049,Dallas,19
20ID,16015,Boise,16
20II,18109,Morgan,18
20IL,17031,Cook,17
20IN,18081,Johnson,18
20IS,17177,Stephenson,17
20K,02290,Yukon-Koyukuk,02
97KS,20015,Butler,20
20KY,21015,Boone,21
20LA,22109,Terrebonne,22
20LL,17107,Logan,17
LA15,22033,East Baton Rouge,22
20MA,25021,Norfolk,25
20MD,24003,Anne Arundel,24
20ME,23001,Androscoggin,23
20MI,26147,St. Clair,26
20MO,29047,Clay,29
20MS,28029,Copiah,28
20MT,30083,Richland,30
20NC,37035,Catawba,37
20ND,38055,McLean,38
20NE,31109,Lancaster,31
20NJ,34017,Hudson,34
20NR,37179,Union,37
20NY,36037,Genesee,36
20OI,39101,Marion,39
20OR,41005,Clackamas,41
20PN,42091,Montgomery,42
20SD,46011,Brookings,46
20TA,48181,Grayson,48
20TE,48217,Hill,48
20TN,47093,Knox,47
20TS,48019,Bandera,48
20TT,48491,Williamson,48
20TX,48265,Kerr,48
20UT,49045,Tooele,49
20VA,51033,Caroline,51
20VG,51019,Bedford,51
20WI,55137,Waushara,55
20XA,48201,Harris,48
20XS,48397,Rockwall,48
21AK,02170,Matanuska-Susitna,02
21AL,01031,Coffee,01
21AR,05117,Prairie,05
21AZ,04017,Navajo,04
21CA,06059,Orange,06
21CL,06037,Los Angeles,06
21CN,06037,Los Angeles,06
21FL,12069,Lake,12
21GA,13077,Coweta,13
21GE,13311,White,13
21II,18077,Jefferson,18
21IL,17029,Coles,17
21JY,34029,Ocean,34
21KS,20177,Shawnee,20
21KY,21123,Larue,21
21LA,22047,Iberville,22
21LS,22125,West Feliciana,22
21M,23021,Piscataquis,23
21MA,25003,Berkshire,25
21MI,26125,Oakland,26
21MS,28033,DeSoto,28
21MT,30031,Gallatin,30
21MU,29209,Stone,29
21N,36103,Suffolk,36
21NC,37143,Perquimans,37
21ND,38049,McHenry,38
21NH,33015,Rockingham,33
21NK,36077,Otsego,36
21NR,37053,Currituck,37
21OG,41047,Marion,41
21OH,39103,Medina,39
21OI,39025,Clermont,39
21OK,40143,Tulsa,40
21PN,42041,Cumberland,42
21SC,45031,Darlington,45
21TA,48201,Harris,48
21TS,48201,Harris,48
21TT,48313,Madison,48
21VA,51131,Northampton,51
21W,53053,Pierce,53
21WA,53011,Clark,53
21WI,55109,St. Croix,55
21XS,48039,Brazoria,48
22AL,01031,Coffee,01
22AR,05143,Washington,05
22AZ,04015,Mohave,04
22CA,06041,Marin,06
22CD,08001,Adams,08
22CL,06115,Yuba,06
22CN,06037,Los Angeles,06
22CO,08001,Adams,08
22D,42125,Washington,42
22FA,12115,Sarasota,12
22FD,12091,Okaloosa,12
22FL,12095,Orange,12
22GA,13129,Gordon,13
22GE,13057,Cherokee,13
22HI,15009,Maui,15
22IA,19095,Iowa,19
22ID,16015,Boise,16
22II,18129,Posey,18
22IL,17085,Jo Daviess,17
22IS,17071,Henderson,17
22JY,34023,Middlesex,34
22K,20167,Russell,20
22KS,20173,Sedgwick,20
22KY,21111,Jefferson,21
22LA,22009,Avoyelles,22
22LS,22099,St. Martin,22
22MA,25009,Essex,25
22MD,24043,Washington,24
22ME,23009,Hancock,23
22MI,26055,Grand Traverse,26
22MO,29229,Wright,29
22MS,28039,George,28
22MT,30029,Flathead,30
22NA,37097,Iredell,37
22NC,37037,Chatham,37
22NK,36013,Chautauqua,36
22NV,32013,Humboldt,32
22NY,36037,Genesee,36
22OG,41037,Lake,41
22OH,39061,Hamilton,39
22OK,40019,Carter,40
22OR,41047,Marion,41
22PA,42051,Fayette,42
22PN,42011,Berks,42
22PS,42115,Susquehanna,42
22SC,45083,Spartanburg,45
22TE,48239,Jackson,48
22TN,47165,Sumner,47
22TX,48453,Travis,48
22UT,49025,Kane,49
22VA,51197,Wythe,51
22VT,50005,Caledonia,50
22WA,53043,Lincoln,53
22WI,55083,Oconto,55
22WN,55049,Iowa,55
22WV,54091,Taylor,54
22WY,56005,Campbell,56
22XS,48099,Coryell,48
23AK,02170,Matanuska-Susitna,02
23AL,01031,Coffee,01
23AR,05031,Craighead,05
23AZ,04025,Yavapai,04
23CD,08063,Kit Carson,08
23CL,06037,Los Angeles,06
23CO,08073,Lincoln,08
23CT,09003,Hartford,09
23D,27069,Kittson,27
23DE,10003,New Castle,10
23FA,12086,Miami-Dade,12
23FL,12057,Hillsborough,12
23GA,13121,Fulton,13
23GE,13175,Laurens,13
23IA,19145,Page,19
23ID,16025,Camas,16
23IL,17031,Cook,17
23IN,18097,Marion,18
23IS,17109,McDonough,17
23JY,34015,Gloucester,34
5KS9,20103,Leavenworth,20
23KY,21139,Livingston,21
23LA,22103,St. Tammany,22
23LL,17097,Lake,17
23MA,25017,Middlesex,25
23MD,24029,Kent,24
23MN,27045,Fillmore,27
23MS,28059,Jackson,28
23MT,30031,Gallatin,30
23N,36103,Suffolk,36
23NC,37061,Duplin,37
23ND,38065,Oliver,38
23NH,33011,Hillsborough,33
23NJ,34033,Salem,34
23NK,36117,Wayne,36
23NR,37095,Hyde,37
23NY,36101,Steuben,36
23OI,39085,Lake,39
23OK,40049,Garvin,40
23OR,41039,Lane,41
23PA,42017,Bucks,42
23PN,42033,Clearfield,42
23PS,42029,Chester,42
23S,30063,Missoula,30
23TA,48181,Grayson,48
23TE,48113,Dallas,48
23TN,47139,Polk,47
23TS,48465,Val Verde,48
23TX,48027,Bell,48
23VA,51029,Buckingham,51
23VG,51117,Mecklenburg,51
23VT,50025,Windham,50
23WA,53053,Pierce,53
23WI,55053,Jackson,55
23WN,55129,Washburn,55
23WS,55079,Milwaukee,55
23WV,54019,Fayette,54
23WY,56039,Teton,56
23XS,48099,Coryell,48
24AK,02170,Matanuska-Susitna,02
24AL,01069,Houston,01
24AR,05107,Phillips,05
24AZ,04007,Gila,04
24C,26081,Kent,26
24CA,06037,Los Angeles,06
24CD,08057,Jackson,08
24CL,06031,Kings,06
24CT,09011,New London,09
24FL,12113,Santa Rosa,12
24IA,19013,Black Hawk,19
24ID,16037,Custer,16
24II,18083,Knox,18
24IL,17073,Henry,17
24IN,18013,Brown,18
24K,16085,Valley,16
24KY,21107,Hopkins,21
24LL,17145,Perry,17
24LS,22023,Cameron,22
24M,26081,Kent,26
24MA,25027,Worcester,25
24MD,24510,Baltimore,24
24ME,23005,Cumberland,23
24MO,29029,Camden,29
24MT,30031,Gallatin,30
24NC,37179,Union,37
24NE,31161,Sheridan,31
24NH,33005,Cheshire,33
24NJ,34025,Monmouth,34
24NK,36103,Suffolk,36
24OI,39021,Champaign,39
24OK,40133,Seminole,40
24PA,42007,Beaver,42
24PN,42077,Lehigh,42
24S,41029,Jackson,41
24SC,45063,Lexington,45
24TA,48289,Leon,48
24TE,48201,Harris,48
24TS,48439,Tarrant,48
24TT,48235,Irion,48
24TX,48143,Erath,48
24UT,49053,Washington,49
24VA,51131,Northampton,51
24WA,53001,Adams,53
24WN,55127,Walworth,55
24XA,48029,Bexar,48
25AA,02090,Fairbanks North Star,02
25AK,02170,Matanuska-Susitna,02
25AL,01031,Coffee,01
25AZ,04003,Cochise,04
25CA,06073,San Diego,06
25CD,08093,Park,08
25CL,06101,Sutter,06
25CO,08069,Larimer,08
25FA,12086,Miami-Dade,12
25FL,12119,Sumter,12
25GA,13121,Fulton,13
25GE,13221,Oglethorpe,13
25IA,19131,Mitchell,19
25II,18003,Allen,18
25IL,17117,Macoupin,17
25IN,18087,LaGrange,18
25IS,17167,Sangamon,17
25JY,34007,Camden,34
25KS,20147,Phillips,20
25KY,21145,McCracken,21
25LS,22023,Cameron,22
25MA,25017,Middlesex,25
25MD,24035,Queen Anne's,24
25ME,23031,York,23
25MN,27035,Crow Wing,27
25MO,29097,Jasper,29
25MS,28087,Lowndes,28
25MT,30105,Valley,30
25NC,37151,Randolph,37
25ND,38059,Morton,38
25NE,31157,Scotts Bluff,31
25NH,33019,Sullivan,33
25NK,36101,Steuben,36
25NM,35003,Catron,35
25NR,37129,New Hanover,37
25NY,36103,Suffolk,36
25OI,39155,Trumbull,39
25OR,41043,Linn,41
25PN,42117,Tioga,42
25PS,42107,Schuylkill,42
25SC,45045,Greenville,45
25TA,48201,Harris,48
25TN,47177,Warren,47
25TS,48111,Dallam,48
25TT,48497,Wise,48
25U,41063,Wallowa,41
25VA,51097,King and Queen,51
25WA,53047,Okanogan,53
25WI,55035,Eau Claire,55
25WN,55091,Pepin,55
25XA,48259,Kendall,48
25XS,48139,Ellis,48
26AR,05145,White,05
26AZ,04025,Yavapai,04
26CA,06067,Sacramento,06
26CN,06037,Los Angeles,06
26FD,12027,DeSoto,12
26FL,12093,Okeechobee,12
26IA,19193,Woodbury,19
26ID,16017,Bonner,16
26II,18069,Huntington,18
26IS,17105,Livingston,17
26JY,34007,Camden,34
26KS,20191,Sumner,20
26KY,21111,Jefferson,21
26LS,22113,Vermilion,22
26MA,25017,Middlesex,25
26MD,24510,Baltimore,24
26MI,26081,Kent,26
26MN,27107,Norman,27
26MT,30041,Hill,30
26N,34009,Cape May,34
26NC,37197,Yadkin,37
26ND,38059,Morton,38
26NH,33009,Grafton,33
26NJ,34009,Cape May,34
26NR,37087,Haywood,37
26NV,32001,Churchill,32
26OG,41029,Jackson,41
OK36,40143,Tulsa,40
26PN,42091,Montgomery,42
26PS,42003,Allegheny,42
26SD,46103,Pennington,46
26TA,48201,Harris,48
26TE,48201,Harris,48
26TN,47029,Cocke,47
26TS,48339,Montgomery,48
26TT,48325,Medina,48
26TX,48269,King,48
26VA,51059,Fairfax,51
26VT,50025,Windham,50
26W,26075,Jackson,26
26WA,53009,Clallam,53
26WI,55113,Sawyer,55
26XA,48439,Tarrant,48
26XS,48031,Blanco,48
27AL,01087,Macon,01
27AR,05007,Benton,05
27AZ,04013,Maricopa,04
27C,26107,Mecosta,26
27CA,06071,San Bernardino,06
27CL,06101,Sutter,06
27CN,06037,Los Angeles,06
27FD,12005,Bay,12
27FL,12101,Pasco,12
27GA,13045,Carroll,13
27IA,19177,Van Buren,19
27ID,16083,Twin Falls,16
27II,18097,Marion,18
27IL,17083,Jersey,17
27IN,18097,Marion,18
27IS,17065,Hamilton,17
27JY,34037,Sussex,34
27KS,20199,Wallace,20
27LA,22033,East Baton Rouge,22
27LL,17133,Monroe,17
27LS,22033,East Baton Rouge,22
27MA,25005,Bristol,25
27MD,24035,Queen Anne's,24
27ME,23011,Kennebec,23
27MI,26157,Tuscola,26
27MN,27069,Kittson,27
27MO,29097,Jasper,29
27MS,28079,Leake,28
27MT,30029,Flathead,30
27NC,37019,Brunswick,37
27NE,31135,Perkins,31
27NH,33009,Grafton,33
27NJ,34015,Gloucester,34
27NK,36043,Herkimer,36
27NY,36071,Orange,36
27OH,39063,Hancock,39
27OK,40071,Kay,40
27PA,42021,Cambria,42
27PS,42015,Bradford,42
27SC,45055,Kershaw,45
27SD,46077,Kingsbury,46
27TA,48423,Smith,48
27TE,48141,El Paso,48
27TN,47157,Shelby,47
27TS,48085,Collin,48
27VA,51153,Prince William,51
27W,53007,Chelan,53
27WA,53057,Skagit,53
27WI,55093,Pierce,55
27WV,54079,Putnam,54
27XA,48367,Parker,48
27XS,48473,Waller,48
28A,37179,Union,37
28AK,02170,Matanuska-Susitna,02
28AR,05063,Independence,05
28AZ,04013,Maricopa,04
28CA,06047,Merced,06
28CN,06029,Kern,06
28CO,08077,Mesa,08
28FA,12011,Broward,12
28FD,12063,Jackson,12
28FL,12107,Putnam,12
28GE,13115,Floyd,13
28ID,16049,Idaho,16
28II,21163,Meade,21
28IS,17135,Montgomery,17
28KS,20059,Franklin,20
28KY,21035,Calloway,21
28LA,22117,Washington,22
28LL,17173,Shelby,17
28LS,22055,Lafayette,22
28M,25023,Plymouth,25
28MA,25013,Hampden,25
28MD,24033,Prince George's,24
28MI,26089,Leelanau,26
28MN,27053,Hennepin,27
28MO,29185,St. Clair,29
28MT,30049,Lewis and Clark,30
28N,34015,Gloucester,34
28NC,37081,Guilford,37
28ND,38101,Ward,38
28NE,31167,Stanton,31
28NH,33011,Hillsborough,33
28NK,36045,Jefferson,36
28NR,37161,Rutherford,37
28NY,36013,Chautauqua,36
28OH,39051,Fulton,39
28OI,39049,Franklin,39
28OK,40017,Canadian,40
28OR,41051,Multnomah,41
28PN,42041,Cumberland,42
28TA,48131,Duval,48
28TE,48029,Bexar,48
28TN,47157,Shelby,47
28TT,48217,Hill,48
28TX,48487,Wilbarger,48
28U,41045,Malheur,41
28VA,51155,Pulaski,51
28VT,50027,Windsor,50
28WA,53011,Clark,53
28WI,55091,Pepin,55
28XA,48479,Webb,48
28XS,48257,Kaufman,48
29A,02170,Matanuska-Susitna,02
29AK,02240,Southeast Fairbanks,02
29AL,01013,Butler,01
29AR,05145,White,05
29C,26063,Huron,26
29CA,06073,San Diego,06
29CL,06037,Los Angeles,06
29CN,06017,El Dorado,06
29CO,08077,Mesa,08
29F,48437,Swisher,48
29FA,12071,Lee,12
29FD,12039,Gadsden,12
29FL,12127,Volusia,12
29GA,13077,Coweta,13
29GE,13089,DeKalb,13
29IA,19071,Fremont,19
29ID,16045,Gem,16
29II,18091,LaPorte,18
29IN,18183,Whitley,18
29IS,17105,Livingston,17
29JY,34029,Ocean,34
29LA,22033,East Baton Rouge,22
29LL,17133,Monroe,17
29LS,22019,Calcasieu,22
29MA,25013,Hampden,25
29ME,23011,Kennebec,23
29MI,26065,Ingham,26
29MN,27167,Wilkin,27
29MO,29047,Clay,29
29MT,30089,Sanders,30
29N,34011,Cumberland,34
29NH,33011,Hillsborough,33
29NJ,34001,Atlantic,34
29NK,36007,Broome,36
29NR,37081,Guilford,37
29OH,39151,Stark,39
29OI,39085,Lake,39
29PN,42049,Erie,42
29RI,44005,Newport,44
29SC,45029,Colleton,45
29TN,47007,Bledsoe,47
29TS,48201,Harris,48
29TX,48487,Wilbarger,48
29VA,51061,Fauquier,51
29VT,50013,Grand Isle,50
29WA,53053,Pierce,53
29XA,48055,Caldwell,48
29XS,48005,Angelina,48
2A7,39049,Franklin,39
2A8,01133,Winston,01
2AK,02050,Bethel,02
2AK0,02170,Matanuska-Susitna,02
2AK1,02090,Fairbanks North Star,02
2AK2,02090,Fairbanks North Star,02
2AK4,02122,Kenai Peninsula,02
2AK5,02261,Valdez-Cordova,02
2AK6,02290,Yukon-Koyukuk,02
2AK8,02185,North Slope,02
2AK9,02188,Northwest Arctic,02
2AL1,01003,Baldwin,01
2AL2,01111,Randolph,01
2AL3,01051,Elmore,01
AL67,01097,Mobile,01
2AL5,01049,DeKalb,01
2AL6,01097,Mobile,01
2AL7,01043,Cullman,01
2AL8,01113,Russell,01
2AN2,04021,Pinal,04
2AR0,05085,Lonoke,05
2AR2,05065,Izard,05
2AR3,05137,Stone,05
2AR5,05007,Benton,05
2AR6,05061,Howard,05
2AR7,05057,Hempstead,05
2AR9,05015,Carroll,05
2AZ1,04012,La Paz,04
2AZ2,04013,Maricopa,04
2AZ4,04021,Pinal,04
2AZ9,04003,Cochise,04
2B1,25001,Barnstable,25
2B2,25009,Essex,25
2B6,39027,Clinton,39
2B9,50017,Orange,50
2C4,27045,Fillmore,27
2C5,26159,Van Buren,26
2C6,17095,Knox,17
2CA0,06107,Tulare,06
2CA2,06071,San Bernardino,06
2CA3,06071,San Bernardino,06
2CA4,06073,San Diego,06
2CA6,06037,Los Angeles,06
2CA7,06037,Los Angeles,06
2CA8,06071,San Bernardino,06
2CA9,04027,Yuma,04
2CD2,08069,Larimer,08
2CD3,08041,El Paso,08
2CD4,08045,Garfield,08
2CD5,08091,Ouray,08
2CD6,08039,Elbert,08
2CD7,08045,Garfield,08
2CD8,08001,Adams,08
2CD9,08069,Larimer,08
2CL0,06037,Los Angeles,06
2CL3,06093,Siskiyou,06
2CL4,06089,Shasta,06
2CL5,06113,Yolo,06
2CL6,06111,Ventura,06
2CL7,06037,Los Angeles,06
2CL8,06065,Riverside,06
2CL9,06067,Sacramento,06
2CN2,06037,Los Angeles,06
2CN3,06065,Riverside,06
2CN4,06029,Kern,06
2CN5,06085,Santa Clara,06
2CN6,06037,Los Angeles,06
2CN7,06073,San Diego,06
2CN8,06071,San Bernardino,06
2CO0,08107,Routt,08
2CO3,08123,Weld,08
2CO4,08031,Denver,08
2CO5,08101,Pueblo,08
2CO6,08059,Jefferson,08
2CO7,08101,Pueblo,08
2CO8,08087,Morgan,08
2CO9,08077,Mesa,08
2D1,39151,Stark,39
2D3,02170,Matanuska-Susitna,02
2D6,39013,Belmont,39
2D7,39157,Tuscarawas,39
2DE2,10001,Kent,10
2DE3,10001,Kent,10
2DE8,10005,Sussex,10
2E2,26147,St. Clair,26
2E6,46013,Brown,46
2E8,26161,Washtenaw,26
2F6,40113,Osage,40
2FA0,12086,Miami-Dade,12
2FA1,12127,Volusia,12
2FA2,12083,Marion,12
2FA5,12107,Putnam,12
2FA6,12119,Sumter,12
2FA8,12117,Seminole,12
2FA9,12079,Madison,12
2FD0,12121,Suwannee,12
2FD1,12083,Marion,12
2FD2,12107,Putnam,12
2FD3,12103,Pinellas,12
2FD4,12011,Broward,12
2FD5,12087,Monroe,12
2FD6,12127,Volusia,12
2FD7,12095,Orange,12
2FD9,12127,Volusia,12
2FL0,12133,Washington,12
2FL1,12011,Broward,12
2FL3,12063,Jackson,12
2FL4,12099,Palm Beach,12
2FL6,12023,Columbia,12
2FL7,12009,Brevard,12
2FL9,12105,Polk,12
2G6,51041,Chesterfield,51
2G8,33007,Coos,33
2GA0,13211,Morgan,13
2GA1,13217,Newton,13
2GA2,13103,Effingham,13
2GA5,13231,Pike,13
2GA8,13115,Floyd,13
2GA9,13135,Gwinnett,13
2GE1,13033,Burke,13
2GE2,13121,Fulton,13
GE56,13133,Greene,13
2GE5,13057,Cherokee,13
2GE6,13095,Dougherty,13
2GE7,13213,Murray,13
2GE8,13077,Coweta,13
4WI9,55017,Chippewa,55
2H5,48157,Fort Bend,48
2IA0,19163,Scott,19
2IA1,19061,Dubuque,19
2IA2,19043,Clayton,19
2IA3,19087,Henry,19
2IA4,19013,Black Hawk,19
2IA5,19071,Fremont,19
2IA6,19025,Calhoun,19
2IA8,19133,Monona,19
2IA9,19081,Hancock,19
2ID2,16037,Custer,16
2ID3,16073,Owyhee,16
2ID5,16085,Valley,16
2ID6,16075,Payette,16
C64,16035,Clearwater,16
2ID9,16053,Jerome,16
I20,18083,Knox,18
2IG5,18085,Kosciusko,18
2IG6,18105,Monroe,18
2II3,18095,Madison,18
2II4,18063,Hendricks,18
2II5,18127,Porter,18
2II6,18159,Tipton,18
2II7,18179,Wells,18
2II8,18165,Vermillion,18
2II9,18045,Fountain,18
2IL0,17141,Ogle,17
2IL1,17201,Winnebago,17
2IL2,17105,Livingston,17
2IL3,17161,Rock Island,17
2IL7,17163,St. Clair,17
2IL8,17089,Kane,17
2IL9,17197,Will,17
2IN0,18179,Wells,18
2IN2,18183,Whitley,18
2IN3,18131,Pulaski,18
2IN4,18099,Marshall,18
2IN5,18065,Henry,18
2IN6,18057,Hamilton,18
2IN7,18005,Bartholomew,18
2IN8,18089,Lake,18
2IN9,18081,Johnson,18
2IS1,17143,Peoria,17
2IS3,17175,Stark,17
2IS4,17161,Rock Island,17
2IS9,17113,McLean,17
2J0,12129,Wakulla,12
2J8,12127,Volusia,12
2J9,12039,Gadsden,12
2JY2,34001,Atlantic,34
2JY3,34001,Atlantic,34
2JY5,34005,Burlington,34
2JY6,34019,Hunterdon,34
2JY7,34041,Warren,34
2JY9,34007,Camden,34
2K1,40053,Grant,40
2K2,29043,Christian,29
2K5,02290,Yukon-Koyukuk,02
2K6,20049,Elk,20
2K8,20191,Sumner,20
2KL,48053,Burnet,48
2KS0,20019,Chautauqua,20
2KS2,20073,Greenwood,20
S44,20119,Meade,20
2KS6,20131,Nemaha,20
2KS8,20105,Lincoln,20
2KS9,20177,Shawnee,20
2KT4,21009,Barren,21
2KY1,21151,Madison,21
2KY2,21139,Livingston,21
2KY3,21227,Warren,21
2KY4,21093,Hardin,21
2KY5,21043,Carter,21
2KY6,21227,Warren,21
2KY7,21217,Taylor,21
2KY9,21185,Oldham,21
2L1,38035,Grand Forks,38
2LA0,22113,Vermilion,22
2LA1,22113,Vermilion,22
2LA2,22045,Iberia,22
2LA4,22009,Avoyelles,22
2LA5,22001,Acadia,22
2LA6,22037,East Feliciana,22
2LA7,22123,West Carroll,22
2LA9,22113,Vermilion,22
2LL0,17021,Christian,17
2LL1,17099,LaSalle,17
2LL2,17131,Mercer,17
2LL5,17019,Champaign,17
2LL6,17161,Rock Island,17
2LL7,17105,Livingston,17
2LL8,17189,Washington,17
2LL9,17037,DeKalb,17
2LS0,22057,Lafourche,22
2LS2,22101,St. Mary,22
2LS3,22097,St. Landry,22
2M1,29107,Lafayette,29
2M5,29039,Cedar,29
2M7,26031,Cheboygan,26
2MA2,25017,Middlesex,25
2MA3,25009,Essex,25
2MA4,25017,Middlesex,25
2MA5,25017,Middlesex,25
2MA6,25005,Bristol,25
2MA7,25005,Bristol,25
2MA8,25017,Middlesex,25
2MA9,25009,Essex,25
2MD0,24039,Somerset,24
2MD1,24037,St. Mary's,24
2MD2,24027,Howard,24
2MD3,24031,Montgomery,24
2MD4,24045,Wicomico,24
2MD5,24013,Carroll,24
2MD6,24037,St. Mary's,24
2MD7,24003,Anne Arundel,24
2MD8,24023,Garrett,24
2ME2,23013,Knox,23
2ME3,23019,Penobscot,23
2MI1,26081,Kent,26
2MI2,26163,Wayne,26
2MI5,26081,Kent,26
2MI6,26069,Iosco,26
7MI,26151,Sanilac,26
2MI8,26157,Tuscola,26
2MI9,26107,Mecosta,26
2MN0,27119,Polk,27
2MN1,27023,Chippewa,27
2MN2,27001,Aitkin,27
2MN3,27023,Chippewa,27
2MN4,27091,Martin,27
2MN6,27109,Olmsted,27
2MN7,27097,Morrison,27
2MN8,27109,Olmsted,27
2MN9,27097,Morrison,27
2MO0,29101,Johnson,29
2MO1,29077,Greene,29
2MO2,29049,Clinton,29
2MO3,29095,Jackson,29
2MO4,29013,Bates,29
2MO7,29113,Lincoln,29
2MO9,29095,Jackson,29
2MS0,28145,Union,28
2MS1,28053,Humphreys,28
2MS4,28087,Lowndes,28
2MS5,28161,Yalobusha,28
2MS6,28107,Panola,28
2MS7,28121,Rankin,28
2MS8,28043,Grenada,28
2MS9,28017,Chickasaw,28
2MT0,30029,Flathead,30
2MT1,30029,Flathead,30
2MT2,30029,Flathead,30
2MT3,30063,Missoula,30
2MT4,30029,Flathead,30
2MT5,30031,Gallatin,30
2MT6,30049,Lewis and Clark,30
2MT7,30053,Lincoln,30
2MT8,30057,Madison,30
2MT9,30077,Powell,30
2MU0,29186,Ste. Genevieve,29
2MU1,29510,St. Louis,29
2MU9,29113,Lincoln,29
2MY2,27013,Blue Earth,27
2MY3,27059,Isanti,27
2MY4,27141,Sherburne,27
2MY5,27131,Rice,27
2N2,33009,Grafton,33
2N5,42133,York,42
2N6,34005,Burlington,34
2N7,34003,Bergen,34
2NA0,38055,McLean,38
2NA7,38005,Benson,38
2NC0,37199,Yancey,37
2NC1,37179,Union,37
2NC2,37179,Union,37
2NC3,37183,Wake,37
2NC4,37191,Wayne,37
2NC5,37119,Mecklenburg,37
2NC6,37057,Davidson,37
2NC7,37083,Halifax,37
2NC8,37159,Rowan,37
2NC9,37165,Scotland,37
2ND0,38017,Cass,38
2ND1,38055,McLean,38
2ND2,38055,McLean,38
2ND3,38035,Grand Forks,38
2ND4,38101,Ward,38
2ND5,38055,McLean,38
2ND7,38009,Bottineau,38
2ND8,38093,Stutsman,38
2ND9,38075,Renville,38
2NE0,31073,Gosper,31
2NE3,31109,Lancaster,31
2NE4,31161,Sheridan,31
2NE5,31047,Dawson,31
2NE6,31135,Perkins,31
2NE7,31135,Perkins,31
2NE8,31109,Lancaster,31
2NH1,33011,Hillsborough,33
2NH2,33011,Hillsborough,33
2NH3,33013,Merrimack,33
2NH4,33009,Grafton,33
2NH5,33005,Cheshire,33
2NH6,33013,Merrimack,33
2NJ1,34019,Hunterdon,34
2NJ3,34021,Mercer,34
2NJ4,34029,Ocean,34
2NJ5,34041,Warren,34
2NJ6,42095,Northampton,42
2NJ7,34023,Middlesex,34
2NJ8,34021,Mercer,34
2NJ9,34017,Hudson,34
2NK2,36059,Nassau,36
2NK3,36103,Suffolk,36
2NK4,36119,Westchester,36
2NK6,36029,Erie,36
2NK7,36025,Delaware,36
2NK8,36081,Queens,36
2NK9,36111,Ulster,36
2NM9,35027,Lincoln,35
2NR4,37183,Wake,37
2NV2,32031,Washoe,32
2NV3,32003,Clark,32
2NV8,32023,Nye,32
2NY0,36039,Greene,36
2NY2,36071,Orange,36
2NY3,36111,Ulster,36
2NY5,36055,Monroe,36
2NY6,36071,Orange,36
2NY7,36101,Steuben,36
2NY8,36111,Ulster,36
2NY9,36097,Schuyler,36
2OA1,39155,Trumbull,39
2OA2,39015,Brown,39
2OA3,39043,Erie,39
2OA4,39023,Clark,39
2OA5,39159,Union,39
2OA6,39059,Guernsey,39
2OA7,39025,Clermont,39
2OG2,41029,Jackson,41
2OG3,41005,Clackamas,41
2OG4,41025,Harney,41
2OH0,39041,Delaware,39
2OH1,39123,Ottawa,39
2OH3,39001,Adams,39
2OH4,39139,Richland,39
2OH5,39113,Montgomery,39
2OH6,39109,Miami,39
2OH7,39015,Brown,39
2OH8,39129,Pickaway,39
2OH9,39165,Warren,39
2OI2,39165,Warren,39
2OI3,39173,Wood,39
2OI4,39103,Medina,39
OH11,39017,Butler,39
2OI6,39049,Franklin,39
2OI7,39049,Franklin,39
2OI8,39005,Ashland,39
2OI9,39049,Franklin,39
2OK,02020,Anchorage,02
2OK2,40027,Cleveland,40
2OK4,40111,Okmulgee,40
2OK5,40075,Kiowa,40
2OK7,40087,McClain,40
2OL2,40143,Tulsa,40
2OR0,41005,Clackamas,41
2OR1,41065,Wasco,41
2OR2,41013,Crook,41
2OR3,41047,Marion,41
2OR4,41019,Douglas,41
2OR6,41045,Malheur,41
2OR9,41051,Multnomah,41
2P2,55029,Door,55
2P4,26013,Baraga,26
2P5,34011,Cumberland,34
2P7,39013,Belmont,39
2PA1,42103,Pike,42
2PA3,42127,Wayne,42
2PA4,42127,Wayne,42
2PA5,42083,McKean,42
2PA6,42011,Berks,42
2PA7,42099,Perry,42
2PA8,42099,Perry,42
2PA9,42091,Montgomery,42
2PN1,42117,Tioga,42
2PN2,42133,York,42
2PN4,42111,Somerset,42
2PN5,42009,Bedford,42
2PN7,42019,Butler,42
2PN8,42101,Philadelphia,42
2PN9,42045,Delaware,42
2PS0,42091,Montgomery,42
2PS2,42133,York,42
2PS3,42001,Adams,42
2PS4,42071,Lancaster,42
2PS5,42097,Northumberland,42
2PS7,42091,Montgomery,42
2PS9,42101,Philadelphia,42
25NV,32510,Carson City,32
2Q9,32009,Esmeralda,32
2R3,02122,Kenai Peninsula,02
2RI7,44005,Newport,44
2S0,53047,Okanogan,53
2S1,53033,King,53
2S2,41035,Klamath,41
2S3,26037,Clinton,26
2S5,53017,Douglas,53
2S6,41071,Yamhill,41
2SC2,45079,Richland,45
2SC3,45013,Beaufort,45
2SC4,45013,Beaufort,45
2SC5,45059,Laurens,45
2SC6,45079,Richland,45
2SC7,45019,Charleston,45
2SC8,45063,Lexington,45
2SD0,46081,Lawrence,46
2SD1,46099,Minnehaha,46
2SD2,46053,Gregory,46
2SD4,46035,Davison,46
2SD5,46093,Meade,46
2SD6,46083,Lincoln,46
2SD7,46125,Turner,46
2SD9,46045,Edmunds,46
2T2,17049,Effingham,17
2T7,26091,Lenawee,26
2TA1,48005,Angelina,48
2TA2,48113,Dallas,48
2TA3,48109,Culberson,48
2TA4,48015,Austin,48
2TA6,48161,Freestone,48
2TA8,48047,Brooks,48
2TE0,48039,Brazoria,48
2TE1,48167,Galveston,48
2TE2,48439,Tarrant,48
2TE4,48481,Wharton,48
2TE5,48149,Fayette,48
2TE6,48255,Karnes,48
2TE7,48169,Garza,48
2TE9,48123,DeWitt,48
2TN0,47157,Shelby,47
2TN1,47097,Lauderdale,47
2TN2,47069,Hardeman,47
2TN4,47157,Shelby,47
2TN5,47107,McMinn,47
2TN6,47037,Davidson,47
2TN7,47145,Roane,47
2TN8,47041,DeKalb,47
2TN9,47131,Obion,47
2TS0,48121,Denton,48
2TS1,48449,Titus,48
2TS2,48061,Cameron,48
2TS3,48309,McLennan,48
2TS4,48213,Henderson,48
T56,48139,Ellis,48
2TS7,48367,Parker,48
2TS8,48493,Wilson,48
2TX0,48381,Randall,48
2TX1,48029,Bexar,48
2TX2,48143,Erath,48
2TX3,48271,Kinney,48
2TX4,48479,Webb,48
2TX5,48099,Coryell,48
2TX6,48303,Lubbock,48
2TX7,48497,Wise,48
2TX8,48121,Denton,48
2TX9,48201,Harris,48
2U0,16039,Elmore,16
2U4,16011,Bingham,16
2U5,16049,Idaho,16
2U7,16037,Custer,16
2U8,16037,Custer,16
2UT2,49025,Kane,49
2UT3,49003,Box Elder,49
2UT4,49051,Wasatch,49
2UT5,49053,Washington,49
2UT9,49005,Cache,49
2VA,19119,Lyon,19
2VA0,51019,Bedford,51
2VA1,51133,Northumberland,51
2VA2,51181,Surry,51
2VA3,51007,Amelia,51
2VA4,51069,Frederick,51
2VA5,51119,Middlesex,51
2VA6,51119,Middlesex,51
2VA7,51810,Virginia Beach,51
2VA8,51800,Suffolk,51
2VE2,32003,Clark,32
2VG2,51061,Fauquier,51
2VG3,51165,Rockingham,51
2VG4,51125,Nelson,51
2VG5,51810,Virginia Beach,51
2VG6,51153,Prince William,51
2VG7,51177,Spotsylvania,51
2VG8,51159,Richmond,51
2VG9,51199,York,51
2VI2,02122,Kenai Peninsula,02
2VT2,50013,Grand Isle,50
2W1,53037,Kittitas,53
2W2,24013,Carroll,24
2W3,53053,Pierce,53
2WA0,53053,Pierce,53
2WA1,53009,Clallam,53
2WA3,53055,San Juan,53
2WA4,53035,Kitsap,53
2WA5,53025,Grant,53
2WA6,53017,Douglas,53
2WA8,53043,Lincoln,53
2WA9,53013,Columbia,53
2WI0,55073,Marathon,55
2WI1,55025,Dane,55
2WI3,55079,Milwaukee,55
2WI4,55127,Walworth,55
2WI5,55051,Iron,55
2WI6,55025,Dane,55
2WI7,55025,Dane,55
2WI8,55117,Sheboygan,55
2WN3,55135,Waupaca,55
2WN5,55057,Juneau,55
2WN6,55019,Clark,55
2WN7,55139,Winnebago,55
2WN8,55139,Winnebago,55
2WN9,53039,Klickitat,53
2WS2,55013,Burnett,55
2WS3,55009,Brown,55
2WS4,55105,Rock,55
2WV2,54041,Lewis,54
2WV3,54105,Wirt,54
2WV5,54063,Monroe,54
2WV6,54069,Ohio,54
2WY3,56035,Sublette,56
2WY4,56021,Laramie,56
2WY8,56029,Park,56
2X2,02170,Matanuska-Susitna,02
2XA0,48155,Foard,48
2XA1,48283,La Salle,48
2XA2,48039,Brazoria,48
2XA3,48201,Harris,48
2XA5,48055,Caldwell,48
2XA6,48029,Bexar,48
2XA7,48183,Gregg,48
2XA8,48161,Freestone,48
2XA9,48353,Nolan,48
2XS0,48061,Cameron,48
2XS1,48031,Blanco,48
2XS2,48323,Maverick,48
2XS3,48001,Anderson,48
2XS4,48181,Grayson,48
2XS5,48031,Blanco,48
2XS6,48019,Bandera,48
2XS7,48463,Uvalde,48
2XS8,48463,Uvalde,48
2XS9,48463,Uvalde,48
2Y1,19083,Hardin,19
2Y3,02282,Yakutat,02
2Z2,02290,Yukon-Koyukuk,02
2Z3,02068,Denali,02
2Z5,02090,Fairbanks North Star,02
2Z6,02220,Sitka,02
30AK,02122,Kenai Peninsula,02
30AL,01103,Morgan,01
30AR,05023,Cleburne,05
30CA,06063,Plumas,06
30CL,06037,Los Angeles,06
30CN,06071,San Bernardino,06
30CO,08043,Fremont,08
30F,48121,Denton,48
30FA,12055,Highlands,12
30FD,12011,Broward,12
30FL,12107,Putnam,12
09GE,13085,Dawson,13
30GE,13195,Madison,13
30IL,17025,Clay,17
30IS,17037,DeKalb,17
30KY,21231,Wayne,21
30LA,22075,Plaquemines,22
30LL,17137,Morgan,17
30LS,22055,Lafayette,22
30M,28143,Tunica,28
30MA,25027,Worcester,25
30ME,23011,Kennebec,23
30MI,26021,Berrien,26
30MN,27047,Freeborn,27
30MO,29105,Laclede,29
30MT,30049,Lewis and Clark,30
30NC,37059,Davie,37
30NE,31001,Adams,31
30NJ,34021,Mercer,34
30NM,35059,Union,35
30NR,37017,Bladen,37
30NV,32005,Douglas,32
30NY,36069,Ontario,36
30OH,39139,Richland,39
OL41,40063,Hughes,40
30OR,41009,Columbia,41
30PN,42003,Allegheny,42
30SD,46013,Brown,46
30TA,48491,Williamson,48
30TE,48107,Crosby,48
30TN,47037,Davidson,47
30TX,48171,Gillespie,48
30VA,51185,Tazewell,51
30WA,53013,Columbia,53
30XA,48121,Denton,48
5NC2,37059,Davie,37
31AK,02090,Fairbanks North Star,02
31AL,01061,Geneva,01
31AR,05141,Van Buren,05
31CA,06059,Orange,06
31CD,08055,Huerfano,08
31CL,06037,Los Angeles,06
31CT,09015,Windham,09
31D,42003,Allegheny,42
31FA,12119,Sumter,12
31FD,12039,Gadsden,12
31FL,12097,Osceola,12
31GA,13121,Fulton,13
31GE,13289,Twiggs,13
31ID,16017,Bonner,16
31IL,17003,Alexander,17
31IN,18157,Tippecanoe,18
31IS,17125,Mason,17
K22,20155,Reno,20
31KY,21017,Bourbon,21
31LA,22001,Acadia,22
31LS,22045,Iberia,22
31MA,25015,Hampshire,25
31MD,24047,Worcester,24
31ME,23005,Cumberland,23
31MO,29003,Andrew,29
31MT,30013,Cascade,30
31NC,37119,Mecklenburg,37
31NE,31107,Knox,31
31NH,33015,Rockingham,33
31OH,39139,Richland,39
31OK,40041,Delaware,40
31OR,41039,Lane,41
31PA,42045,Delaware,42
31PN,42017,Bucks,42
31TE,48201,Harris,48
31TN,47099,Lawrence,47
31TS,48231,Hunt,48
31TT,48085,Collin,48
31TX,48309,McLennan,48
31UT,49035,Salt Lake,49
31VA,51093,Isle of Wight,51
31WA,53053,Pierce,53
W11,55055,Jefferson,55
31WN,55137,Waushara,55
31XS,48231,Hunt,48
32AK,02090,Fairbanks North Star,02
32AL,01089,Madison,01
32AR,05001,Arkansas,05
32AZ,04013,Maricopa,04
32CA,06031,Kings,06
32CL,06113,Yolo,06
32CN,06037,Los Angeles,06
32CO,08043,Fremont,08
32FA,12093,Okeechobee,12
32FD,12057,Hillsborough,12
32GA,13237,Putnam,13
32ID,16025,Camas,16
32II,18155,Switzerland,18
32IL,17003,Alexander,17
32IS,17125,Mason,17
32KS,20101,Lane,20
32KY,21117,Kenton,21
32LA,22023,Cameron,22
32LS,22105,Tangipahoa,22
32MA,25003,Berkshire,25
32MD,24035,Queen Anne's,24
32MI,26125,Oakland,26
32MN,27145,Stearns,27
32MS,28091,Marion,28
32MT,30057,Madison,30
32NC,37155,Robeson,37
32NE,31041,Custer,31
32NH,33009,Grafton,33
32NJ,34025,Monmouth,34
32NR,37159,Rowan,37
32NY,25027,Worcester,25
32OH,39139,Richland,39
32OR,41065,Wasco,41
32PN,42007,Beaver,42
32TA,48177,Gonzales,48
2G5,48053,Burnet,48
32TN,47051,Franklin,47
32TS,48453,Travis,48
32TT,48441,Taylor,48
32TX,48015,Austin,48
32WI,55087,Outagamie,55
32WN,55083,Oconto,55
32WS,55095,Polk,55
32WY,56023,Lincoln,56
32XA,48135,Ector,48
32XS,48139,Ellis,48
33A,45083,Spartanburg,45
33AK,02170,Matanuska-Susitna,02
33AL,01123,Tallapoosa,01
33AR,05023,Cleburne,05
33AZ,04025,Yavapai,04
33C,26139,Ottawa,26
33CL,06079,San Luis Obispo,06
33CO,08023,Costilla,08
33CT,09005,Litchfield,09
33FA,12093,Okeechobee,12
33FD,12067,Lafayette,12
33FL,12097,Osceola,12
33GA,13119,Franklin,13
33ID,16025,Camas,16
33II,18041,Fayette,18
33IL,17039,De Witt,17
33IN,18175,Washington,18
33IS,17173,Shelby,17
33KS,20177,Shawnee,20
33KY,21059,Daviess,21
33LA,22055,Lafayette,22
33LL,17079,Jasper,17
33LS,22055,Lafayette,22
33MS,28073,Lamar,28
33MT,30029,Flathead,30
33NC,37195,Wilson,37
33NE,31161,Sheridan,31
33NH,33013,Merrimack,33
33NJ,34025,Monmouth,34
33NR,37115,Madison,37
33NY,36039,Greene,36
33OA,39017,Butler,39
33OH,39159,Union,39
33OI,39103,Medina,39
33OK,40083,Logan,40
33OR,41039,Lane,41
33PN,42091,Montgomery,42
33SC,45041,Florence,45
33TA,48339,Montgomery,48
33TN,47011,Bradley,47
33TS,48051,Burleson,48
33UT,49049,Utah,49
33VA,51083,Halifax,51
33VT,50017,Orange,50
33WA,53001,Adams,53
33WI,55009,Brown,55
33WV,54061,Monongalia,54
33WY,56023,Lincoln,56
33XS,48403,Sabine,48
34AK,02170,Matanuska-Susitna,02
34AL,01117,Shelby,01
34AR,05111,Poinsett,05
34CD,08069,Larimer,08
34CL,06089,Shasta,06
34CN,06047,Merced,06
34CO,08005,Arapahoe,08
34FA,12009,Brevard,12
34FD,12127,Volusia,12
34G,26091,Lenawee,26
34GA,13067,Cobb,13
34IA,19117,Lucas,19
34ID,16035,Clearwater,16
34II,18095,Madison,18
34IL,17057,Fulton,17
34IS,17099,LaSalle,17
34JY,34001,Atlantic,34
34KS,20173,Sedgwick,20
34KY,21141,Logan,21
34LA,22011,Beauregard,22
34LL,17101,Lawrence,17
34MA,25009,Essex,25
34MI,26139,Ottawa,26
34MO,29127,Marion,29
34MS,28059,Jackson,28
34MT,30067,Park,30
34NC,37119,Mecklenburg,37
34ND,38017,Cass,38
34NE,31111,Lincoln,31
34NH,33011,Hillsborough,33
34NK,36063,Niagara,36
34NY,36099,Seneca,36
34OH,39039,Defiance,39
34OI,39169,Wayne,39
34OR,41051,Multnomah,41
34PN,42099,Perry,42
34PS,42089,Monroe,42
34SC,45089,Williamsburg,45
34TE,48139,Ellis,48
34TN,47133,Overton,47
34TS,48091,Comal,48
34TX,48367,Parker,48
34U,26055,Grand Traverse,26
34VA,51107,Loudoun,51
34WA,53011,Clark,53
34WI,55111,Sauk,55
34XA,48491,Williamson,48
34XS,48339,Montgomery,48
35C,26081,Kent,26
35CA,06037,Los Angeles,06
35CO,08039,Elbert,08
35FA,12001,Alachua,12
35FD,12041,Gilchrist,12
35FL,12031,Duval,12
35GA,13135,Gwinnett,13
35IA,19045,Clinton,19
35ID,16059,Lemhi,16
35IL,17011,Bureau,17
35IN,18159,Tipton,18
35IS,17173,Shelby,17
35JY,34035,Somerset,34
35KY,21213,Simpson,21
35L,26093,Livingston,26
35LA,22113,Vermilion,22
35LL,17033,Crawford,17
35LS,22037,East Feliciana,22
35M,28047,Harrison,28
35ME,23013,Knox,23
35MI,26045,Eaton,26
35MN,27037,Dakota,27
35MO,29217,Vernon,29
35MT,30111,Yellowstone,30
35MU,29163,Pike,29
35NC,37097,Iredell,37
35NE,31101,Keith,31
35NH,33015,Rockingham,33
35NJ,42077,Lehigh,42
35NK,36073,Orleans,36
35NR,37115,Madison,37
35OH,39151,Stark,39
35OI,39049,Franklin,39
35OL,40153,Woodward,40
35SC,45055,Kershaw,45
35TA,48085,Collin,48
35TN,47041,DeKalb,47
35TX,48441,Taylor,48
35VA,51117,Mecklenburg,51
35W,55089,Ozaukee,55
35WA,53001,Adams,53
35WI,55127,Walworth,55
35XA,48373,Polk,48
35XS,48337,Montague,48
36AA,01065,Hale,01
36AK,02170,Matanuska-Susitna,02
36AL,01045,Dale,01
36AR,05147,Woodruff,05
36CA,06031,Kings,06
36CL,06073,San Diego,06
36CO,08041,El Paso,08
36FA,12097,Osceola,12
36FD,12005,Bay,12
36FL,12103,Pinellas,12
36GA,13247,Rockdale,13
36H,02013,Aleutians East,02
36ID,16039,Elmore,16
36II,18063,Hendricks,18
36IL,17013,Calhoun,17
36IN,18141,St. Joseph,18
36IS,17187,Warren,17
36KS,20133,Neosho,20
36KY,21229,Washington,21
36LA,22055,Lafayette,22
36LL,17013,Calhoun,17
36MA,25025,Suffolk,25
36ME,23027,Waldo,23
22T,26091,Lenawee,26
36MO,29161,Phelps,29
36MT,30027,Fergus,30
36NE,31107,Knox,31
36NH,33011,Hillsborough,33
36NJ,34029,Ocean,34
36NR,37091,Hertford,37
36OH,39031,Coshocton,39
36OI,39137,Putnam,39
36OK,40125,Pottawatomie,40
36OR,41039,Lane,41
36PA,42101,Philadelphia,42
36PN,42045,Delaware,42
36TA,48029,Bexar,48
36TE,48201,Harris,48
36TN,47125,Montgomery,47
36TS,48491,Williamson,48
36UT,49043,Summit,49
36VA,51067,Franklin,51
36VT,50013,Grand Isle,50
36WI,55063,La Crosse,55
36XS,48087,Collingsworth,48
37AL,01115,St. Clair,01
37AZ,04021,Pinal,04
37CA,06065,Riverside,06
37CL,06073,San Diego,06
37CO,08085,Montrose,08
37FA,12095,Orange,12
37FL,12041,Gilchrist,12
OH71,39109,Miami,39
37IA,19045,Clinton,19
37ID,16049,Idaho,16
37II,18099,Marshall,18
37IL,17107,Logan,17
37IN,18157,Tippecanoe,18
37IS,17111,McHenry,17
37KY,21067,Fayette,21
37LA,22029,Concordia,22
37LL,17157,Randolph,17
37LS,22045,Iberia,22
37M,29069,Dunklin,29
37MA,25013,Hampden,25
37MI,26125,Oakland,26
37MO,29025,Caldwell,29
37MS,28049,Hinds,28
37N,38055,McLean,38
37NC,37023,Burke,37
37ND,38025,Dunn,38
37NE,31131,Otoe,31
37NH,33013,Merrimack,33
37NJ,34033,Salem,34
37NR,37113,Macon,37
37NY,36003,Allegany,36
37OH,39035,Cuyahoga,39
37OK,40123,Pontotoc,40
37OR,41061,Union,41
37PA,42109,Snyder,42
37PN,42133,York,42
37S,30105,Valley,30
37TA,48113,Dallas,48
37TE,48167,Galveston,48
37TN,47123,Monroe,47
37TS,48231,Hunt,48
37TX,48411,San Saba,48
37VA,51760,Richmond,51
37VT,50001,Addison,50
37WA,53001,Adams,53
37WI,55025,Dane,55
37XA,48473,Waller,48
37XS,48217,Hill,48
38AK,02170,Matanuska-Susitna,02
38AL,01113,Russell,01
38AR,05007,Benton,05
38C,26107,Mecosta,26
38CL,06101,Sutter,06
38CN,06101,Sutter,06
38CO,08085,Montrose,08
38FD,12105,Polk,12
38FL,12109,St. Johns,12
38GA,13139,Hall,13
38GE,13297,Walton,13
38I,39021,Champaign,39
38IA,19063,Emmet,19
38ID,16027,Canyon,16
38II,18133,Putnam,18
38IN,18063,Hendricks,18
38IS,17067,Hancock,17
38K,20167,Russell,20
38KS,20103,Leavenworth,20
38KY,21081,Grant,21
38LA,22039,Evangeline,22
38LL,17119,Madison,17
38LS,22099,St. Martin,22
38MI,26005,Allegan,26
38MN,27171,Wright,27
38MO,29163,Pike,29
38MT,30081,Ravalli,30
38N,10001,Kent,10
38ND,38017,Cass,38
38NE,31081,Hamilton,31
38NJ,34029,Ocean,34
38NY,36123,Yates,36
38OH,39045,Fairfield,39
38OI,39129,Pickaway,39
38OK,40137,Stephens,40
38OR,41049,Morrow,41
38PA,42017,Bucks,42
38PN,42049,Erie,42
38SC,45021,Cherokee,45
38TE,48201,Harris,48
38TN,47165,Sumner,47
38TS,48201,Harris,48
38TT,48231,Hunt,48
38UT,49043,Summit,49
NE33,31005,Arthur,31
38VA,51011,Appomattox,51
38VG,51185,Tazewell,51
38VT,50007,Chittenden,50
38W,53073,Whatcom,53
38WA,53055,San Juan,53
38WI,55135,Waupaca,55
38WT,53043,Lincoln,53
38WV,54027,Hampshire,54
38XA,48423,Smith,48
38XS,48247,Jim Hogg,48
39AK,02170,Matanuska-Susitna,02
39AZ,04013,Maricopa,04
39B,23021,Piscataquis,23
39CA,06065,Riverside,06
39CL,06065,Riverside,06
39CN,06045,Mendocino,06
39CO,08085,Montrose,08
39DE,10005,Sussex,10
39FA,12107,Putnam,12
39FD,12123,Taylor,12
39FL,12099,Palm Beach,12
39G,26147,St. Clair,26
39GA,13305,Wayne,13
39IA,19049,Dallas,19
39ID,16057,Latah,16
39II,18113,Noble,18
39IL,17113,McLean,17
39IN,18065,Henry,18
39K,20139,Osage,20
39KY,21199,Pulaski,21
39LA,22039,Evangeline,22
39LL,17067,Hancock,17
39MD,24037,St. Mary's,24
39ME,23009,Hancock,23
39MI,26071,Iron,26
39MO,29077,Greene,29
39MT,30049,Lewis and Clark,30
39NC,37161,Rutherford,37
39NJ,34031,Passaic,34
39NY,36059,Nassau,36
39OH,39029,Columbiana,39
39OK,40087,McClain,40
39OR,41029,Jackson,41
39P,53041,Lewis,53
39PN,42085,Mercer,42
39PS,42049,Erie,42
39R,48039,Brazoria,48
39SC,37071,Gaston,37
39T,26037,Clinton,26
39TA,48277,Lamar,48
39TE,48165,Gaines,48
39TN,47005,Benton,47
39TS,48201,Harris,48
39TT,48251,Johnson,48
39WA,53065,Stevens,53
39WI,55103,Richland,55
39XA,48085,Collin,48
39XS,48267,Kimble,48
39Z,26139,Ottawa,26
3A3,02170,Matanuska-Susitna,02
3A9,46011,Brookings,46
3AA3,02261,Valdez-Cordova,02
3AK2,02170,Matanuska-Susitna,02
3AK3,02170,Matanuska-Susitna,02
3AK4,02122,Kenai Peninsula,02
3AK5,02122,Kenai Peninsula,02
3AK6,02170,Matanuska-Susitna,02
3AK7,02170,Matanuska-Susitna,02
3AK8,02170,Matanuska-Susitna,02
3AK9,02170,Matanuska-Susitna,02
3AL0,01057,Fayette,01
3AL1,01061,Geneva,01
3AL2,01081,Lee,01
3AL3,01125,Tuscaloosa,01
3AL5,01015,Calhoun,01
3AL6,01117,Shelby,01
3AL8,01089,Madison,01
3AL9,01043,Cullman,01
3AR0,05077,Lee,05
3AR1,05089,Marion,05
3AR2,05009,Boone,05
3AR3,05085,Lonoke,05
3AR4,05119,Pulaski,05
3AR5,05145,White,05
3AR6,05119,Pulaski,05
3AR7,05007,Benton,05
3AR8,05023,Cleburne,05
3AR9,05055,Greene,05
3AZ0,04005,Coconino,04
3AZ1,04013,Maricopa,04
3AZ3,04005,Coconino,04
3AZ4,04013,Maricopa,04
3AZ5,04005,Coconino,04
3AZ6,04013,Maricopa,04
3AZ7,04013,Maricopa,04
3AZ8,04009,Graham,04
3B3,25027,Worcester,25
3B8,53053,Pierce,53
3C1,18039,Elkhart,18
0A1,02020,Anchorage,02
3CA1,06059,Orange,06
3CA2,06059,Orange,06
3CA6,06037,Los Angeles,06
3CA7,06053,Monterey,06
3CA8,06037,Los Angeles,06
3CA9,06053,Monterey,06
3CL0,06067,Sacramento,06
3CL1,06037,Los Angeles,06
3CL3,06037,Los Angeles,06
3CL4,06037,Los Angeles,06
3CL5,06037,Los Angeles,06
3CL7,06037,Los Angeles,06
3CL8,06037,Los Angeles,06
3CL9,06111,Ventura,06
3CN2,06083,Santa Barbara,06
3CN4,06059,Orange,06
3CN5,06037,Los Angeles,06
3CN7,06067,Sacramento,06
3CO0,08029,Delta,08
3CO1,08029,Delta,08
3CO2,08075,Logan,08
3CO3,08075,Logan,08
3CO4,08071,Las Animas,08
3CO5,08043,Fremont,08
3CO7,08039,Elbert,08
3CO8,08069,Larimer,08
3CO9,08119,Teller,08
3D1,55075,Marinette,55
3D2,55029,Door,55
3DA,26049,Genesee,26
3E7,48421,Sherman,48
3EV,18163,Vanderburgh,18
3EX,29177,Ray,29
3F5,26037,Clinton,26
3FA0,12085,Martin,12
3FA3,12097,Osceola,12
3FA5,12127,Volusia,12
3FA6,12119,Sumter,12
3FA7,12127,Volusia,12
3FA8,12069,Lake,12
3FD0,12043,Glades,12
3FD2,12069,Lake,12
3FD3,12009,Brevard,12
3FD5,12095,Orange,12
3FD6,12009,Brevard,12
3FD7,12061,Indian River,12
3FD8,12099,Palm Beach,12
3FD9,12117,Seminole,12
3FK,18081,Johnson,18
3FL0,12107,Putnam,12
3FL1,12101,Pasco,12
3FL2,12127,Volusia,12
3FL3,12083,Marion,12
3FL5,12097,Osceola,12
3FL7,12131,Walton,12
3FL8,12063,Jackson,12
3G8,17073,Henry,17
3G9,42019,Butler,42
3GA0,13151,Henry,13
3GA1,13263,Talbot,13
3GA2,13045,Carroll,13
3GA3,13083,Dade,13
3GA4,13121,Fulton,13
3GA5,13045,Carroll,13
3GA6,13045,Carroll,13
3GA8,13283,Treutlen,13
3GA9,13231,Pike,13
3GE1,13049,Charlton,13
3GE2,13135,Gwinnett,13
3GE3,13119,Franklin,13
3GE4,13083,Dade,13
3GE5,13247,Rockdale,13
3GE6,13097,Douglas,13
3GE8,13181,Lincoln,13
3H3,02170,Matanuska-Susitna,02
3H5,17195,Whiteside,17
3IA0,19183,Washington,19
3IA2,19073,Greene,19
3IA3,19153,Polk,19
3IA6,19179,Wapello,19
3IA7,19113,Linn,19
3IA8,19111,Lee,19
3IA9,19189,Winnebago,19
3ID2,16035,Clearwater,16
3ID3,16057,Latah,16
3ID4,16039,Elmore,16
3ID7,16001,Ada,16
3ID9,16085,Valley,16
3IG3,18183,Whitley,18
3II0,18151,Steuben,18
3II1,18119,Owen,18
3II2,18129,Posey,18
3II3,18003,Allen,18
3II4,18157,Tippecanoe,18
3II6,18153,Sullivan,18
3II7,18145,Shelby,18
3II8,18099,Marshall,18
3II9,18003,Allen,18
3IL1,17119,Madison,17
3IL3,17141,Ogle,17
3IL4,17107,Logan,17
3IL6,17145,Perry,17
3IL9,17107,Logan,17
3IN0,18127,Porter,18
3IN5,18113,Noble,18
3IN6,18019,Clark,18
3IN7,18141,St. Joseph,18
3IN8,18099,Marshall,18
3IN9,18057,Hamilton,18
3IS1,17021,Christian,17
3IS2,17187,Warren,17
3IS3,17021,Christian,17
3IS4,17085,Jo Daviess,17
3IS5,17167,Sangamon,17
3IS6,17081,Jefferson,17
3IS7,17123,Marshall,17
3IS8,17011,Bureau,17
3IS9,17077,Jackson,17
3J6,13049,Charlton,13
3JY2,34027,Morris,34
3JY6,34011,Cumberland,34
3K9,02170,Matanuska-Susitna,02
3KK,17091,Kankakee,17
3KS,20119,Meade,20
3KS0,20177,Shawnee,20
3KS2,20035,Cowley,20
3KS3,20191,Sumner,20
3KS4,20093,Kearny,20
3KS5,20173,Sedgwick,20
3KS6,20161,Riley,20
3KS7,20173,Sedgwick,20
3KS8,20099,Labette,20
3KS9,20067,Grant,20
3KY1,21059,Daviess,21
3KY3,21215,Spencer,21
3KY4,21041,Carroll,21
3KY5,21041,Carroll,21
3KY8,21117,Kenton,21
3KY9,21211,Shelby,21
3L7,26001,Alcona,26
3LA0,22113,Vermilion,22
3LA1,22003,Allen,22
3LA2,22103,St. Tammany,22
3LA4,22023,Cameron,22
3LA6,22019,Calcasieu,22
3LA7,22099,St. Martin,22
3LA8,22019,Calcasieu,22
3LA9,22019,Calcasieu,22
3LL0,17201,Winnebago,17
3LL1,17163,St. Clair,17
3LL2,17073,Henry,17
3LL3,17023,Clark,17
3LL4,17111,McHenry,17
3LL5,17111,McHenry,17
3LL6,17163,St. Clair,17
3LL7,17011,Bureau,17
3LL8,17065,Hamilton,17
3LL9,17119,Madison,17
3LS7,17107,Logan,17
3LS8,22103,St. Tammany,22
3M0,05005,Baxter,05
3M1,29085,Hickory,29
3M5,01089,Madison,01
3MA0,25017,Middlesex,25
3MA1,25017,Middlesex,25
3MA2,25003,Berkshire,25
3MA3,25001,Barnstable,25
3MA4,25001,Barnstable,25
3MA5,25005,Bristol,25
3MA6,25005,Bristol,25
3MA8,25009,Essex,25
3MA9,25001,Barnstable,25
3MD0,24021,Frederick,24
3MD1,24033,Prince George's,24
3MD2,24023,Garrett,24
3MD3,24047,Worcester,24
3MD4,24003,Anne Arundel,24
3MD5,24019,Dorchester,24
3MD6,24037,St. Mary's,24
3MD7,24005,Baltimore,24
3MD9,24037,St. Mary's,24
3ME8,23005,Cumberland,23
3MI0,26035,Clare,26
3MI3,26125,Oakland,26
3MI4,26077,Kalamazoo,26
3MI6,26125,Oakland,26
3MI7,26125,Oakland,26
3MI9,26041,Delta,26
3MN0,27171,Wright,27
3MN2,27017,Carlton,27
3MN6,27013,Blue Earth,27
3MN7,27027,Clay,27
3MN9,27171,Wright,27
23MU,29185,St. Clair,29
3MO1,29095,Jackson,29
3MO2,29071,Franklin,29
3MO3,29095,Jackson,29
3MO4,29143,New Madrid,29
3MO5,29097,Jasper,29
3MO7,29187,St. Francois,29
3MS0,28021,Claiborne,28
3MS1,28093,Marshall,28
3MS3,28089,Madison,28
3MS4,28059,Jackson,28
3MS5,28015,Carroll,28
3MS6,28089,Madison,28
3MS8,28103,Noxubee,28
3MS9,28099,Neshoba,28
3MT2,30031,Gallatin,30
3MT3,30095,Stillwater,30
3MT5,30023,Deer Lodge,30
3MT6,30031,Gallatin,30
3MT9,30039,Granite,30
3N5,34037,Sussex,34
3N8,27087,Mahnomen,27
3NA0,38091,Steele,38
3NA2,38055,McLean,38
3NA6,38103,Wells,38
3NA7,38031,Foster,38
3NC0,37023,Burke,37
3NC1,37197,Yadkin,37
3NC2,37183,Wake,37
3NC3,37167,Stanly,37
3NC4,37179,Union,37
3NC5,37097,Iredell,37
3NC6,37025,Cabarrus,37
3NC7,37005,Alleghany,37
3NC8,37099,Jackson,37
3NC9,37135,Orange,37
3ND5,38003,Barnes,38
3ND6,38043,Kidder,38
3NE2,31013,Box Butte,31
3NE3,31137,Phelps,31
3NE5,31025,Cass,31
3NE7,31069,Garden,31
3NH2,33005,Cheshire,33
3NH4,33015,Rockingham,33
3NH9,33001,Belknap,33
3NJ0,34035,Somerset,34
3NJ1,34005,Burlington,34
3NJ2,34021,Mercer,34
3NJ3,34023,Middlesex,34
3NJ4,34021,Mercer,34
3NJ5,34019,Hunterdon,34
3NJ6,34005,Burlington,34
3NJ8,34035,Somerset,34
3NJ9,34005,Burlington,34
3NK0,36055,Monroe,36
3NK1,36105,Sullivan,36
3NK2,36077,Otsego,36
3NK3,36027,Dutchess,36
3NK4,36013,Chautauqua,36
3NK5,36019,Clinton,36
3NK6,36051,Livingston,36
3NK7,36095,Schoharie,36
3NK8,36021,Columbia,36
3NK9,36015,Chemung,36
3NO,31055,Douglas,31
3NP,26075,Jackson,26
3NR3,37175,Transylvania,37
3NR4,37139,Pasquotank,37
3NR5,37135,Orange,37
3NV1,32003,Clark,32
3NV3,32031,Washoe,32
3NY0,36057,Montgomery,36
3NY2,36081,Queens,36
3NY3,36077,Otsego,36
3NY5,36007,Broome,36
3NY6,36093,Schenectady,36
3NY7,36057,Montgomery,36
3O5,40033,Cotton,40
3O8,06019,Fresno,06
3OA3,39093,Lorain,39
3OA9,39159,Union,39
3OG3,41035,Klamath,41
3OH0,39023,Clark,39
3OH1,39135,Preble,39
3OH4,39007,Ashtabula,39
3OH6,39003,Allen,39
3OH8,39157,Tuscarawas,39
3OH9,39057,Greene,39
3OI6,39005,Ashland,39
3OI7,39061,Hamilton,39
3OI8,39095,Lucas,39
3OI9,39035,Cuyahoga,39
3OK0,40123,Pontotoc,40
3OK3,40097,Mayes,40
3OK4,40109,Oklahoma,40
3OK5,40049,Garvin,40
3OK7,40113,Osage,40
3OK8,40143,Tulsa,40
3OK9,40125,Pottawatomie,40
3OL8,40035,Craig,40
3OR0,41051,Multnomah,41
3OR2,41061,Union,41
3OR4,41051,Multnomah,41
3OR5,41047,Marion,41
3OR7,41009,Columbia,41
3OR8,41017,Deschutes,41
3OR9,41045,Malheur,41
3PA0,42075,Lebanon,42
3PA4,42015,Bradford,42
3PA5,42129,Westmoreland,42
3PA6,42119,Union,42
3PA7,42013,Blair,42
3PA8,42029,Chester,42
3PA9,42017,Bucks,42
3PN0,42001,Adams,42
3PN1,42069,Lackawanna,42
3PN2,42001,Adams,42
3PN3,42079,Luzerne,42
3PN4,42073,Lawrence,42
3PN5,42077,Lehigh,42
3PN6,42039,Crawford,42
3PN7,42115,Susquehanna,42
3PN9,42129,Westmoreland,42
3PS0,42029,Chester,42
3PS1,42091,Montgomery,42
3PS4,42027,Centre,42
3PS5,42097,Northumberland,42
3PS7,42127,Wayne,42
3PS8,42043,Dauphin,42
3PS9,42125,Washington,42
3Q0,32021,Mineral,32
3R8,18143,Scott,18
GA82,13113,Fayette,13
3S2,23017,Oxford,23
3S5,26037,Clinton,26
3S6,41019,Douglas,41
3S7,41057,Tillamook,41
3SC3,45031,Darlington,45
3SC4,45083,Spartanburg,45
3SC5,45045,Greenville,45
SC57,45089,Williamsburg,45
3SD3,46033,Custer,46
3SD4,46083,Lincoln,46
3SD5,46081,Lawrence,46
3T0,48181,Grayson,48
3T2,48039,Brazoria,48
3T4,02240,Southeast Fairbanks,02
3T6,48121,Denton,48
3T7,39123,Ottawa,39
3T8,48309,McLennan,48
3TA,20185,Stafford,20
3TA0,48137,Edwards,48
3TA2,48015,Austin,48
3TA3,48019,Bandera,48
3TA4,48333,Mills,48
3TA5,48031,Blanco,48
3TA6,48271,Kinney,48
3TA7,48497,Wise,48
3TA8,48507,Zavala,48
3TA9,48507,Zavala,48
3TE,26091,Lenawee,26
3TE0,48185,Grimes,48
3TE1,48291,Liberty,48
3TE2,48201,Harris,48
3TE3,48085,Collin,48
3TE4,48377,Presidio,48
3TE5,48065,Carson,48
3TE6,48065,Carson,48
3TE8,48043,Brewster,48
3TN0,47163,Sullivan,47
3TN1,47157,Shelby,47
3TN3,47183,Weakley,47
3TN5,47163,Sullivan,47
3TN6,47047,Fayette,47
3TN7,47155,Sevier,47
3TN8,47105,Loudon,47
3TN9,47147,Robertson,47
3TS0,48203,Harrison,48
3TS1,48209,Hays,48
3TS2,48309,McLennan,48
3TS3,48039,Brazoria,48
3TS4,48039,Brazoria,48
3TS8,48201,Harris,48
3TS9,48119,Delta,48
3TX0,48355,Nueces,48
3TX1,48213,Henderson,48
3TX2,48121,Denton,48
3TX6,48251,Johnson,48
3TX7,48121,Denton,48
3TX9,48251,Johnson,48
3U0,16073,Owyhee,16
3U1,16049,Idaho,16
3U2,16085,Valley,16
3U5,30049,Lewis and Clark,30
3U9,30043,Jefferson,30
3UT6,49035,Salt Lake,49
3UT8,49023,Juab,49
3UT9,49023,Juab,49
3VA0,51061,Fauquier,51
3VA1,51061,Fauquier,51
3VA2,51061,Fauquier,51
3VA3,51061,Fauquier,51
3VA4,51159,Richmond,51
3VA5,51107,Loudoun,51
3VA7,51043,Clarke,51
3VA8,51093,Isle of Wight,51
3VA9,51590,Danville,51
3VG2,51131,Northampton,51
3VG3,51133,Northumberland,51
3VG7,51179,Stafford,51
3VG9,51083,Halifax,51
3VS,29141,Morgan,29
3W2,39123,Ottawa,39
3W3,24035,Queen Anne's,24
3W5,53057,Skagit,53
3W6,37017,Bladen,37
3W9,39123,Ottawa,39
3WA0,53067,Thurston,53
3WA1,53007,Chelan,53
3WA2,53043,Lincoln,53
3WA3,53021,Franklin,53
3WA4,53021,Franklin,53
3WA5,53029,Island,53
3WA7,53033,King,53
3WA8,53033,King,53
3WI0,55061,Kewaunee,55
3WI1,55059,Kenosha,55
3WI2,55055,Jefferson,55
3WI3,55073,Marathon,55
3WI4,55073,Marathon,55
3WI5,55127,Walworth,55
3WI6,55105,Rock,55
3WI8,55137,Waushara,55
3WI9,55017,Chippewa,55
3WN1,55049,Iowa,55
3WN2,55007,Bayfield,55
3WN3,55059,Kenosha,55
3WN4,55135,Waupaca,55
3WN6,55005,Barron,55
3WN7,55071,Manitowoc,55
3WN8,55017,Chippewa,55
3WN9,55121,Trempealeau,55
3WS9,55111,Sauk,55
3WV2,54099,Wayne,54
3WV6,54081,Raleigh,54
3WV7,54033,Harrison,54
3X5,39123,Ottawa,39
3XA0,48251,Johnson,48
3XA1,48097,Cooke,48
3XA2,48321,Matagorda,48
3XA4,48215,Hidalgo,48
3XA5,48201,Harris,48
3XA6,48453,Travis,48
3XA7,48319,Mason,48
3XA8,48251,Johnson,48
3XA9,48245,Jefferson,48
3XS1,48321,Matagorda,48
3XS2,48469,Victoria,48
3XS4,48361,Orange,48
3XS5,48029,Bexar,48
3XS6,48183,Gregg,48
3XS7,48121,Denton,48
3XS8,48473,Waller,48
3XS9,48093,Comanche,48
3Y0,19161,Sac,19
3Y4,19085,Harrison,19
3Y7,46041,Dewey,46
3Z1,02180,Nome,02
3Z8,02070,Dillingham,02
3Z9,02100,Haines,02
40AK,02122,Kenai Peninsula,02
40AL,01077,Lauderdale,01
40AR,05007,Benton,05
40AZ,04021,Pinal,04
40C,26021,Berrien,26
40CA,06037,Los Angeles,06
40CL,06087,Santa Cruz,06
40CN,06065,Riverside,06
40D,55085,Oneida,55
40FD,12105,Polk,12
40GA,13067,Cobb,13
40I,39165,Warren,39
40ID,16025,Camas,16
40IL,17105,Livingston,17
40IN,18013,Brown,18
40IS,17031,Cook,17
40KS,20059,Franklin,20
40KY,21211,Shelby,21
40LA,22083,Richland,22
40LL,17147,Piatt,17
40MA,25017,Middlesex,25
40ME,23017,Oxford,23
40MN,27033,Cottonwood,27
40MT,30049,Lewis and Clark,30
40NC,37189,Watauga,37
40ND,38077,Richland,38
40NE,31183,Wheeler,31
40NJ,34035,Somerset,34
40NK,21111,Jefferson,21
40OI,39103,Medina,39
40OK,40037,Creek,40
40PA,42069,Lackawanna,42
40PN,42113,Sullivan,42
40RI,44005,Newport,44
40TA,48289,Leon,48
40TE,48491,Williamson,48
40TN,47073,Hawkins,47
40TX,48339,Montgomery,48
40UT,49049,Utah,49
40VA,51690,Martinsville,51
40WA,53077,Yakima,53
40WI,55121,Trempealeau,55
40WV,54009,Brooke,54
40XA,48201,Harris,48
40XS,48491,Williamson,48
41AK,02170,Matanuska-Susitna,02
41AL,01073,Jefferson,01
41AR,05019,Clark,05
41AZ,04021,Pinal,04
41C,26005,Allegan,26
41CA,06105,Trinity,06
41CO,08103,Rio Blanco,08
41FA,12105,Polk,12
41FD,12015,Charlotte,12
41FL,12071,Lee,12
41G,26037,Clinton,26
41GA,13063,Clayton,13
41ID,16001,Ada,16
41IG,18107,Montgomery,18
41IN,18043,Floyd,18
41IS,17099,LaSalle,17
41KS,20121,Miami,20
41KY,21111,Jefferson,21
41LA,22015,Bossier,22
41MA,25001,Barnstable,25
41ME,23007,Franklin,23
41MI,26149,St. Joseph,26
41MO,29077,Greene,29
41MS,28083,Leflore,28
41MT,30089,Sanders,30
41NC,37159,Rowan,37
41ND,38101,Ward,38
41NH,33007,Coos,33
41NJ,34017,Hudson,34
41NK,36027,Dutchess,36
41NR,37059,Davie,37
41NY,36031,Essex,36
41OI,39139,Richland,39
41OK,40109,Oklahoma,40
41OR,41039,Lane,41
41PA,42041,Cumberland,42
41PN,42073,Lawrence,42
41TA,48425,Somervell,48
41TE,48265,Kerr,48
41TN,47149,Rutherford,47
41TS,48085,Collin,48
41TT,48265,Kerr,48
41WA,53007,Chelan,53
41WI,55127,Walworth,55
41XA,48091,Comal,48
41XS,48491,Williamson,48
42AL,01023,Choctaw,01
42AR,05005,Baxter,05
42AZ,04017,Navajo,04
42B,09007,Middlesex,09
42C,26123,Newaygo,26
42CA,06065,Riverside,06
42CL,06059,Orange,06
42CN,06019,Fresno,06
42CO,08059,Jefferson,08
42FD,12099,Palm Beach,12
42FL,12087,Monroe,12
42GA,13067,Cobb,13
42IL,17111,McHenry,17
42JY,34011,Cumberland,34
42KS,20007,Barber,20
42KY,21157,Marshall,21
42L,06037,Los Angeles,06
42LA,22101,St. Mary,22
42MA,25027,Worcester,25
42MD,24023,Garrett,24
42ME,23011,Kennebec,23
42MN,27053,Hennepin,27
42MO,29099,Jefferson,29
42MS,28105,Oktibbeha,28
42MT,30063,Missoula,30
42NC,37069,Franklin,37
42NH,33007,Coos,33
42NJ,34033,Salem,34
42NR,37085,Harnett,37
42NY,36023,Cortland,36
42OH,39133,Portage,39
42OI,39089,Licking,39
42OK,40109,Oklahoma,40
42OR,41013,Crook,41
42PA,42029,Chester,42
42PN,42003,Allegheny,42
42SC,45041,Florence,45
42TA,48201,Harris,48
42TN,47079,Henry,47
42TT,48407,San Jacinto,48
42TX,48231,Hunt,48
42UT,49035,Salt Lake,49
42VA,51810,Virginia Beach,51
42VG,51810,Virginia Beach,51
42VT,50007,Chittenden,50
42WA,53043,Lincoln,53
42WI,55107,Rusk,55
42XA,48145,Falls,48
42XS,48131,Duval,48
43AK,02170,Matanuska-Susitna,02
43AL,01071,Jackson,01
43AR,05067,Jackson,05
43AZ,04013,Maricopa,04
43FA,12057,Hillsborough,12
43FD,12097,Osceola,12
4FA1,12083,Marion,12
43G,26161,Washtenaw,26
43GA,13151,Henry,13
43GE,13123,Gilmer,13
43I,18169,Wabash,18
43IA,19045,Clinton,19
43ID,16049,Idaho,16
43IG,53027,Grays Harbor,53
43II,18089,Lake,18
43IL,17031,Cook,17
43IN,18163,Vanderburgh,18
43IS,17019,Champaign,17
43K,20115,Marion,20
43KS,20161,Riley,20
43KY,21111,Jefferson,21
43L,06037,Los Angeles,06
43LA,22017,Caddo,22
43MI,26041,Delta,26
43MN,27137,St. Louis,27
43MO,29037,Cass,29
43MS,28089,Madison,28
43MT,30089,Sanders,30
43NC,37059,Davie,37
43NE,31019,Buffalo,31
43NH,33017,Strafford,33
43NJ,34023,Middlesex,34
43NV,32005,Douglas,32
43OA,39057,Greene,39
43OI,39173,Wood,39
3OK,40081,Lincoln,40
43OR,41043,Linn,41
43PA,42029,Chester,42
43SC,45045,Greenville,45
43TE,48201,Harris,48
43TN,47031,Coffee,47
43TT,48121,Denton,48
43TX,48215,Hidalgo,48
43WA,53033,King,53
43WI,55033,Dunn,55
43XA,48321,Matagorda,48
43XS,48167,Galveston,48
43Y,27071,Koochiching,27
44A,04027,Yuma,04
44AK,02170,Matanuska-Susitna,02
44AZ,04005,Coconino,04
44B,23021,Piscataquis,23
44CN,06037,Los Angeles,06
44CO,08029,Delta,08
44FA,12105,Polk,12
44FL,12085,Martin,12
44G,26091,Lenawee,26
44ID,16085,Valley,16
44II,18069,Huntington,18
44IL,17093,Kendall,17
44IN,18157,Tippecanoe,18
44IS,17149,Pike,17
44KS,20173,Sedgwick,20
44KY,21193,Perry,21
44L,06037,Los Angeles,06
44LA,22011,Beauregard,22
44LL,17117,Macoupin,17
44LS,22105,Tangipahoa,22
44M,40021,Cherokee,40
44MD,24510,Baltimore,24
44ME,23031,York,23
44MI,26067,Ionia,26
44MU,29145,Newton,29
44NC,37159,Rowan,37
44ND,38025,Dunn,38
44NE,31109,Lancaster,31
44NH,33001,Belknap,33
44NK,36095,Schoharie,36
44NR,37183,Wake,37
44NY,36057,Montgomery,36
44OH,39153,Summit,39
44OI,39085,Lake,39
44OR,41005,Clackamas,41
44PA,42027,Centre,42
44PN,42127,Wayne,42
44SC,45075,Orangeburg,45
44T,53067,Thurston,53
44TA,48085,Collin,48
44TE,48053,Burnet,48
44TN,47009,Blount,47
44TS,48299,Llano,48
44TX,48171,Gillespie,48
44VA,51023,Botetourt,51
44WA,53039,Klickitat,53
44WI,55019,Clark,55
44WY,56009,Converse,56
44XA,48355,Nueces,48
45AA,02170,Matanuska-Susitna,02
45AK,02240,Southeast Fairbanks,02
45AL,01101,Montgomery,01
45AR,05089,Marion,05
45CL,06105,Trinity,06
45CN,06109,Tuolumne,06
45CO,08123,Weld,08
45FA,12051,Hendry,12
45FD,12031,Duval,12
45FL,12121,Suwannee,12
45IA,19057,Des Moines,19
45ID,16017,Bonner,16
45IL,17097,Lake,17
45IN,18079,Jennings,18
45IS,17197,Will,17
45KY,21053,Clinton,21
45ME,23015,Lincoln,23
45MN,27119,Polk,27
45MO,29183,St. Charles,29
45MS,28133,Sunflower,28
45MT,30041,Hill,30
45NC,37131,Northampton,37
45NE,31019,Buffalo,31
45NH,33015,Rockingham,33
45NR,37129,New Hanover,37
45NY,36065,Oneida,36
45OG,41059,Umatilla,41
45OH,39025,Clermont,39
45OI,39157,Tuscarawas,39
45OK,40105,Nowata,40
45OR,41011,Coos,41
45PA,42039,Crawford,42
45S,41037,Lake,41
45TN,47073,Hawkins,47
45TS,48299,Llano,48
45TT,48167,Galveston,48
45WA,53077,Yakima,53
45WI,55109,St. Croix,55
45WY,56025,Natrona,56
45XS,48283,La Salle,48
46AK,02122,Kenai Peninsula,02
50AL,01121,Talladega,01
46CL,06037,Los Angeles,06
46CN,06037,Los Angeles,06
46CO,08101,Pueblo,08
46FA,12033,Escambia,12
46FD,12109,St. Johns,12
46FL,12009,Brevard,12
46GA,13051,Chatham,13
46ID,16085,Valley,16
46II,18127,Porter,18
46IL,17109,McDonough,17
46IN,18099,Marshall,18
46KS,20173,Sedgwick,20
46KY,21037,Campbell,21
46LL,17097,Lake,17
46LS,22113,Vermilion,22
ME29,23025,Somerset,23
46MI,26093,Livingston,26
46MS,28091,Marion,28
46N,36027,Dutchess,36
46NC,37179,Union,37
46NE,31135,Perkins,31
46NH,33009,Grafton,33
46NY,36099,Seneca,36
46OH,39099,Mahoning,39
46OI,39095,Lucas,39
46OR,41059,Umatilla,41
46PA,42003,Allegheny,42
46PN,42077,Lehigh,42
46TA,48283,La Salle,48
46TN,47081,Hickman,47
46TX,48039,Brazoria,48
46VA,51075,Goochland,51
46WA,53077,Yakima,53
46WI,55109,St. Croix,55
47AK,02020,Anchorage,02
47AL,01097,Mobile,01
47CA,06071,San Bernardino,06
47CL,06037,Los Angeles,06
47CO,08123,Weld,08
47FA,12087,Monroe,12
47FD,12071,Lee,12
47FL,12083,Marion,12
47G,26117,Montcalm,26
47GA,13093,Dooly,13
47GE,13055,Chattooga,13
47ID,16045,Gem,16
47II,18085,Kosciusko,18
47IN,18153,Sullivan,18
47IS,17201,Winnebago,17
47KS,20045,Douglas,20
47KY,21027,Breckinridge,21
47LA,22019,Calcasieu,22
47MA,25009,Essex,25
47ME,23025,Somerset,23
47MN,27019,Carver,27
47MT,30057,Madison,30
47NC,37051,Cumberland,37
47NE,31109,Lancaster,31
47NJ,34031,Passaic,34
47NY,36101,Steuben,36
47OI,39103,Medina,39
47OK,40017,Canadian,40
47OR,41037,Lake,41
47PA,42027,Centre,42
47PN,42017,Bucks,42
47TA,48121,Denton,48
47TE,48239,Jackson,48
47TS,48313,Madison,48
47TX,48261,Kenedy,48
47VA,51550,Chesapeake,51
47VG,51017,Bath,51
47VT,50001,Addison,50
47WA,53061,Snohomish,53
47WI,55055,Jefferson,55
47XA,48491,Williamson,48
47XS,48303,Lubbock,48
47Y,27111,Otter Tail,27
48AK,02170,Matanuska-Susitna,02
48AL,01003,Baldwin,01
48AR,05111,Poinsett,05
48AZ,04025,Yavapai,04
48CA,06059,Orange,06
48CL,06057,Nevada,06
48CO,08123,Weld,08
48FA,12069,Lake,12
48FD,12099,Palm Beach,12
48FL,12033,Escambia,12
48G,26147,St. Clair,26
48GA,13175,Laurens,13
48IN,18097,Marion,18
48IS,17113,McLean,17
48KS,20169,Saline,20
48KY,21001,Adair,21
48LL,17141,Ogle,17
48LS,22055,Lafayette,22
48MD,24039,Somerset,24
48MI,26005,Allegan,26
48MN,27037,Dakota,27
48MO,29135,Moniteau,29
48MT,30081,Ravalli,30
48MY,27023,Chippewa,27
48NC,37057,Davidson,37
48ND,38029,Emmons,38
48NE,31055,Douglas,31
48NH,33003,Carroll,33
48NJ,34033,Salem,34
48NR,37033,Caswell,37
48OI,39139,Richland,39
48OR,41019,Douglas,41
48P,42089,Monroe,42
48PA,42107,Schuylkill,42
48PN,42133,York,42
48PS,42057,Fulton,42
48SN,20173,Sedgwick,20
48TA,48253,Jones,48
48TE,48465,Val Verde,48
48TT,48001,Anderson,48
48TX,48147,Fannin,48
48U,56037,Sweetwater,56
48VA,51069,Frederick,51
48VT,50007,Chittenden,50
48WA,53077,Yakima,53
48WI,55085,Oneida,55
48X,12081,Manatee,12
48XA,48133,Eastland,48
48XS,48043,Brewster,48
48Y,27135,Roseau,27
49AK,02170,Matanuska-Susitna,02
49AR,05001,Arkansas,05
49AZ,04001,Apache,04
49C,55059,Kenosha,55
49CL,06039,Madera,06
49CN,06103,Tehama,06
49CO,08123,Weld,08
49F,48461,Upton,48
49FD,12039,Gadsden,12
49G,26045,Eaton,26
49GA,13063,Clayton,13
49ID,16075,Payette,16
49II,18121,Parke,18
49IL,17099,LaSalle,17
49IN,18153,Sullivan,18
49IS,17103,Lee,17
49K,20095,Kingman,20
49KS,20161,Riley,20
49KY,21067,Fayette,21
49LA,22033,East Baton Rouge,22
49LL,17115,Macon,17
49LS,22075,Plaquemines,22
49ME,23011,Kennebec,23
49MN,27037,Dakota,27
49MO,29189,St. Louis,29
49MS,28099,Neshoba,28
49MT,30095,Stillwater,30
49MY,27163,Washington,27
49N,36103,Suffolk,36
49NC,37193,Wilkes,37
49NJ,34001,Atlantic,34
49NK,36121,Wyoming,36
49NR,37015,Bertie,37
49NY,36103,Suffolk,36
49OK,40063,Hughes,40
49OR,41023,Grant,41
49PA,42095,Northampton,42
49PN,42093,Montour,42
49S,30035,Glacier,30
49T,48113,Dallas,48
49TE,48477,Washington,48
49TN,47123,Monroe,47
49TS,48085,Collin,48
49TX,48061,Cameron,48
49U,56013,Fremont,56
49VA,51103,Lancaster,51
49WA,53067,Thurston,53
49XA,48215,Hidalgo,48
49XS,48333,Mills,48
4A2,02050,Bethel,02
4A3,02170,Matanuska-Susitna,02
4AA4,02122,Kenai Peninsula,02
4AK,02290,Yukon-Koyukuk,02
4AK0,02170,Matanuska-Susitna,02
4AK1,02185,North Slope,02
4AK2,02170,Matanuska-Susitna,02
4AK3,02261,Valdez-Cordova,02
4AK5,02261,Valdez-Cordova,02
4AK6,02170,Matanuska-Susitna,02
4AK7,02070,Dillingham,02
4AK8,02050,Bethel,02
4AK9,02060,Bristol Bay,02
4AL1,01111,Randolph,01
4AL4,01103,Morgan,01
4AL6,01003,Baldwin,01
4AL7,01071,Jackson,01
4AL8,01103,Morgan,01
4AL9,01101,Montgomery,01
4AR0,05115,Pope,05
4AR1,05085,Lonoke,05
4AR2,05085,Lonoke,05
4AR3,05045,Faulkner,05
4AR5,05037,Cross,05
4AR7,05083,Logan,05
4AR8,05143,Washington,05
4AZ1,04013,Maricopa,04
4AZ2,35027,Lincoln,35
4AZ4,04003,Cochise,04
4AZ5,04013,Maricopa,04
4AZ6,04015,Mohave,04
4AZ8,04019,Pima,04
4AZ9,04003,Cochise,04
4B0,36001,Albany,36
4B1,36093,Schenectady,36
4B9,09003,Hartford,09
IN41,18091,LaPorte,18
4C2,18033,DeKalb,18
4C4,33007,Coos,33
4C7,19083,Hardin,19
4CA0,06037,Los Angeles,06
4CA1,06037,Los Angeles,06
4CA2,06013,Contra Costa,06
4CA3,06001,Alameda,06
4CA4,06037,Los Angeles,06
4CA5,06059,Orange,06
4CA6,06037,Los Angeles,06
4CA7,06007,Butte,06
4CA9,06037,Los Angeles,06
4CD0,08101,Pueblo,08
4CL1,06059,Orange,06
4CL2,06065,Riverside,06
4CL3,06011,Colusa,06
4CL4,06071,San Bernardino,06
4CL5,06067,Sacramento,06
4CL6,06073,San Diego,06
4CL7,06027,Inyo,06
4CL8,06031,Kings,06
4CL9,06071,San Bernardino,06
4CN7,06037,Los Angeles,06
4CO0,08045,Garfield,08
4CO1,08059,Jefferson,08
4CO2,08069,Larimer,08
4CO3,08009,Baca,08
4CO4,08001,Adams,08
4CO5,08103,Rio Blanco,08
4CO6,08059,Jefferson,08
4CO7,08035,Douglas,08
4CO8,08035,Douglas,08
4CO9,08037,Eagle,08
4D5,39155,Trumbull,39
4D8,19059,Dickinson,19
4D9,31083,Harlan,31
4E8,38089,Stark,38
4F1,40117,Pawnee,40
4FA0,12117,Seminole,12
4FA2,12119,Sumter,12
4FA4,12087,Monroe,12
4FA7,12119,Sumter,12
4FA9,12115,Sarasota,12
4FD3,12086,Miami-Dade,12
4FD4,12005,Bay,12
4FD5,12005,Bay,12
4FD6,12071,Lee,12
4FD7,12105,Polk,12
4FD8,12071,Lee,12
4FD9,12071,Lee,12
4FL0,12065,Jefferson,12
4FL1,12097,Osceola,12
4FL2,12119,Sumter,12
4FL3,12061,Indian River,12
4FL5,12105,Polk,12
4FL7,12021,Collier,12
4FL8,12115,Sarasota,12
4FL9,12105,Polk,12
4G1,42085,Mercer,42
4G2,36029,Erie,36
4G3,39099,Mahoning,39
4G7,54049,Marion,54
4GA1,13231,Pike,13
4GA2,13245,Richmond,13
4GA3,13087,Decatur,13
4GA4,13213,Murray,13
4GA6,13121,Fulton,13
4GA7,13231,Pike,13
4GA8,13099,Early,13
4GA9,13117,Forsyth,13
4GE0,13251,Screven,13
4GE1,13087,Decatur,13
4GE2,13151,Henry,13
4GE3,13023,Bleckley,13
4GE7,13153,Houston,13
4H1,17031,Cook,17
4IA0,19175,Union,19
4IA1,19083,Hardin,19
4IA2,19139,Muscatine,19
4IA3,19067,Floyd,19
4IA4,19057,Des Moines,19
4IA5,19197,Wright,19
4IA7,19013,Black Hawk,19
4IA9,19075,Grundy,19
4II0,18015,Carroll,18
4II3,18133,Putnam,18
4II5,18089,Lake,18
4II6,18061,Harrison,18
4II7,18011,Boone,18
4II8,18059,Hancock,18
4IL0,17135,Montgomery,17
4IL2,17105,Livingston,17
4IL3,17141,Ogle,17
4IL4,17051,Fayette,17
4IL5,17195,Whiteside,17
4IL7,17013,Calhoun,17
4IL8,17077,Jackson,17
4IL9,17203,Woodford,17
56I,18087,LaGrange,18
2IN,18087,LaGrange,18
4IN3,18151,Steuben,18
4IN4,18045,Fountain,18
4IN5,18099,Marshall,18
4IN6,18063,Hendricks,18
4IN7,18045,Fountain,18
4IN8,18073,Jasper,18
4IN9,18085,Kosciusko,18
4IS0,17181,Union,17
4IS2,17055,Franklin,17
4IS3,17031,Cook,17
4IS4,17165,Saline,17
4IS5,17133,Monroe,17
4IS6,17123,Marshall,17
4IS7,17019,Champaign,17
4IS8,17107,Logan,17
4IS9,17117,Macoupin,17
4K0,02164,Lake and Peninsula,02
4K5,02150,Kodiak Island,02
4KA,02050,Bethel,02
4KS1,20121,Miami,20
4KS2,20103,Leavenworth,20
4KS6,20031,Coffey,20
6KS,20015,Butler,20
4KS8,20023,Cheyenne,20
4KS9,20051,Ellis,20
4KT4,18155,Switzerland,18
4KY1,21009,Barren,21
4KY2,21051,Clay,21
4KY4,21149,McLean,21
4KY5,21173,Montgomery,21
4KY6,21047,Christian,21
4KY7,21015,Boone,21
4KY9,21019,Boyd,21
4LA0,22075,Plaquemines,22
4LA1,22057,Lafourche,22
LA3,22037,East Feliciana,22
4LA4,22057,Lafourche,22
4LA5,22055,Lafayette,22
4LA6,22051,Jefferson,22
4LA7,22051,Jefferson,22
4LA8,22033,East Baton Rouge,22
4LA9,22057,Lafourche,22
4LL0,17103,Lee,17
4LL1,17103,Lee,17
4LL2,17019,Champaign,17
4LL3,17085,Jo Daviess,17
4LL4,17075,Iroquois,17
4LL7,17037,DeKalb,17
4LL8,17037,DeKalb,17
4LL9,17135,Montgomery,17
4M0,26019,Benzie,26
4M5,05017,Chicot,05
4M8,05095,Monroe,05
4MA0,25017,Middlesex,25
4MA1,25023,Plymouth,25
4MA3,25027,Worcester,25
4MA4,25005,Bristol,25
4MA5,25025,Suffolk,25
4MA7,25013,Hampden,25
4MA8,25021,Norfolk,25
4MA9,25013,Hampden,25
4MD,24510,Baltimore,24
4MD0,24009,Calvert,24
4MD1,24047,Worcester,24
4MD2,24023,Garrett,24
4MD3,24047,Worcester,24
4MD4,24037,St. Mary's,24
4MD6,24025,Harford,24
4MD7,24021,Frederick,24
4MD8,24021,Frederick,24
4MD9,24005,Baltimore,24
4ME4,23017,Oxford,23
4ME7,23025,Somerset,23
4ME9,23017,Oxford,23
4MI1,26115,Monroe,26
4MI2,26087,Lapeer,26
4MI4,26077,Kalamazoo,26
4MI5,26147,St. Clair,26
4MI6,26021,Berrien,26
4MI7,26073,Isabella,26
4MN1,27111,Otter Tail,27
4MN3,27003,Anoka,27
4MN5,27011,Big Stone,27
4MN6,27033,Cottonwood,27
4MN9,27007,Beltrami,27
4MO,29139,Montgomery,29
4MO2,29197,Schuyler,29
4MO3,29121,Macon,29
4MO4,29047,Clay,29
4MO5,29071,Franklin,29
4MO6,29163,Pike,29
4MO7,29087,Holt,29
4MO8,29095,Jackson,29
4MO9,29101,Johnson,29
4MS0,28121,Rankin,28
4MS1,28143,Tunica,28
4MS2,28049,Hinds,28
4MS3,28093,Marshall,28
4MS4,28081,Lee,28
4MS5,28041,Greene,28
4MS6,28049,Hinds,28
4MS7,28143,Tunica,28
4MS8,28143,Tunica,28
4MS9,28089,Madison,28
4MT1,30031,Gallatin,30
4MT4,30095,Stillwater,30
4MT5,30049,Lewis and Clark,30
4MT7,30031,Gallatin,30
4MT9,30081,Ravalli,30
4MY2,27153,Todd,27
4N0,26077,Kalamazoo,26
4N2,36123,Yates,36
4N4,38077,Richland,38
4N7,36017,Chenango,36
4NA0,38053,McKenzie,38
4NA1,38105,Williams,38
4NA3,38009,Bottineau,38
4NA5,38101,Ward,38
4NA6,38105,Williams,38
4NC0,37059,Davie,37
4NC1,37033,Caswell,37
NC2,37003,Alexander,37
4NC5,37031,Carteret,37
4NC6,37089,Henderson,37
4NC7,37183,Wake,37
4NC8,37025,Cabarrus,37
4NC9,37025,Cabarrus,37
4ND1,38035,Grand Forks,38
4ND4,38049,McHenry,38
4ND8,38077,Richland,38
4NE0,31135,Perkins,31
4NE1,31009,Blaine,31
4NE3,31111,Lincoln,31
4NE8,31085,Hayes,31
4NE9,31135,Perkins,31
4NJ0,34019,Hunterdon,34
4NJ1,34035,Somerset,34
4NJ2,34003,Bergen,34
4NJ3,34033,Salem,34
4NJ4,34021,Mercer,34
4NJ5,34035,Somerset,34
4NJ6,34011,Cumberland,34
4NK0,36013,Chautauqua,36
4NK1,36067,Onondaga,36
4NK2,36115,Washington,36
4NK3,36029,Erie,36
4NK4,36067,Onondaga,36
4NK5,36117,Wayne,36
4NK7,36027,Dutchess,36
4NK9,36085,Richmond,36
4NY0,36019,Clinton,36
4NY1,36071,Orange,36
4NY2,36081,Queens,36
4NY3,42121,Venango,42
4NY4,36001,Albany,36
4NY5,36103,Suffolk,36
4NY8,36015,Chemung,36
4NY9,36059,Nassau,36
4O1,40141,Tillman,40
4O7,40093,Major,40
4OA1,39045,Fairfield,39
4OA8,39109,Miami,39
4OH0,39109,Miami,39
4OH1,39085,Lake,39
4OH2,39119,Muskingum,39
4OH3,39099,Mahoning,39
4OH6,39133,Portage,39
4OH7,39053,Gallia,39
4OH8,39051,Fulton,39
4OH9,39143,Sandusky,39
4OI0,39095,Lucas,39
4OI1,39119,Muskingum,39
4OI3,39061,Hamilton,39
4OI8,39099,Mahoning,39
4OI9,39079,Jackson,39
4OK3,40143,Tulsa,40
4OK4,40087,McClain,40
4OK5,40137,Stephens,40
4OK8,40119,Payne,40
4OK9,40081,Lincoln,40
4OR0,41029,Jackson,41
4OR2,41047,Marion,41
4OR3,41043,Linn,41
4OR4,41003,Benton,41
4OR5,41047,Marion,41
4OR6,41005,Clackamas,41
4OR7,41047,Marion,41
4OR8,41047,Marion,41
4P5,55085,Oneida,55
4PA1,42119,Union,42
4PA2,42071,Lancaster,42
4PA4,42035,Clinton,42
4PA5,42035,Clinton,42
4PA6,42127,Wayne,42
4PA8,42017,Bucks,42
4PN0,42085,Mercer,42
4PN2,54039,Kanawha,54
4PN3,42059,Greene,42
4PN6,42041,Cumberland,42
4PN7,42113,Sullivan,42
4PS3,42123,Warren,42
4PS4,42115,Susquehanna,42
4PS5,42059,Greene,42
4PS8,42029,Chester,42
4PS9,42129,Westmoreland,42
4R6,38081,Sargent,38
4S4,41067,Washington,41
4S5,38067,Pembina,38
4S6,53077,Yakima,53
4S7,41035,Klamath,41
4SC4,45077,Pickens,45
4SC7,45003,Aiken,45
4SD4,46103,Pennington,46
4T7,48035,Bosque,48
4TA0,48157,Fort Bend,48
4TA1,48121,Denton,48
4TA2,48035,Bosque,48
4TA3,48363,Palo Pinto,48
4TA4,48473,Waller,48
4TA5,48485,Wichita,48
4TA6,48265,Kerr,48
4TA7,48409,San Patricio,48
4TA8,48105,Crockett,48
4TA9,48157,Fort Bend,48
4TE2,48271,Kinney,48
4TE4,48043,Brewster,48
4TE5,48229,Hudspeth,48
4TE6,48291,Liberty,48
4TE7,48465,Val Verde,48
4TE9,48325,Medina,48
4TN0,47093,Knox,47
4TN2,47035,Cumberland,47
4TN3,47047,Fayette,47
4TN4,47157,Shelby,47
4TN7,47017,Carroll,47
4TN8,47113,Madison,47
4TS0,48201,Harris,48
4TS2,48201,Harris,48
4TS3,48001,Anderson,48
4TS4,48201,Harris,48
4TS5,48265,Kerr,48
4TS6,48201,Harris,48
4TS7,48371,Pecos,48
4TS8,48325,Medina,48
4TS9,48453,Travis,48
4TX0,48071,Chambers,48
4TX1,48441,Taylor,48
4TX2,48439,Tarrant,48
4TX3,48277,Lamar,48
4TX4,48439,Tarrant,48
4TX5,48349,Navarro,48
4TX6,48183,Gregg,48
4TX8,48121,Denton,48
3MT4,30005,Blaine,30
4U7,30081,Ravalli,30
0IN6,18055,Greene,18
4V6,31161,Sheridan,31
4V8,50025,Windham,50
4VA0,51029,Buckingham,51
4VA1,51143,Pittsylvania,51
4VA3,51087,Henrico,51
4VA5,51125,Nelson,51
4VA6,51001,Accomack,51
4VA8,51085,Hanover,51
4VA9,51047,Culpeper,51
4VG2,51085,Hanover,51
4VG8,51177,Spotsylvania,51
4W0,53033,King,53
4W4,37145,Person,37
4W9,37107,Lenoir,37
4WA0,53025,Grant,53
4WA1,53059,Skamania,53
4WA2,53067,Thurston,53
4WA3,53015,Cowlitz,53
4WA4,53055,San Juan,53
4WA7,53027,Grays Harbor,53
4WA8,53073,Whatcom,53
4WA9,53035,Kitsap,53
4WI0,55017,Chippewa,55
4WI1,55021,Columbia,55
4WI2,55113,Sawyer,55
4WI4,55085,Oneida,55
4WI5,55035,Eau Claire,55
4WI7,55117,Sheboygan,55
4WN2,55141,Wood,55
4WN3,55083,Oconto,55
4WN5,55095,Polk,55
4WN6,55075,Marinette,55
4WN7,55009,Brown,55
4WN8,55133,Waukesha,55
4WN9,55059,Kenosha,55
4WV4,54023,Grant,54
4WV6,54013,Calhoun,54
4XA2,48255,Karnes,48
4XA3,48059,Callahan,48
4XA4,48331,Milam,48
4XA5,48485,Wichita,48
4XA6,48245,Jefferson,48
4XA7,48113,Dallas,48
4XA8,48495,Winkler,48
4XA9,48183,Gregg,48
4XS1,48349,Navarro,48
4XS2,48497,Wise,48
4XS3,48039,Brazoria,48
4XS4,48121,Denton,48
4XS5,48351,Newton,48
4XS6,48171,Gillespie,48
4XS9,48209,Hays,48
4Y1,26093,Livingston,26
4Y8,26151,Sanilac,26
4Y9,26165,Wexford,26
4Z2,02188,Northwest Arctic,02
4Z5,02240,Southeast Fairbanks,02
4Z9,02122,Kenai Peninsula,02
50AK,02170,Matanuska-Susitna,02
50AR,05149,Yell,05
50AZ,04017,Navajo,04
50CA,06037,Los Angeles,06
50CL,06037,Los Angeles,06
50CN,06037,Los Angeles,06
50FA,12071,Lee,12
50FD,12013,Calhoun,12
50FL,12113,Santa Rosa,12
50G,26145,Saginaw,26
50GA,13185,Lowndes,13
50ID,16063,Lincoln,16
50II,18133,Putnam,18
50IL,17097,Lake,17
50IS,17177,Stephenson,17
50K,31133,Pawnee,31
50KT,21071,Floyd,21
50KY,21017,Bourbon,21
50LA,22109,Terrebonne,22
50LS,22063,Livingston,22
50M,47149,Rutherford,47
50MD,24035,Queen Anne's,24
50ME,23029,Washington,23
50MI,26117,Montcalm,26
50MO,29091,Howell,29
50MS,28073,Lamar,28
50NC,37159,Rowan,37
50NH,33001,Belknap,33
50NJ,34007,Camden,34
50NY,36069,Ontario,36
50OG,41067,Washington,41
50OH,39095,Lucas,39
50OK,40109,Oklahoma,40
50OR,41013,Crook,41
50PA,42089,Monroe,42
50PN,42129,Westmoreland,42
50S,16027,Canyon,16
50SC,45077,Pickens,45
50TA,48187,Guadalupe,48
50TN,47079,Henry,47
50TS,48029,Bexar,48
50TX,48031,Blanco,48
50VA,51680,Lynchburg,51
50WA,53041,Lewis,53
50WY,56025,Natrona,56
50XA,48141,El Paso,48
50XS,48323,Maverick,48
51AK,02170,Matanuska-Susitna,02
51AZ,04025,Yavapai,04
51C,26037,Clinton,26
51CA,06071,San Bernardino,06
51CL,06077,San Joaquin,06
51CO,08029,Delta,08
51FA,12031,Duval,12
51FD,12069,Lake,12
51FL,12075,Levy,12
51G,26049,Genesee,26
51GA,13121,Fulton,13
51ID,16003,Adams,16
51IL,17147,Piatt,17
51IN,18157,Tippecanoe,18
51K,20091,Johnson,20
51KS,20041,Dickinson,20
51KY,21133,Letcher,21
51LS,22097,St. Landry,22
51M,26135,Oscoda,26
51MA,25009,Essex,25
51ME,23007,Franklin,23
51MI,26125,Oakland,26
51MN,27111,Otter Tail,27
51MY,27137,St. Louis,27
51NC,37183,Wake,37
51NH,33015,Rockingham,33
51NJ,34001,Atlantic,34
51NK,36103,Suffolk,36
51OH,39137,Putnam,39
51OK,40111,Okmulgee,40
51OR,41047,Marion,41
51PA,42001,Adams,42
51PN,42003,Allegheny,42
51TA,48439,Tarrant,48
51TE,48139,Ellis,48
51TN,47119,Maury,47
51TS,48181,Grayson,48
51TT,48453,Travis,48
51TX,48467,Van Zandt,48
51VA,51153,Prince William,51
51WA,53033,King,53
51WI,55139,Winnebago,55
51WT,53065,Stevens,53
51Z,02290,Yukon-Koyukuk,02
52AL,01071,Jackson,01
52AZ,04025,Yavapai,04
52B,23021,Piscataquis,23
52CL,06071,San Bernardino,06
52CN,06103,Tehama,06
52CO,08041,El Paso,08
52FA,12105,Polk,12
52FD,12113,Santa Rosa,12
52FL,12105,Polk,12
52GA,13113,Fayette,13
52I,26017,Bay,26
52ID,16001,Ada,16
52II,18099,Marshall,18
52IN,18167,Vigo,18
52IS,17063,Grundy,17
52K,20149,Pottawatomie,20
52KS,20045,Douglas,20
52KY,21017,Bourbon,21
52MD,24025,Harford,24
52MI,26125,Oakland,26
52MN,27069,Kittson,27
52MY,27025,Chisago,27
52NC,37133,Onslow,37
52ND,38017,Cass,38
52NE,31165,Sioux,31
52NH,33011,Hillsborough,33
52NJ,34019,Hunterdon,34
E02,35035,Otero,35
52NR,37037,Chatham,37
52NV,32003,Clark,32
52NY,36051,Livingston,36
52OA,39089,Licking,39
52OH,39031,Coshocton,39
52OI,39151,Stark,39
52OK,40143,Tulsa,40
52OR,41009,Columbia,41
52PA,42107,Schuylkill,42
52PN,42055,Franklin,42
52S,30047,Lake,30
52TA,48147,Fannin,48
52TS,48031,Blanco,48
52U,16039,Elmore,16
52VA,51153,Prince William,51
52WA,53001,Adams,53
52WI,55119,Taylor,55
52WT,53071,Walla Walla,53
52XA,48485,Wichita,48
52XS,48201,Harris,48
52Y,27021,Cass,27
52Z,02122,Kenai Peninsula,02
53AK,02122,Kenai Peninsula,02
53AR,05007,Benton,05
53CA,06111,Ventura,06
53CL,06045,Mendocino,06
53CN,06011,Colusa,06
53CO,08009,Baca,08
53FA,12101,Pasco,12
53FD,12065,Jefferson,12
53FL,12001,Alachua,12
53GA,13115,Floyd,13
53IA,19171,Tama,19
53II,18003,Allen,18
53IN,18067,Howard,18
53IS,17055,Franklin,17
53K,20139,Osage,20
53KS,20079,Harvey,20
53MI,26125,Oakland,26
53MN,27099,Mower,27
53MO,29017,Bollinger,29
53MT,30031,Gallatin,30
53NC,37155,Robeson,37
53ND,38103,Wells,38
53NE,31155,Saunders,31
53NH,33001,Belknap,33
53NJ,34001,Atlantic,34
53NR,37021,Buncombe,37
53NV,32015,Lander,32
53NY,36055,Monroe,36
53OH,39125,Paulding,39
53OI,39035,Cuyahoga,39
53OK,40051,Grady,40
53OR,41067,Washington,41
53PA,42119,Union,42
53PN,42063,Indiana,42
53TE,48029,Bexar,48
53TN,47093,Knox,47
53U,30029,Flathead,30
53VA,51061,Fauquier,51
53VG,51001,Accomack,51
53W,26073,Isabella,26
79WS,55045,Green,55
53WT,53009,Clallam,53
53XS,48061,Cameron,48
54AK,02170,Matanuska-Susitna,02
54AL,01003,Baldwin,01
54AR,05083,Logan,05
54AZ,04027,Yuma,04
54CL,06065,Riverside,06
54CN,06017,El Dorado,06
54CO,08081,Moffat,08
54FA,12011,Broward,12
54FL,12057,Hillsborough,12
54GA,13151,Henry,13
54II,18103,Miami,18
54IL,17099,LaSalle,17
54IN,18097,Marion,18
54IS,17011,Bureau,17
54KS,20045,Douglas,20
54KY,21035,Calloway,21
54LL,17167,Sangamon,17
54MA,47047,Fayette,47
54ME,23005,Cumberland,23
54MI,26155,Shiawassee,26
54MS,28009,Benton,28
54MU,29147,Nodaway,29
54NC,37143,Perquimans,37
54NH,33001,Belknap,33
54NJ,34025,Monmouth,34
54NR,37157,Rockingham,37
54OH,39125,Paulding,39
54OI,39091,Logan,39
54OK,40037,Creek,40
54OR,41017,Deschutes,41
54PA,42009,Bedford,42
54PN,42003,Allegheny,42
54TA,48139,Ellis,48
54TN,47157,Shelby,47
54TX,48299,Llano,48
54U,16085,Valley,16
54UT,49057,Weber,49
54VA,51700,Newport News,51
54VT,50025,Windham,50
54W,55045,Green,55
54WA,53033,King,53
54WI,55109,St. Croix,55
54XA,48097,Cooke,48
54XS,48137,Edwards,48
55AK,02170,Matanuska-Susitna,02
55AL,01121,Talladega,01
55AZ,04021,Pinal,04
55CN,06037,Los Angeles,06
55CO,08039,Elbert,08
55FD,12091,Okaloosa,12
55G,26151,Sanilac,26
55GA,13135,Gwinnett,13
55GE,13213,Murray,13
55H,16039,Elmore,16
55ID,16017,Bonner,16
55II,18081,Johnson,18
55KS,20123,Mitchell,20
55LA,22097,St. Landry,22
55LL,17111,McHenry,17
55ME,23027,Waldo,23
55MN,27065,Kanabec,27
55MO,29219,Warren,29
55MT,30081,Ravalli,30
55NC,37107,Lenoir,37
55ND,38025,Dunn,38
55NE,31055,Douglas,31
55NH,33009,Grafton,33
55NK,36055,Monroe,36
55NM,35053,Socorro,35
55NR,37167,Stanly,37
55NV,32007,Elko,32
55NY,36013,Chautauqua,36
55OI,39029,Columbiana,39
55OK,40131,Rogers,40
55OL,40083,Logan,40
55OR,41003,Benton,41
55PA,42025,Carbon,42
55S,53041,Lewis,53
55T,48065,Carson,48
55TA,48339,Montgomery,48
55TN,47105,Loudon,47
55TX,48245,Jefferson,48
55UT,49003,Box Elder,49
55VA,51071,Giles,51
55WA,53077,Yakima,53
55WI,55141,Wood,55
55XA,48201,Harris,48
55XS,48271,Kinney,48
56AK,02170,Matanuska-Susitna,02
56AL,01083,Limestone,01
56AR,05119,Pulaski,05
56AZ,04013,Maricopa,04
56CL,06065,Riverside,06
56CO,08067,La Plata,08
56FD,12063,Jackson,12
56FL,12113,Santa Rosa,12
56G,26151,Sanilac,26
56GA,13067,Cobb,13
56II,18001,Adams,18
56IL,17007,Boone,17
56IN,18003,Allen,18
56IS,17019,Champaign,17
56KS,20055,Finney,20
56KY,21085,Grayson,21
56LA,22017,Caddo,22
56LL,17037,DeKalb,17
56ME,23003,Aroostook,23
56MI,26163,Wayne,26
56MN,27129,Renville,27
56MU,29077,Greene,29
56NC,37149,Polk,37
56NE,31019,Buffalo,31
56NH,33017,Strafford,33
56NJ,34005,Burlington,34
56NK,36029,Erie,36
56NY,36073,Orleans,36
56OG,41043,Linn,41
56OH,39099,Mahoning,39
56OI,39093,Lorain,39
56OK,40125,Pottawatomie,40
56OR,41051,Multnomah,41
56PA,42017,Bucks,42
56PN,42101,Philadelphia,42
56S,41007,Clatsop,41
56TA,48439,Tarrant,48
56TE,48323,Maverick,48
56TN,47093,Knox,47
56TS,48021,Bastrop,48
56TX,48149,Fayette,48
56VA,51810,Virginia Beach,51
WT89,53003,Asotin,53
56WI,55073,Marathon,55
56WV,54077,Preston,54
56XA,48439,Tarrant,48
57A,02198,Prince of Wales-Hyder,02
57AL,01003,Baldwin,01
57AZ,04019,Pima,04
57B,23027,Waldo,23
57CL,06071,San Bernardino,06
57CN,06067,Sacramento,06
57D,26099,Macomb,26
57FA,12097,Osceola,12
57GA,13111,Fannin,13
57II,18011,Boone,18
57IN,18093,Lawrence,18
57IS,17191,Wayne,17
57KS,20085,Jackson,20
57KY,21195,Pike,21
57LA,22001,Acadia,22
57LS,22115,Vernon,22
57MA,25019,Nantucket,25
57MD,24041,Talbot,24
57ME,23017,Oxford,23
57MN,27137,St. Louis,27
57MT,30081,Ravalli,30
57NC,37173,Swain,37
57ND,38077,Richland,38
57NE,31031,Cherry,31
57NH,33003,Carroll,33
57NJ,34029,Ocean,34
57NM,35053,Socorro,35
57NY,36039,Greene,36
57OI,39023,Clark,39
57OK,40005,Atoka,40
57SC,45019,Charleston,45
57TE,48385,Real,48
57TN,47035,Cumberland,47
57TS,48439,Tarrant,48
57VG,51085,Hanover,51
57VT,50001,Addison,50
57WI,55117,Sheboygan,55
57XA,48091,Comal,48
58A,02261,Valdez-Cordova,02
58AK,02170,Matanuska-Susitna,02
58AR,05007,Benton,05
58AZ,04007,Gila,04
58C,55025,Dane,55
58CA,06037,Los Angeles,06
58CL,06073,San Diego,06
58CN,06057,Nevada,06
58CO,08067,La Plata,08
58FA,12057,Hillsborough,12
58FD,12105,Polk,12
58GA,13303,Washington,13
58II,18145,Shelby,18
58IN,18003,Allen,18
58IS,17199,Williamson,17
58J,45041,Florence,45
58KS,20169,Saline,20
58KY,21211,Shelby,21
58LA,22037,East Feliciana,22
58MA,25017,Middlesex,25
58MI,26115,Monroe,26
58MO,29099,Jefferson,29
58MT,30059,Meagher,30
58MU,29119,McDonald,29
58N,42075,Lebanon,42
58NC,37161,Rutherford,37
58NE,31055,Douglas,31
58NJ,34001,Atlantic,34
58NR,37079,Greene,37
58NY,36059,Nassau,36
58OH,39123,Ottawa,39
58OI,39055,Geauga,39
58OK,40147,Washington,40
58OR,41019,Douglas,41
58PN,42081,Lycoming,42
58S,30029,Flathead,30
58SC,45051,Horry,45
58TN,47135,Perry,47
58TS,48035,Bosque,48
58TT,48001,Anderson,48
58TX,48367,Parker,48
58VA,51061,Fauquier,51
58WA,53023,Garfield,53
58WT,53073,Whatcom,53
58XS,48431,Sterling,48
59AK,02170,Matanuska-Susitna,02
59AR,05031,Craighead,05
59AS,53011,Clark,53
59AZ,04025,Yavapai,04
59B,23025,Somerset,23
59CN,06101,Sutter,06
59DC,11001,District of Columbia,11
59FA,12057,Hillsborough,12
59FD,12051,Hendry,12
59FL,12099,Palm Beach,12
59GA,13013,Barrow,13
59IA,19095,Iowa,19
59ID,16019,Bonneville,16
IN3,18129,Posey,18
59IL,17037,DeKalb,17
59IS,17005,Bond,17
59KY,21179,Nelson,21
59L,06037,Los Angeles,06
59LA,22045,Iberia,22
59M,26009,Antrim,26
59MI,26147,St. Clair,26
59MN,27077,Lake of the Woods,27
59MO,29073,Gasconade,29
59NC,37081,Guilford,37
59NH,33015,Rockingham,33
59NJ,34025,Monmouth,34
59NY,36063,Niagara,36
59OH,39025,Clermont,39
59OI,39055,Geauga,39
59OK,40101,Muskogee,40
59OR,41059,Umatilla,41
59TA,48157,Fort Bend,48
59TS,48297,Live Oak,48
59TX,48251,Johnson,48
59VA,51195,Wise,51
59WA,53067,Thurston,53
59WI,55025,Dane,55
59XA,48183,Gregg,48
59XS,48027,Bell,48
5A2,13153,Houston,13
55AR,05015,Carroll,05
5A8,02070,Dillingham,02
5AK,02261,Valdez-Cordova,02
5AK0,02122,Kenai Peninsula,02
5AK1,02122,Kenai Peninsula,02
5AK2,02090,Fairbanks North Star,02
5AK3,02090,Fairbanks North Star,02
5AK5,02170,Matanuska-Susitna,02
5AK6,02170,Matanuska-Susitna,02
5AK8,02170,Matanuska-Susitna,02
5AK9,02170,Matanuska-Susitna,02
5AL,01003,Baldwin,01
5AL0,01095,Marshall,01
5AL1,01013,Butler,01
5AL2,01097,Mobile,01
5AL3,01117,Shelby,01
5AL5,01033,Colbert,01
5AL6,01123,Tallapoosa,01
5AL7,01031,Coffee,01
5AL8,01061,Geneva,01
5AL9,01083,Limestone,01
5AN5,02122,Kenai Peninsula,02
5AR1,05043,Drew,05
5AR2,05035,Crittenden,05
5AR5,05119,Pulaski,05
5AR6,05119,Pulaski,05
5AR7,05111,Poinsett,05
5AR9,05005,Baxter,05
5AZ0,04013,Maricopa,04
5AZ2,04013,Maricopa,04
5AZ3,04013,Maricopa,04
5AZ4,04019,Pima,04
5AZ5,04019,Pima,04
5AZ6,04013,Maricopa,04
5AZ7,04021,Pinal,04
5AZ8,04025,Yavapai,04
5AZ9,04009,Graham,04
5B1,50009,Essex,50
5B4,38013,Burke,38
5B6,25001,Barnstable,25
5B7,36083,Rensselaer,36
5B9,33009,Grafton,33
5BK,02240,Southeast Fairbanks,02
5C5,02198,Prince of Wales-Hyder,02
5CA0,06037,Los Angeles,06
5CA1,06053,Monterey,06
5CA2,06071,San Bernardino,06
5CA4,06071,San Bernardino,06
5CA7,06019,Fresno,06
5CA8,06005,Amador,06
5CA9,06033,Lake,06
5CD,02185,North Slope,02
5CL0,06039,Madera,06
5CL1,06079,San Luis Obispo,06
5CL2,06085,Santa Clara,06
5CL3,06099,Stanislaus,06
5CL4,06053,Monterey,06
5CL5,06059,Orange,06
5CL6,06037,Los Angeles,06
5CL7,06071,San Bernardino,06
5CL8,06029,Kern,06
5CL9,06019,Fresno,06
5CN4,06079,San Luis Obispo,06
5CN5,06063,Plumas,06
5CO0,08017,Cheyenne,08
5CO1,08029,Delta,08
5CO2,08069,Larimer,08
5CO3,08029,Delta,08
5CO4,08005,Arapahoe,08
5CO5,08123,Weld,08
5CO8,08107,Routt,08
5CO9,08125,Yuma,08
5CT0,09015,Windham,09
5CT1,09009,New Haven,09
5CT2,09009,New Haven,09
5CT3,09003,Hartford,09
5CT4,09001,Fairfield,09
5CT5,09005,Litchfield,09
5CT6,09015,Windham,09
5CT7,09011,New London,09
5D1,39151,Stark,39
5D2,19195,Worth,19
5D5,26089,Leelanau,26
5D6,39019,Carroll,39
5D7,39113,Montgomery,39
5D9,39147,Seneca,39
5DC3,11001,District of Columbia,11
5E9,39041,Delaware,39
5F5,22017,Caddo,22
5F8,22017,Caddo,22
5FA0,12109,St. Johns,12
5FA1,12069,Lake,12
5FA2,12097,Osceola,12
5FA6,12099,Palm Beach,12
5FD0,12029,Dixie,12
5FD1,12013,Calhoun,12
5FD2,12099,Palm Beach,12
5FD4,12035,Flagler,12
5FD6,12071,Lee,12
5FD7,12053,Hernando,12
5FD8,12071,Lee,12
5FD9,12071,Lee,12
5FL0,12101,Pasco,12
5FL1,12123,Taylor,12
5FL2,12081,Manatee,12
5FL3,12057,Hillsborough,12
5FL4,12109,St. Johns,12
5FL5,12099,Palm Beach,12
5FL7,12017,Citrus,12
5FL8,12063,Jackson,12
5G0,36037,Genesee,36
5G2,42111,Somerset,42
5G4,55007,Bayfield,55
5G8,42129,Westmoreland,42
5GA0,13077,Coweta,13
5GA2,13045,Carroll,13
5GA3,13231,Pike,13
5GA4,13057,Cherokee,13
5GA5,13255,Spalding,13
5GA6,13093,Dooly,13
5GA7,13149,Heard,13
5GA8,13135,Gwinnett,13
5GE1,13225,Peach,13
5H3,46039,Deuel,46
5HO,02122,Kenai Peninsula,02
5I2,18015,Carroll,18
5I6,18017,Cass,18
5IA0,19099,Jasper,19
5IA2,19193,Woodbury,19
5IA5,19067,Floyd,19
5IA8,19119,Lyon,19
5IA9,19141,O'Brien,19
5ID5,16085,Valley,16
5IG9,18065,Henry,18
5II1,18063,Hendricks,18
5II2,18081,Johnson,18
5II3,18013,Brown,18
5II4,18109,Morgan,18
5II6,18077,Jefferson,18
5II7,18003,Allen,18
5II8,18061,Harrison,18
5II9,18167,Vigo,18
5IL0,17199,Williamson,17
5IL1,17201,Winnebago,17
5IL2,17145,Perry,17
5IL3,17095,Knox,17
5IL5,17063,Grundy,17
5IL6,17199,Williamson,17
5IL9,17121,Marion,17
5IN0,18087,LaGrange,18
5IN1,18063,Hendricks,18
5IN3,18159,Tipton,18
5IN4,18127,Porter,18
5IN5,18041,Fayette,18
5IN6,18091,LaPorte,18
57P,18151,Steuben,18
I58,18151,Steuben,18
5IN9,18113,Noble,18
5IS1,17077,Jackson,17
5IS2,17061,Greene,17
5IS3,17157,Randolph,17
5IS4,17115,Macon,17
5IS6,17175,Stark,17
5IS7,17183,Vermilion,17
5IS8,17111,McHenry,17
5IS9,17067,Hancock,17
5J5,45075,Orangeburg,45
5JY9,21159,Martin,21
5K0,20023,Cheyenne,20
5K2,20071,Greeley,20
5K3,31155,Saunders,31
5K4,17169,Schuyler,17
5K9,38045,LaMoure,38
5KE,02130,Ketchikan Gateway,02
5KS,02122,Kenai Peninsula,02
5KS0,20077,Harper,20
5KS1,20087,Jefferson,20
5KS7,20077,Harper,20
5KS8,20153,Rawlins,20
5KY1,21179,Nelson,21
5KY4,21219,Todd,21
5KY5,21221,Trigg,21
7KY4,21053,Clinton,21
5KY8,21167,Mercer,21
5L6,02170,Matanuska-Susitna,02
5LA0,22017,Caddo,22
5LA1,22009,Avoyelles,22
5LA2,22101,St. Mary,22
5LA3,22101,St. Mary,22
5LA5,22101,St. Mary,22
5LA6,22075,Plaquemines,22
5LA7,22045,Iberia,22
5LA8,22019,Calcasieu,22
5LL0,17185,Wabash,17
5LL1,17173,Shelby,17
5LL2,17173,Shelby,17
5LL3,17041,Douglas,17
5LL5,17143,Peoria,17
5LL7,17111,McHenry,17
5LL8,17091,Kankakee,17
5LL9,17195,Whiteside,17
5LS0,22005,Ascension,22
5LS6,22067,Morehouse,22
5LS9,22085,Sabine,22
5M1,05001,Arkansas,05
5MA0,25017,Middlesex,25
5MA2,25001,Barnstable,25
5MA3,25027,Worcester,25
5MA4,25023,Plymouth,25
5MA5,25021,Norfolk,25
5MA6,25005,Bristol,25
5MA7,25017,Middlesex,25
5MA8,25013,Hampden,25
5MD1,24005,Baltimore,24
5MD5,24039,Somerset,24
5MD6,24005,Baltimore,24
5MD8,24017,Charles,24
5MD9,24031,Montgomery,24
5ME,23005,Cumberland,23
5ME2,23005,Cumberland,23
5ME9,23011,Kennebec,23
5MI0,26163,Wayne,26
5MI1,26081,Kent,26
5MI5,26077,Kalamazoo,26
5MI6,26125,Oakland,26
5MI7,26075,Jackson,26
5MI9,26125,Oakland,26
5MN0,27109,Olmsted,27
5MN2,27029,Clearwater,27
5MN3,27137,St. Louis,27
5MN5,27025,Chisago,27
5MN6,27061,Itasca,27
5MN7,27035,Crow Wing,27
5MN9,27089,Marshall,27
5MO0,29213,Taney,29
5MO1,29175,Randolph,29
5MO4,29215,Texas,29
5MO5,29095,Jackson,29
5MO6,29103,Knox,29
5MO9,29115,Linn,29
5MS1,28125,Sharkey,28
5MS2,28045,Hancock,28
5MS3,28091,Marion,28
5MS5,28045,Hancock,28
5MS6,28121,Rankin,28
5MS7,28145,Union,28
5MS8,28017,Chickasaw,28
5MT5,30105,Valley,30
5MU5,29037,Cass,29
5N4,38073,Ransom,38
5N5,36007,Broome,36
5N7,26139,Ottawa,26
5NA0,38055,McLean,38
5NA2,38097,Traill,38
5NC0,37191,Wayne,37
5NC1,37059,Davie,37
BQ1,37125,Moore,37
5NC4,37039,Cherokee,37
5NC5,37001,Alamance,37
5NC6,37065,Edgecombe,37
5NC7,37067,Forsyth,37
5NC8,37197,Yadkin,37
5NC9,37051,Cumberland,37
5ND0,38105,Williams,38
5ND3,38067,Pembina,38
5ND9,38097,Traill,38
5NE2,31147,Richardson,31
5NE3,31113,Logan,31
5NE4,31117,McPherson,31
5NE8,31131,Otoe,31
5NJ0,34019,Hunterdon,34
5NJ1,34041,Warren,34
5NJ2,34019,Hunterdon,34
5NJ3,34037,Sussex,34
5NJ4,34021,Mercer,34
5NJ5,34005,Burlington,34
5NJ7,34041,Warren,34
5NJ8,34029,Ocean,34
5NJ9,34007,Camden,34
5NK,02060,Bristol Bay,02
5NK0,36045,Jefferson,36
5NK1,36117,Wayne,36
5NK2,36103,Suffolk,36
5NK3,36103,Suffolk,36
5NK4,36009,Cattaraugus,36
5NK7,36027,Dutchess,36
5NK8,36027,Dutchess,36
5NK9,36029,Erie,36
5NY1,36025,Delaware,36
5NY2,36013,Chautauqua,36
5NY4,36065,Oneida,36
5NY5,36111,Ulster,36
5NY7,36071,Orange,36
5NY8,36087,Rockland,36
5O1,40043,Dewey,40
5OH1,39005,Ashland,39
5OH2,39005,Ashland,39
5OH3,39091,Logan,39
5OH5,39105,Meigs,39
5OH8,39049,Franklin,39
5OH9,39019,Carroll,39
5OI0,39165,Warren,39
5OI3,39155,Trumbull,39
5OI5,39107,Mercer,39
5OI7,39123,Ottawa,39
5OI8,39089,Licking,39
5OK0,40015,Caddo,40
5OK1,40131,Rogers,40
5OK2,40063,Hughes,40
OK1,40097,Mayes,40
5OK4,40087,McClain,40
5OK5,40039,Custer,40
5OL5,40027,Cleveland,40
5OR0,41033,Josephine,41
5OR1,41005,Clackamas,41
5OR3,41041,Lincoln,41
5OR4,41035,Klamath,41
5OR5,41017,Deschutes,41
5OR6,41045,Malheur,41
5OR7,41047,Marion,41
5OR8,41047,Marion,41
5OR9,41043,Linn,41
8SD,46045,Edmunds,46
5P5,46085,Lyman,46
5PA0,42059,Greene,42
5PA1,42037,Columbia,42
5PA2,42079,Luzerne,42
5PA5,42125,Washington,42
5PA6,42123,Warren,42
5PA7,42029,Chester,42
45PN,42131,Wyoming,42
5PA9,42031,Clarion,42
5PN0,42095,Northampton,42
5PN2,42015,Bradford,42
5PN3,42013,Blair,42
5PN4,42091,Montgomery,42
5PN6,42087,Mifflin,42
5PN7,42017,Bucks,42
5PN8,42061,Huntingdon,42
5PN9,42043,Dauphin,42
5PS1,42071,Lancaster,42
5PS2,42029,Chester,42
5PS3,42003,Allegheny,42
5PS5,42099,Perry,42
5PS6,42077,Lehigh,42
5PS7,42119,Union,42
5PS8,42091,Montgomery,42
5Q2,06063,Plumas,06
5QC,02180,Nome,02
5R7,01097,Mobile,01
5S1,41019,Douglas,41
5S4,41041,Lincoln,41
5S5,41031,Jefferson,41
5SC5,45051,Horry,45
5T4,46021,Campbell,46
5TA0,48165,Gaines,48
5TA1,48027,Bell,48
5TA2,48309,McLennan,48
5TA3,48285,Lavaca,48
5TA4,48011,Armstrong,48
5TA5,48167,Galveston,48
5TA8,48001,Anderson,48
5TA9,48113,Dallas,48
5TE0,48323,Maverick,48
5TE1,48377,Presidio,48
5TE2,48209,Hays,48
5TE3,48209,Hays,48
5TE4,40025,Cimarron,40
5TE6,48451,Tom Green,48
5TE7,48089,Colorado,48
5TE8,48393,Roberts,48
5TE9,48229,Hudspeth,48
5TN1,47017,Carroll,47
5TN2,47069,Hardeman,47
5TN3,47155,Sevier,47
5TN4,47009,Blount,47
5TN5,47165,Sumner,47
5TN6,47071,Hardin,47
5TN7,47071,Hardin,47
5TN8,47135,Perry,47
5TN9,47141,Putnam,47
5TS3,48349,Navarro,48
5TS4,48497,Wise,48
5TS5,48163,Frio,48
5TS8,48091,Comal,48
5TX0,48121,Denton,48
5TX2,48147,Fannin,48
5TX3,48201,Harris,48
5TX7,48423,Smith,48
5U0,30027,Fergus,30
5U6,30083,Richland,30
5U8,30015,Chouteau,30
5V4,08041,El Paso,08
5V8,46071,Jackson,46
5VA0,51083,Halifax,51
5VA1,51005,Alleghany,51
5VA2,51520,Bristol,51
5VA3,51125,Nelson,51
5VA6,51660,Harrisonburg,51
5VA7,51195,Wise,51
5VA8,51169,Scott,51
5VG2,51115,Mathews,51
5WA0,53047,Okanogan,53
5WA1,53021,Franklin,53
5WA3,53071,Walla Walla,53
5WA4,53077,Yakima,53
32WA,53007,Chelan,53
5WA6,53041,Lewis,53
5WA7,53039,Klickitat,53
5WA8,53027,Grays Harbor,53
5WA9,53011,Clark,53
5WI1,55129,Washburn,55
5WI2,55137,Waushara,55
5WI3,55025,Dane,55
5WI4,55075,Marinette,55
5WI5,55069,Lincoln,55
5WI6,55121,Trempealeau,55
5WI7,55135,Waupaca,55
5WI8,55075,Marinette,55
5WN2,55025,Dane,55
5WN9,55093,Pierce,55
5WV5,54107,Wood,54
5XA0,48451,Tom Green,48
5XA1,48099,Coryell,48
5XA2,48211,Hemphill,48
5XA9,48121,Denton,48
5XS0,48147,Fannin,48
5XS1,48245,Jefferson,48
5XS3,48245,Jefferson,48
5XS5,48467,Van Zandt,48
5XS6,48215,Hidalgo,48
5XS7,48153,Floyd,48
5XS8,48271,Kinney,48
5XS9,48349,Navarro,48
5Y0,26001,Alcona,26
5Y2,26143,Roscommon,26
5Y3,55055,Jefferson,55
5Y4,26135,Oscoda,26
5Y5,26147,St. Clair,26
5Y7,26003,Alger,26
5Z1,02110,Juneau,02
5Z4,02070,Dillingham,02
5Z5,02068,Denali,02
5Z9,02164,Lake and Peninsula,02
60AK,02170,Matanuska-Susitna,02
60AR,05049,Fulton,05
60AS,05107,Phillips,05
60AZ,04012,La Paz,04
60B,23025,Somerset,23
60CA,06013,Contra Costa,06
60CL,06113,Yolo,06
60CN,06065,Riverside,06
60FD,12105,Polk,12
60FL,12099,Palm Beach,12
60G,26045,Eaton,26
60GA,13089,DeKalb,13
60GE,13221,Oglethorpe,13
60IA,19163,Scott,19
60II,18167,Vigo,18
60IL,17071,Henderson,17
60IN,18069,Huntington,18
60IS,17047,Edwards,17
60KS,20015,Butler,20
60KY,21107,Hopkins,21
60L,06037,Los Angeles,06
60LL,17163,St. Clair,17
60M,25027,Worcester,25
60MA,25009,Essex,25
60ME,23031,York,23
60MI,26115,Monroe,26
60MN,27127,Redwood,27
60MO,29187,St. Francois,29
60MU,29097,Jasper,29
60NC,37031,Carteret,37
60NE,31045,Dawes,31
60NH,33003,Carroll,33
60NJ,34019,Hunterdon,34
60NY,36045,Jefferson,36
60OA,39155,Trumbull,39
60OI,39043,Erie,39
60OR,41019,Douglas,41
60PA,42091,Montgomery,42
60PN,42003,Allegheny,42
60TE,48171,Gillespie,48
60TN,47069,Hardeman,47
60TS,48231,Hunt,48
60TT,48347,Nacogdoches,48
60TX,48015,Austin,48
60VA,51087,Henrico,51
56WA,53053,Pierce,53
60WA,53033,King,53
60WI,55085,Oneida,55
60XA,48491,Williamson,48
61AK,02170,Matanuska-Susitna,02
61AR,05005,Baxter,05
61AZ,04001,Apache,04
61CA,06071,San Bernardino,06
61CL,06025,Imperial,06
61CN,06067,Sacramento,06
61CO,08041,El Paso,08
61D,26005,Allegan,26
61FA,12009,Brevard,12
61FD,12035,Flagler,12
61FL,12057,Hillsborough,12
61GA,13245,Richmond,13
61ID,16017,Bonner,16
61II,18113,Noble,18
61IL,17163,St. Clair,17
61IN,18077,Jefferson,18
61IS,17105,Livingston,17
61J,41051,Multnomah,41
61K,20019,Chautauqua,20
61KY,21187,Owen,21
61L,06037,Los Angeles,06
61LA,22063,Livingston,22
61LL,17005,Bond,17
61MI,26099,Macomb,26
61MO,29137,Monroe,29
61MU,29021,Buchanan,29
61NC,37155,Robeson,37
61ND,38035,Grand Forks,38
61NE,31055,Douglas,31
61NH,33013,Merrimack,33
61NJ,34015,Gloucester,34
61OH,39133,Portage,39
61OI,39017,Butler,39
61OR,41017,Deschutes,41
61PA,42117,Tioga,42
61PN,42017,Bucks,42
61TA,48067,Cass,48
61TE,48367,Parker,48
61TN,47037,Davidson,47
61TS,48201,Harris,48
61TX,48015,Austin,48
61VA,51043,Clarke,51
61WA,53055,San Juan,53
61WI,55039,Fond du Lac,55
61XS,48029,Bexar,48
62AK,02170,Matanuska-Susitna,02
62AL,01097,Mobile,01
62AR,05015,Carroll,05
62C,55101,Racine,55
62CA,06037,Los Angeles,06
62CL,06029,Kern,06
62CN,06037,Los Angeles,06
62CO,08123,Weld,08
62FA,12069,Lake,12
62FD,12019,Clay,12
62FL,12105,Polk,12
62GA,13035,Butts,13
62IA,19113,Linn,19
62II,18169,Wabash,18
62IL,17111,McHenry,17
62IN,18067,Howard,18
62IS,17183,Vermilion,17
62K,20131,Nemaha,20
62KS,20017,Chase,20
62KY,21195,Pike,21
62LL,17093,Kendall,17
62LS,21045,Casey,21
62MA,25005,Bristol,25
62MD,24009,Calvert,24
62MN,27025,Chisago,27
62MO,29095,Jackson,29
62NC,37049,Craven,37
62ND,38035,Grand Forks,38
62NH,33003,Carroll,33
62NJ,34027,Morris,34
62NM,35015,Eddy,35
62NY,36089,St. Lawrence,36
62OH,39045,Fairfield,39
62OI,39035,Cuyahoga,39
62OK,40041,Delaware,40
62OR,41017,Deschutes,41
62PA,42133,York,42
62TA,48021,Bastrop,48
62TE,48255,Karnes,48
62VA,51800,Suffolk,51
62WA,53061,Snohomish,53
62WI,55005,Barron,55
62XA,48347,Nacogdoches,48
62XS,48143,Erath,48
63A,02195,Petersburg,02
63AK,02170,Matanuska-Susitna,02
63AL,01101,Montgomery,01
63AR,05035,Crittenden,05
63CA,06065,Riverside,06
63CL,06113,Yolo,06
63CN,06001,Alameda,06
63CO,08077,Mesa,08
63FA,12001,Alachua,12
63FD,12001,Alachua,12
63FL,12001,Alachua,12
63GA,13297,Walton,13
63GE,13259,Stewart,13
63IA,19051,Davis,19
63ID,16027,Canyon,16
63II,18081,Johnson,18
63IL,17111,McHenry,17
63IS,17203,Woodford,17
63K,20091,Johnson,20
63KY,21097,Harrison,21
63LA,22045,Iberia,22
63ME,23021,Piscataquis,23
63MI,26125,Oakland,26
63MN,27075,Lake,27
63MO,29021,Buchanan,29
63MS,28115,Pontotoc,28
63MT,30111,Yellowstone,30
63ND,38073,Ransom,38
63NH,33003,Carroll,33
63NJ,34025,Monmouth,34
63NY,36063,Niagara,36
63OH,39129,Pickaway,39
63OI,39041,Delaware,39
63OK,40081,Lincoln,40
63OR,41067,Washington,41
28PA,42011,Berks,42
63PN,42077,Lehigh,42
63S,53065,Stevens,53
63TE,48225,Houston,48
63TN,47123,Monroe,47
63TS,48201,Harris,48
63VA,51007,Amelia,51
63WA,53063,Spokane,53
63WI,55045,Green,55
63XA,48145,Falls,48
63XS,48031,Blanco,48
63Y,27081,Lincoln,27
64AK,02170,Matanuska-Susitna,02
64AZ,04013,Maricopa,04
64CA,06057,Nevada,06
64CL,06037,Los Angeles,06
64CT,09015,Windham,09
64DE,10001,Kent,10
TS95,48431,Sterling,48
64FA,12085,Martin,12
64FD,12099,Palm Beach,12
64FL,12086,Miami-Dade,12
64G,38017,Cass,38
64GA,13077,Coweta,13
64GE,13143,Haralson,13
64I,18077,Jefferson,18
64IG,18117,Orange,18
64II,18003,Allen,18
64IL,17111,McHenry,17
64IN,18053,Grant,18
64IS,17097,Lake,17
64KS,20105,Lincoln,20
64LL,17031,Cook,17
64MD,24009,Calvert,24
64ME,23005,Cumberland,23
64MI,26099,Macomb,26
64MO,20043,Doniphan,20
64NC,37151,Randolph,37
64ND,38059,Morton,38
64NE,31159,Seward,31
64NJ,34025,Monmouth,34
64NR,37095,Hyde,37
64NV,32003,Clark,32
64OG,41069,Wheeler,41
64OI,39099,Mahoning,39
64OK,40149,Washita,40
64OR,41053,Polk,41
64PA,42061,Huntingdon,42
64PN,42043,Dauphin,42
64TE,48265,Kerr,48
64TN,47055,Giles,47
64TS,48201,Harris,48
64TX,48029,Bexar,48
64V,31111,Lincoln,31
64WA,53033,King,53
64XA,48337,Montague,48
64XS,22017,Caddo,22
65AK,02170,Matanuska-Susitna,02
65AL,01073,Jefferson,01
65AZ,04019,Pima,04
65B,23029,Washington,23
65CA,06107,Tulare,06
65CL,06019,Fresno,06
65CN,06067,Sacramento,06
65CO,08069,Larimer,08
65FA,12021,Collier,12
65FD,12005,Bay,12
65FL,12111,St. Lucie,12
65G,26093,Livingston,26
65IL,17165,Saline,17
65IN,18179,Wells,18
65IS,17099,LaSalle,17
65KY,21013,Bell,21
65LA,22075,Plaquemines,22
65MD,24037,St. Mary's,24
65MI,26065,Ingham,26
65MN,27051,Grant,27
65MO,29510,St. Louis,29
65MS,28137,Tate,28
65MT,30047,Lake,30
65NC,37171,Surry,37
65NH,33013,Merrimack,33
65NM,35037,Quay,35
65NY,36013,Chautauqua,36
65OH,39103,Medina,39
65OI,39055,Geauga,39
65OK,40041,Delaware,40
65OR,41029,Jackson,41
65PA,42089,Monroe,42
65TE,48181,Grayson,48
65TN,47059,Greene,47
65TT,48181,Grayson,48
65TX,48229,Hudspeth,48
65WA,53067,Thurston,53
65WN,55065,Lafayette,55
65XA,48373,Polk,48
66AK,02170,Matanuska-Susitna,02
66AR,05143,Washington,05
66AZ,04013,Maricopa,04
66B,23029,Washington,23
66CA,06079,San Luis Obispo,06
66CN,06037,Los Angeles,06
66CO,08041,El Paso,08
66FA,12086,Miami-Dade,12
66FD,12017,Citrus,12
66G,26145,Saginaw,26
66GA,13099,Early,13
66II,18057,Hamilton,18
66IL,17111,McHenry,17
66IN,18059,Hancock,18
66KY,21085,Grayson,21
66LA,22121,West Baton Rouge,22
66MA,25027,Worcester,25
66MI,26077,Kalamazoo,26
66MN,27023,Chippewa,27
66MO,29183,St. Charles,29
66NC,37103,Jones,37
66NE,31135,Perkins,31
66NJ,34029,Ocean,34
66NY,36073,Orleans,36
66OI,39169,Wayne,39
66OK,40013,Bryan,40
66PA,42081,Lycoming,42
66S,16017,Bonner,16
66SC,45045,Greenville,45
66TA,48039,Brazoria,48
66TE,48221,Hood,48
66TN,47177,Warren,47
66TS,48201,Harris,48
66TX,48507,Zavala,48
66VA,51153,Prince William,51
66VG,51149,Prince George,51
66VT,50001,Addison,50
66WA,53039,Klickitat,53
66WI,55055,Jefferson,55
66XA,48077,Clay,48
66XS,48085,Collin,48
67AK,02170,Matanuska-Susitna,02
67AR,05143,Washington,05
67CA,06039,Madera,06
67CL,06011,Colusa,06
67CN,06017,El Dorado,06
67CO,08123,Weld,08
67D,39093,Lorain,39
67FA,12105,Polk,12
67FD,12071,Lee,12
67FL,12081,Manatee,12
67GA,13297,Walton,13
67II,18031,Decatur,18
67IL,17099,LaSalle,17
67IS,17185,Wabash,17
67KS,20069,Gray,20
67LA,22077,Pointe Coupee,22
67MD,24021,Frederick,24
67ME,23005,Cumberland,23
67MI,26027,Cass,26
67MN,27067,Kandiyohi,27
67MO,29085,Hickory,29
67MU,29163,Pike,29
67NC,37119,Mecklenburg,37
67ND,38045,LaMoure,38
67NE,31083,Harlan,31
67NJ,34041,Warren,34
67OG,41053,Polk,41
67OI,39099,Mahoning,39
67OK,40021,Cherokee,40
67OR,41047,Marion,41
67PA,42081,Lycoming,42
67PN,42107,Schuylkill,42
67S,16017,Bonner,16
67SC,45029,Colleton,45
67TE,48027,Bell,48
67TS,48201,Harris,48
67TT,48497,Wise,48
67T,48355,Nueces,48
67VT,50007,Chittenden,50
WA10,53071,Walla Walla,53
67WI,55057,Juneau,55
67XA,48077,Clay,48
67XS,48215,Hidalgo,48
68A,02275,Wrangell,02
68AK,02170,Matanuska-Susitna,02
68AL,01013,Butler,01
68AR,05143,Washington,05
68AZ,04015,Mohave,04
68C,55135,Waupaca,55
68CA,06103,Tehama,06
68CN,06107,Tulare,06
68CO,08001,Adams,08
68FA,12095,Orange,12
68FD,12013,Calhoun,12
68GA,13067,Cobb,13
68ID,16017,Bonner,16
68II,18023,Clinton,18
68IN,18073,Jasper,18
68IS,17089,Kane,17
68JY,23017,Oxford,23
68LA,22015,Bossier,22
68LS,22107,Tensas,22
68ME,23005,Cumberland,23
68MO,29207,Stoddard,29
68NC,37145,Person,37
68NE,31109,Lancaster,31
68NH,33011,Hillsborough,33
68NJ,34035,Somerset,34
68NM,35005,Chaves,35
68NR,37099,Jackson,37
68NY,36051,Livingston,36
68OI,39173,Wood,39
68OK,40113,Osage,40
68PA,42011,Berks,42
68PN,42125,Washington,42
68PS,42019,Butler,42
68R,26057,Gratiot,26
68TE,48481,Wharton,48
68TS,48231,Hunt,48
68TT,48001,Anderson,48
68VA,51121,Montgomery,51
68WA,53077,Yakima,53
68WI,55063,La Crosse,55
68Y,27043,Faribault,27
69AK,02170,Matanuska-Susitna,02
69AZ,04013,Maricopa,04
69CA,06071,San Bernardino,06
69CL,06113,Yolo,06
69CO,08031,Denver,08
69FA,12053,Hernando,12
69FD,12131,Walton,12
69FL,12105,Polk,12
69G,26093,Livingston,26
69GA,13179,Liberty,13
69IL,17099,LaSalle,17
69IS,17067,Hancock,17
69KS,20121,Miami,20
69LL,17131,Mercer,17
69MA,25013,Hampden,25
69MN,27167,Wilkin,27
69MT,30083,Richland,30
69MU,29021,Buchanan,29
69MY,27037,Dakota,27
69N,42077,Lehigh,42
69NC,37161,Rutherford,37
69ND,38009,Bottineau,38
69NJ,34035,Somerset,34
69NY,36031,Essex,36
69OI,39033,Crawford,39
69OK,40115,Ottawa,40
69OR,41071,Yamhill,41
69PA,42075,Lebanon,42
69S,53019,Ferry,53
69TA,48355,Nueces,48
69TE,48053,Burnet,48
69TS,48027,Bell,48
69TX,48057,Calhoun,48
69WT,53033,King,53
69XA,48497,Wise,48
69XS,48181,Grayson,48
6A5,37157,Rockingham,37
6A6,46015,Brule,46
6A7,02170,Matanuska-Susitna,02
6AK,02170,Matanuska-Susitna,02
6AK1,02050,Bethel,02
6AK2,02170,Matanuska-Susitna,02
6AK3,02122,Kenai Peninsula,02
6AK5,02020,Anchorage,02
6AK7,02170,Matanuska-Susitna,02
6AK8,02170,Matanuska-Susitna,02
6AK9,02170,Matanuska-Susitna,02
6AL0,01029,Cleburne,01
6AL4,01033,Colbert,01
6AL5,01051,Elmore,01
6AL6,01129,Washington,01
6AL8,01003,Baldwin,01
6AL9,01003,Baldwin,01
6AR0,05085,Lonoke,05
6AR1,05007,Benton,05
6AR3,05119,Pulaski,05
6AR4,05023,Cleburne,05
6AR7,05119,Pulaski,05
6AR8,05047,Franklin,05
6AR9,05089,Marion,05
6AZ0,04013,Maricopa,04
6AZ2,04017,Navajo,04
6AZ6,04003,Cochise,04
6AZ7,04013,Maricopa,04
6AZ8,04019,Pima,04
6B0,50001,Addison,50
6B4,36043,Herkimer,36
6B6,25017,Middlesex,25
27P,19083,Hardin,19
6C2,39137,Putnam,39
6CA0,06037,Los Angeles,06
6CA1,06093,Siskiyou,06
6CA2,06037,Los Angeles,06
6CA3,06037,Los Angeles,06
6CA4,06111,Ventura,06
6CA5,06071,San Bernardino,06
6CA6,06009,Calaveras,06
6CA8,06071,San Bernardino,06
6CA9,06037,Los Angeles,06
6CL2,06049,Modoc,06
6CL3,06111,Ventura,06
6CL4,06043,Mariposa,06
6CL5,06111,Ventura,06
6CL7,06059,Orange,06
6CL8,06077,San Joaquin,06
6CN5,06037,Los Angeles,06
6CN6,06067,Sacramento,06
6CO0,08029,Delta,08
6CO1,08123,Weld,08
6CO2,08029,Delta,08
6CO4,08069,Larimer,08
6CO6,08069,Larimer,08
6CO7,08077,Mesa,08
6CO8,08085,Montrose,08
6CO9,08015,Chaffee,08
6D3,38005,Benson,38
6D7,39173,Wood,39
6F1,40077,Latimer,40
6F7,48315,Marion,48
6FA3,12005,Bay,12
6FA4,12035,Flagler,12
6FA5,12095,Orange,12
6FD0,12075,Levy,12
6FD1,12017,Citrus,12
6FD2,12117,Seminole,12
6FD4,12103,Pinellas,12
6FD5,12097,Osceola,12
6FD6,12069,Lake,12
6FD7,12081,Manatee,12
6FD8,12011,Broward,12
6FL0,12069,Lake,12
6FL1,12031,Duval,12
6FL3,12015,Charlotte,12
6FL4,12123,Taylor,12
6FL5,12091,Okaloosa,12
6FL6,12115,Sarasota,12
6FL7,12105,Polk,12
6FL8,12041,Gilchrist,12
6FL9,12041,Gilchrist,12
6G6,42013,Blair,42
6G8,26075,Jackson,26
6GA0,13117,Forsyth,13
6GA1,13199,Meriwether,13
6GA2,13297,Walton,13
6GA3,13097,Douglas,13
6GA4,13297,Walton,13
6GA5,13097,Douglas,13
6GA6,13009,Baldwin,13
6GA7,13057,Cherokee,13
6GA8,13045,Carroll,13
6GE2,13263,Talbot,13
6GE4,13199,Meriwether,13
6H4,26075,Jackson,26
6H8,38029,Emmons,38
6IA0,19053,Decatur,19
6IA1,19161,Sac,19
6IA2,19155,Pottawattamie,19
6IA3,19193,Woodbury,19
6IA4,19153,Polk,19
6IA5,19013,Black Hawk,19
6IA7,19101,Jefferson,19
6IA8,19127,Marshall,19
6IA9,19039,Clarke,19
6ID1,16055,Kootenai,16
6II0,18017,Cass,18
6II2,18059,Hancock,18
6II3,18167,Vigo,18
6II5,18097,Marion,18
6II6,18087,LaGrange,18
6II7,18063,Hendricks,18
6II8,18083,Knox,18
IL60,17037,DeKalb,17
6IL1,17165,Saline,17
6IL2,17111,McHenry,17
6IL4,17015,Carroll,17
6IL5,17181,Union,17
6IL8,17027,Clinton,17
6IL9,17011,Bureau,17
6IN2,18145,Shelby,18
6IN3,18157,Tippecanoe,18
6IN4,18145,Shelby,18
6IN5,18095,Madison,18
6IN6,18109,Morgan,18
C67,18151,Steuben,18
6IN8,18139,Rush,18
01E,18151,Steuben,18
6IS0,17019,Champaign,17
6IS1,17111,McHenry,17
6IS2,17031,Cook,17
6IS4,17081,Jefferson,17
6IS5,17031,Cook,17
6IS7,17031,Cook,17
6IS8,17183,Vermilion,17
6IS9,17197,Will,17
6J6,45037,Edgefield,45
6J8,12041,Gilchrist,12
6JY8,36059,Nassau,36
6K2,29205,Shelby,29
6K7,19075,Grundy,19
6K9,19177,Van Buren,19
6KS0,20157,Republic,20
6KS2,20179,Sheridan,20
6KS4,20199,Wallace,20
6KS8,20015,Butler,20
6KS9,20209,Wyandotte,20
6KY0,21095,Harlan,21
6KY2,21087,Green,21
6KY3,21211,Shelby,21
6KY4,21009,Barren,21
6KY6,21185,Oldham,21
6KY8,21133,Letcher,21
6LA0,22071,Orleans,22
6LA1,22035,East Carroll,22
6LA3,22071,Orleans,22
6LA5,22001,Acadia,22
6LA6,22083,Richland,22
6LA7,22113,Vermilion,22
6LA8,22113,Vermilion,22
6LL0,17035,Cumberland,17
6LL2,17131,Mercer,17
6LL4,17163,St. Clair,17
6LL5,17167,Sangamon,17
6LL6,17027,Clinton,17
6LL7,17079,Jasper,17
6LL9,17157,Randolph,17
6M8,05111,Poinsett,05
6MA0,25009,Essex,25
6MA1,25017,Middlesex,25
6MA2,25009,Essex,25
6MA3,25013,Hampden,25
6MA4,25009,Essex,25
6MA5,25013,Hampden,25
6MA6,25001,Barnstable,25
6MA7,25027,Worcester,25
6MA8,25005,Bristol,25
6MA9,25007,Dukes,25
6MD1,24041,Talbot,24
6MD3,24021,Frederick,24
6MD4,24015,Cecil,24
6MD6,24017,Charles,24
6MD7,24029,Kent,24
6MD8,24045,Wicomico,24
6MD9,24031,Montgomery,24
6ME6,23017,Oxford,23
6MI0,26079,Kalkaska,26
6MI1,26157,Tuscola,26
6MI3,26005,Allegan,26
6MI4,26125,Oakland,26
6MI5,26161,Washtenaw,26
6MI6,26021,Berrien,26
6MI7,26139,Ottawa,26
6MI9,26129,Ogemaw,26
6MN0,27005,Becker,27
6MN4,27025,Chisago,27
6MN5,27171,Wright,27
6MN6,27019,Carver,27
6MN8,27147,Steele,27
6MN9,27123,Ramsey,27
6MO0,29113,Lincoln,29
6MO2,29186,Ste. Genevieve,29
6MO3,29215,Texas,29
6MO4,29185,St. Clair,29
6MO5,29157,Perry,29
6MO6,29073,Gasconade,29
6MO7,29043,Christian,29
6MS1,28121,Rankin,28
6MS2,28029,Copiah,28
6MS4,28067,Jones,28
6MS6,28121,Rankin,28
6MT4,30053,Lincoln,30
6MU4,29027,Callaway,29
6MU5,29177,Ray,29
6MU6,29189,St. Louis,29
6MU8,29091,Howell,29
6MU9,29215,Texas,29
6MY2,27115,Pine,27
6N5,36061,New York,36
6N6,36005,Bronx,36
6N7,36061,New York,36
6NA0,38013,Burke,38
6NA5,38059,Morton,38
6NA6,38049,McHenry,38
6NA7,38009,Bottineau,38
6NC0,37191,Wayne,37
6NC1,37035,Catawba,37
6NC2,37159,Rowan,37
6NC3,37051,Cumberland,37
6NC4,37003,Alexander,37
6NC5,37065,Edgecombe,37
6NC6,37071,Gaston,37
6NC7,37031,Carteret,37
6NC8,37057,Davidson,37
6NC9,37107,Lenoir,37
6ND2,38021,Dickey,38
6ND3,38017,Cass,38
6ND6,38091,Steele,38
6ND9,38101,Ward,38
6NE0,31111,Lincoln,31
6NE3,31021,Burt,31
6NE5,31109,Lancaster,31
6NE7,31145,Red Willow,31
6NE8,31057,Dundy,31
6NJ2,34037,Sussex,34
6NJ3,34031,Passaic,34
6NJ5,34017,Hudson,34
6NJ6,34025,Monmouth,34
6NJ7,34031,Passaic,34
6NK,36075,Oswego,36
6NK0,36077,Otsego,36
6NK2,36115,Washington,36
6NK3,36059,Nassau,36
6NK4,36029,Erie,36
6NK5,36029,Erie,36
6NK6,36041,Hamilton,36
5NK5,36103,Suffolk,36
6NK8,36011,Cayuga,36
6NK9,36065,Oneida,36
6NR6,37111,McDowell,37
6NY0,36071,Orange,36
6NY1,36101,Steuben,36
6NY2,36015,Chemung,36
6NY3,36099,Seneca,36
6NY4,36001,Albany,36
6NY5,36081,Queens,36
6NY6,36105,Sullivan,36
6NY7,36111,Ulster,36
6NY8,36111,Ulster,36
6NY9,36111,Ulster,36
6OG3,41035,Klamath,41
6OH0,39023,Clark,39
6OH1,39143,Sandusky,39
6OH2,39055,Geauga,39
6OH4,39173,Wood,39
6OH5,39041,Delaware,39
6OH6,39173,Wood,39
6OH7,39173,Wood,39
6OH8,39055,Geauga,39
6OH9,39109,Miami,39
6OI4,39101,Marion,39
6OI5,39159,Union,39
6OI6,39095,Lucas,39
6OI8,39035,Cuyahoga,39
6OI9,39049,Franklin,39
6OK0,40073,Kingfisher,40
6OK1,40021,Cherokee,40
6OK2,40051,Grady,40
6OK4,40143,Tulsa,40
6OK8,40015,Caddo,40
6OK9,40119,Payne,40
6OR1,41065,Wasco,41
6OR2,41065,Wasco,41
6OR3,41057,Tillamook,41
6OR4,41013,Crook,41
6OR5,41005,Clackamas,41
6OR6,41033,Josephine,41
6OR7,41005,Clackamas,41
6OR8,41009,Columbia,41
68D,41061,Union,41
6P3,55025,Dane,55
6PA0,42103,Pike,42
6PA1,42129,Westmoreland,42
6PA2,42111,Somerset,42
6PA3,42081,Lycoming,42
6PA4,42123,Warren,42
6PA5,42041,Cumberland,42
6PA6,42069,Lackawanna,42
6PA8,42035,Clinton,42
6PN2,42071,Lancaster,42
6PN3,42039,Crawford,42
6PN4,42089,Monroe,42
6PN5,42083,McKean,42
6PN6,42125,Washington,42
6PN7,42089,Monroe,42
6PN8,42095,Northampton,42
6PN9,42107,Schuylkill,42
6PS0,42073,Lawrence,42
6PS2,42091,Montgomery,42
6PS3,42117,Tioga,42
6PS4,42045,Delaware,42
6PS5,42095,Northampton,42
6PS6,42041,Cumberland,42
6PS8,42115,Susquehanna,42
6PS9,42107,Schuylkill,42
6Q0,06109,Tuolumne,06
6R1,22053,Jefferson Davis,22
6R5,48039,Brazoria,48
6S4,41043,Linn,41
6S6,41011,Coos,41
6S9,53007,Chelan,53
6SC1,45015,Berkeley,45
6SD4,46047,Fall River,46
6T2,39095,Lucas,39
6TA0,48413,Schleicher,48
6TA1,48467,Van Zandt,48
6TA2,48147,Fannin,48
6TA6,48201,Harris,48
6TA7,48367,Parker,48
6TA8,48439,Tarrant,48
6TA9,48297,Live Oak,48
6TE0,48215,Hidalgo,48
6TE3,48239,Jackson,48
6TE5,48239,Jackson,48
6TE6,48269,King,48
6TE7,48011,Armstrong,48
6TE8,48433,Stonewall,48
6TE9,48315,Marion,48
6TN0,47155,Sevier,47
6TN1,47021,Cheatham,47
6TN2,47073,Hawkins,47
6TN3,47155,Sevier,47
6TN4,47003,Bedford,47
6TN6,47053,Gibson,47
6TN7,47047,Fayette,47
6TN8,47005,Benton,47
6TN9,47043,Dickson,47
6TS1,48281,Lampasas,48
6TS4,48027,Bell,48
6TS5,48085,Collin,48
6TS6,48289,Leon,48
6TS8,48015,Austin,48
6TS9,48085,Collin,48
6TX0,48281,Lampasas,48
6TX4,48437,Swisher,48
6TX5,48375,Potter,48
6TX6,48349,Navarro,48
6TX7,48251,Johnson,48
6TX9,48043,Brewster,48
6U5,30105,Valley,30
6U6,30005,Blaine,30
6VA0,51133,Northumberland,51
6VA2,51089,Henry,51
6VA3,51760,Richmond,51
6VA4,51775,Salem,51
6VA5,51061,Fauquier,51
6VA6,51125,Nelson,51
6VA8,51003,Albemarle,51
6VA9,51141,Patrick,51
6VG4,51107,Loudoun,51
6VG8,51107,Loudoun,51
6W0,54033,Harrison,54
6W4,37033,Caswell,37
6WA0,53065,Stevens,53
6WA1,53059,Skamania,53
6WA2,53067,Thurston,53
6WA3,53021,Franklin,53
6WA4,53001,Adams,53
6WA5,53055,San Juan,53
6WA6,53021,Franklin,53
6WA7,53051,Pend Oreille,53
6WA8,53053,Pierce,53
6WA9,53061,Snohomish,53
6WI0,55033,Dunn,55
6WI1,55141,Wood,55
6WI2,55093,Pierce,55
6WI4,55051,Iron,55
6WI5,55083,Oconto,55
6WI7,55105,Rock,55
6WI8,55133,Waukesha,55
6WI9,55077,Marquette,55
6WN5,55091,Pepin,55
6WN6,55021,Columbia,55
6X0,48073,Cherokee,48
6XA0,48171,Gillespie,48
6XA7,48085,Collin,48
6XS0,48201,Harris,48
6XS1,48201,Harris,48
6XS2,48251,Johnson,48
6XS7,48497,Wise,48
6X8,48121,Denton,48
6XS9,48029,Bexar,48
6Y0,26113,Missaukee,26
6Y2,09005,Litchfield,09
6Y6,26143,Roscommon,26
6Y8,26029,Charlevoix,26
6Y9,26061,Houghton,26
70AK,02122,Kenai Peninsula,02
70AR,05093,Mississippi,05
70AZ,04019,Pima,04
70B,23021,Piscataquis,23
70CA,06037,Los Angeles,06
70CL,06027,Inyo,06
70CO,08059,Jefferson,08
70D,54077,Preston,54
70FA,12061,Indian River,12
70FD,12005,Bay,12
70II,18145,Shelby,18
70IL,17135,Montgomery,17
70IN,18137,Ripley,18
70IS,17043,DuPage,17
4KS5,20173,Sedgwick,20
70KS,20015,Butler,20
70KY,21093,Hardin,21
70LA,22079,Rapides,22
70LL,17105,Livingston,17
70MA,25023,Plymouth,25
70ME,23031,York,23
70MI,26029,Charlevoix,26
70MY,27139,Scott,27
70N,42127,Wayne,42
70NC,51117,Mecklenburg,51
70ND,38101,Ward,38
70NH,33013,Merrimack,33
70NJ,34019,Hunterdon,34
70NR,37163,Sampson,37
70NY,36071,Orange,36
70OI,39033,Crawford,39
70OK,40115,Ottawa,40
70OR,41071,Yamhill,41
70PN,42123,Warren,42
70S,53063,Spokane,53
70SC,45031,Darlington,45
70TN,47185,White,47
70TS,48201,Harris,48
70TT,48043,Brewster,48
70VA,51067,Franklin,51
70WA,53075,Whitman,53
70XA,48037,Bowie,48
70XS,48209,Hays,48
71AK,02170,Matanuska-Susitna,02
71AL,01013,Butler,01
71AR,05007,Benton,05
71AZ,04015,Mohave,04
71CA,06017,El Dorado,06
71CL,06011,Colusa,06
71CO,08039,Elbert,08
71FA,12099,Palm Beach,12
71FD,12019,Clay,12
71FL,12086,Miami-Dade,12
71GA,13217,Newton,13
71IL,17031,Cook,17
71IN,18175,Washington,18
71IS,17053,Ford,17
71K,20173,Sedgwick,20
71KS,20087,Jefferson,20
71KY,21015,Boone,21
71LL,17105,Livingston,17
71ME,23005,Cumberland,23
71MI,26115,Monroe,26
71MO,29033,Carroll,29
71NC,37033,Caswell,37
71NE,31047,Dawson,31
71NH,33001,Belknap,33
71NY,36065,Oneida,36
71OK,40031,Comanche,40
71OR,41023,Grant,41
71PA,42133,York,42
71PN,42001,Adams,42
71TE,48031,Blanco,48
71TX,48259,Kendall,48
71VA,51650,Hampton,51
71WI,55089,Ozaukee,55
71XA,48213,Henderson,48
72AK,02240,Southeast Fairbanks,02
72AR,05019,Clark,05
72AZ,04025,Yavapai,04
72CA,06063,Plumas,06
72CL,06071,San Bernardino,06
72CO,08125,Yuma,08
72FA,12103,Pinellas,12
72FL,12097,Osceola,12
72GA,13191,McIntosh,13
72II,18089,Lake,18
72IL,17043,DuPage,17
72IN,18181,White,18
72K,20173,Sedgwick,20
72KY,21235,Whitley,21
72LA,22019,Calcasieu,22
72LL,17011,Bureau,17
72ME,23009,Hancock,23
72MI,26053,Gogebic,26
72MO,29071,Franklin,29
72MU,29165,Platte,29
72NC,37131,Northampton,37
72ND,38091,Steele,38
72NH,33001,Belknap,33
72NM,35035,Otero,35
72OK,40041,Delaware,40
72OR,41031,Jefferson,41
72PA,42133,York,42
72PN,42041,Cumberland,42
72S,53075,Whitman,53
72TA,48321,Matagorda,48
72TE,48507,Zavala,48
72TN,47063,Hamblen,47
72TS,48285,Lavaca,48
72TX,48201,Harris,48
72VA,51059,Fairfax,51
72WA,53061,Snohomish,53
72XA,48157,Fort Bend,48
73AK,02110,Juneau,02
73AR,05085,Lonoke,05
73AZ,04015,Mohave,04
73CA,06003,Alpine,06
73CL,06065,Riverside,06
73F,48309,McLennan,48
73FA,12057,Hillsborough,12
73FD,12075,Levy,12
73GA,13121,Fulton,13
73IA,19033,Cerro Gordo,19
73II,18041,Fayette,18
73IL,17135,Montgomery,17
73IN,18055,Greene,18
73KS,20051,Ellis,20
73KY,21029,Bullitt,21
73MD,24029,Kent,24
73MI,26147,St. Clair,26
73MO,29189,St. Louis,29
73MU,29027,Callaway,29
73NC,37051,Cumberland,37
73ND,38045,LaMoure,38
73NE,31109,Lancaster,31
73NH,33007,Coos,33
73NJ,34037,Sussex,34
73NR,37121,Mitchell,37
73NY,36025,Delaware,36
73OH,39055,Geauga,39
73OI,39055,Geauga,39
73OR,41071,Yamhill,41
73PA,42133,York,42
73PN,42081,Lycoming,42
73S,53075,Whitman,53
2TX,48027,Bell,48
73TE,48367,Parker,48
73TN,47053,Gibson,47
73VA,51595,Emporia,51
73WA,53043,Lincoln,53
73WI,55017,Chippewa,55
73WT,53075,Whitman,53
73XA,48173,Glasscock,48
74AR,05119,Pulaski,05
74AZ,04003,Cochise,04
74CO,08123,Weld,08
74FA,12086,Miami-Dade,12
74FD,12013,Calhoun,12
74FL,12065,Jefferson,12
74GE,13139,Hall,13
74II,18063,Hendricks,18
14IL,17099,LaSalle,17
74IN,18179,Wells,18
74IS,17073,Henry,17
74KS,20001,Allen,20
74KY,21039,Carlisle,21
74L,06037,Los Angeles,06
74LL,17167,Sangamon,17
74MD,24033,Prince George's,24
74ME,23015,Lincoln,23
74MO,29189,St. Louis,29
74MU,29113,Lincoln,29
74N,42043,Dauphin,42
74NC,37137,Pamlico,37
74ND,38035,Grand Forks,38
74NH,33013,Merrimack,33
74NJ,34025,Monmouth,34
74NK,36039,Greene,36
74NY,36069,Ontario,36
74OH,39095,Lucas,39
74OI,39089,Licking,39
74OR,41071,Yamhill,41
74PA,42091,Montgomery,42
74PN,42013,Blair,42
74PS,42091,Montgomery,42
74R,48029,Bexar,48
74TE,48035,Bosque,48
74TN,47065,Hamilton,47
74TS,48303,Lubbock,48
74TX,48271,Kinney,48
74VA,51059,Fairfax,51
74VG,51103,Lancaster,51
74WA,53025,Grant,53
74WI,55079,Milwaukee,55
75AR,05005,Baxter,05
75AZ,04025,Yavapai,04
75B,23011,Kennebec,23
75C,16049,Idaho,16
75CA,06059,Orange,06
75D,39111,Monroe,39
75DC,53075,Whitman,53
75FA,12027,DeSoto,12
75FD,12111,St. Lucie,12
75FL,12005,Bay,12
75G,26161,Washtenaw,26
75IA,19001,Adair,19
75IL,17081,Jefferson,17
75IN,18067,Howard,18
75IS,17141,Ogle,17
75K,29081,Harrison,29
75KY,21049,Clark,21
75LA,22023,Cameron,22
75MI,26147,St. Clair,26
75MN,27161,Waseca,27
75MO,29095,Jackson,29
75MU,29115,Linn,29
75ND,38089,Stark,38
75NE,31177,Washington,31
75NK,36067,Onondaga,36
75NR,37197,Yadkin,37
75NY,36009,Cattaraugus,36
75OI,39101,Marion,39
75OR,41045,Malheur,41
75PA,42049,Erie,42
75PN,42007,Beaver,42
75RI,44005,Newport,44
75SC,45045,Greenville,45
75TA,48115,Dawson,48
75TE,48309,McLennan,48
75TN,47059,Greene,47
75TS,48251,Johnson,48
75TX,48271,Kinney,48
75U,29015,Benton,29
75VA,51720,Norton,51
75WA,53039,Klickitat,53
75WI,55117,Sheboygan,55
75WT,53047,Okanogan,53
75WV,54017,Doddridge,54
75XA,48407,San Jacinto,48
76AK,02240,Southeast Fairbanks,02
76AR,05005,Baxter,05
76AZ,04013,Maricopa,04
76B,23005,Cumberland,23
76CA,06109,Tuolumne,06
76CN,06025,Imperial,06
76CO,08001,Adams,08
76DE,10001,Kent,10
76FA,12011,Broward,12
76FD,12039,Gadsden,12
76FL,12095,Orange,12
76GA,13251,Screven,13
76II,18113,Noble,18
76IL,17089,Kane,17
76IS,17031,Cook,17
76KY,21005,Anderson,21
76LA,22055,Lafayette,22
76LL,17031,Cook,17
76LS,22105,Tangipahoa,22
76MD,24015,Cecil,24
76MN,27119,Polk,27
76MY,27005,Becker,27
76N,42131,Wyoming,42
76NC,37083,Halifax,37
76NE,31019,Buffalo,31
76NH,33013,Merrimack,33
T27,36071,Orange,36
76OH,39175,Wyandot,39
76OK,40087,McClain,40
24OR,41005,Clackamas,41
76PN,42007,Beaver,42
76T,48497,Wise,48
46XS,48359,Oldham,48
76TE,48229,Hudspeth,48
76TN,47081,Hickman,47
76TS,48167,Galveston,48
76TT,48199,Hardin,48
76V,56031,Platte,56
76WA,53061,Snohomish,53
76Z,02164,Lake and Peninsula,02
77AK,02170,Matanuska-Susitna,02
77AR,05051,Garland,05
77AZ,04013,Maricopa,04
77CA,06039,Madera,06
77CL,06019,Fresno,06
77CO,08041,El Paso,08
77FD,12011,Broward,12
77FL,12097,Osceola,12
77GA,13171,Lamar,13
77GE,13021,Bibb,13
77ID,16001,Ada,16
77IL,17049,Effingham,17
77IN,18037,Dubois,18
77IS,17043,DuPage,17
77KY,21173,Montgomery,21
77LA,22017,Caddo,22
77MD,24033,Prince George's,24
77ME,23001,Androscoggin,23
77MN,27089,Marshall,27
77MO,29109,Lawrence,29
77NC,37019,Brunswick,37
77NE,31127,Nemaha,31
77NJ,34017,Hudson,34
77NR,37119,Mecklenburg,37
77NV,32031,Washoe,32
77OH,39165,Warren,39
77OI,39035,Cuyahoga,39
77OK,40109,Oklahoma,40
77OR,41013,Crook,41
77PA,42003,Allegheny,42
77PN,42109,Snyder,42
77TN,47073,Hawkins,47
77TS,48091,Comal,48
77UT,49035,Salt Lake,49
77WA,53065,Stevens,53
77XA,48071,Chambers,48
77XS,48039,Brazoria,48
78A,37197,Yadkin,37
78AA,02090,Fairbanks North Star,02
78AK,02170,Matanuska-Susitna,02
78B,23019,Penobscot,23
78CA,06059,Orange,06
78CO,08097,Pitkin,08
78FA,12115,Sarasota,12
78FD,12086,Miami-Dade,12
78FL,12107,Putnam,12
78GA,13045,Carroll,13
78I,18133,Putnam,18
78II,18053,Grant,18
78IL,17103,Lee,17
78IN,18181,White,18
78IS,17157,Randolph,17
78K,02130,Ketchikan Gateway,02
78KY,21065,Estill,21
78ME,23005,Cumberland,23
78MI,26115,Monroe,26
78MN,27089,Marshall,27
78MO,29111,Lewis,29
78MU,29097,Jasper,29
78NC,37183,Wake,37
78NE,31023,Butler,31
78NJ,34025,Monmouth,34
78NK,36071,Orange,36
78NY,36063,Niagara,36
78OH,39103,Medina,39
78OK,40113,Osage,40
78OR,41045,Malheur,41
78PA,42045,Delaware,42
78PN,42031,Clarion,42
78TA,48013,Atascosa,48
78TN,47123,Monroe,47
78TS,48061,Cameron,48
78TX,48439,Tarrant,48
78U,53003,Asotin,53
78WA,53055,San Juan,53
78WI,55121,Trempealeau,55
78XA,48367,Parker,48
78XS,48481,Wharton,48
78Z,02170,Matanuska-Susitna,02
79AK,02170,Matanuska-Susitna,02
79AR,05085,Lonoke,05
79AZ,04019,Pima,04
79C,55139,Winnebago,55
79CA,06071,San Bernardino,06
79CL,06057,Nevada,06
79CO,08013,Boulder,08
79FA,12127,Volusia,12
79FD,12057,Hillsborough,12
79FL,12075,Levy,12
79GA,13061,Clay,13
79II,18059,Hancock,18
79IN,18141,St. Joseph,18
79IS,17061,Greene,17
79KS,20073,Greenwood,20
79KY,21113,Jessamine,21
79LA,22103,St. Tammany,22
79ME,23003,Aroostook,23
79MN,27089,Marshall,27
79MO,29223,Wayne,29
79MS,28031,Covington,28
79MT,30025,Fallon,30
79MU,29047,Clay,29
79N,42027,Centre,42
79NC,37069,Franklin,37
79NE,31065,Furnas,31
79NJ,34035,Somerset,34
79NR,37139,Pasquotank,37
79NY,36063,Niagara,36
79OH,39155,Trumbull,39
79OK,40101,Muskogee,40
79OR,41019,Douglas,41
79PA,42071,Lancaster,42
79PN,42093,Montour,42
79TA,48283,La Salle,48
79TE,48297,Live Oak,48
79TS,48085,Collin,48
79TT,48085,Collin,48
79UT,49035,Salt Lake,49
79VA,51093,Isle of Wight,51
79VG,51023,Botetourt,51
79WI,55121,Trempealeau,55
79WY,56011,Crook,56
79XA,48465,Val Verde,48
79XS,48045,Briscoe,48
7A7,13187,Lumpkin,13
4GA5,13261,Sumter,13
7AK2,02110,Juneau,02
7AK3,02122,Kenai Peninsula,02
7AK4,02170,Matanuska-Susitna,02
7AK5,02122,Kenai Peninsula,02
7AK6,02122,Kenai Peninsula,02
7AK7,02068,Denali,02
7AK8,02170,Matanuska-Susitna,02
7AK9,02170,Matanuska-Susitna,02
7AL0,01121,Talladega,01
7AL1,01077,Lauderdale,01
7AL2,01115,St. Clair,01
7AL3,01015,Calhoun,01
AL28,01003,Baldwin,01
7AL5,01045,Dale,01
7AL7,01069,Houston,01
7AL8,01039,Covington,01
7AL9,01003,Baldwin,01
7AR0,05015,Carroll,05
7AR1,05017,Chicot,05
7AR2,05023,Cleburne,05
7AR3,05037,Cross,05
7AR4,05123,St. Francis,05
7AR5,05039,Dallas,05
7AR6,05031,Craighead,05
7AR7,05107,Phillips,05
7AR8,05095,Monroe,05
7AR9,05031,Craighead,05
7AZ0,04013,Maricopa,04
7AZ4,04003,Cochise,04
7B1,17143,Peoria,17
7B3,33015,Rockingham,33
7B4,39045,Fairfield,39
7B9,09013,Tolland,09
7C3,19043,Clayton,19
7C5,19157,Poweshiek,19
7CA1,06071,San Bernardino,06
7CA2,06029,Kern,06
7CA3,06089,Shasta,06
7CA4,06065,Riverside,06
7CA5,06019,Fresno,06
7CA7,06059,Orange,06
7CA8,06065,Riverside,06
7CA9,06055,Napa,06
7CL0,06001,Alameda,06
7CL1,06001,Alameda,06
7CL2,06019,Fresno,06
7CL4,06051,Mono,06
7NV8,32017,Lincoln,32
7CL9,06017,El Dorado,06
7CO0,08123,Weld,08
7CO6,08041,El Paso,08
7CO7,08123,Weld,08
7CO8,08101,Pueblo,08
7CO9,08111,San Juan,08
7D8,39055,Geauga,39
7E3,39133,Portage,39
7FA0,12087,Monroe,12
7FA1,12087,Monroe,12
7FA2,12043,Glades,12
7FA3,12043,Glades,12
7FA5,12095,Orange,12
7FA8,12051,Hendry,12
7FD0,12019,Clay,12
7FD2,12083,Marion,12
7FD4,12031,Duval,12
7FD5,12059,Holmes,12
7FD6,12099,Palm Beach,12
7FD7,12105,Polk,12
7FD9,12079,Madison,12
7FL0,12083,Marion,12
7FL1,12105,Polk,12
7FL4,12019,Clay,12
7FL5,12099,Palm Beach,12
7FL6,12127,Volusia,12
7FL7,12023,Columbia,12
7FL8,12111,St. Lucie,12
7FL9,12081,Manatee,12
7G1,54029,Hancock,54
7G2,38083,Sheridan,38
7PN4,42013,Blair,42
7GA0,13059,Clarke,13
7GA1,13121,Fulton,13
7GA2,13185,Lowndes,13
7GA3,13165,Jenkins,13
7GA4,13289,Twiggs,13
7GA5,13295,Walker,13
7GA6,13121,Fulton,13
7GA7,13097,Douglas,13
7GA8,13089,DeKalb,13
7GA9,13045,Carroll,13
7GE5,13149,Heard,13
7GE7,13199,Meriwether,13
7I2,18035,Delaware,18
7IA1,19107,Keokuk,19
7IA3,19113,Linn,19
7IA5,19045,Clinton,19
7IA6,19101,Jefferson,19
7IA7,19037,Chickasaw,19
7IA9,19125,Marion,19
7ID7,16057,Latah,16
7II2,18107,Montgomery,18
7II3,18129,Posey,18
7IL0,17091,Kankakee,17
7IL1,17195,Whiteside,17
7IL4,17031,Cook,17
7IL7,17089,Kane,17
7IL8,17099,LaSalle,17
7IN2,18033,DeKalb,18
7IN3,18051,Gibson,18
7IN4,18089,Lake,18
7IN5,18091,LaPorte,18
7IN6,18175,Washington,18
7IN7,18171,Warren,18
99D,18085,Kosciusko,18
7IN9,18065,Henry,18
7IS2,17163,St. Clair,17
7IS3,17039,De Witt,17
7IS4,17183,Vermilion,17
7IS5,17089,Kane,17
7IS6,17043,DuPage,17
7IS7,17119,Madison,17
7IS8,17089,Kane,17
7IS9,17133,Monroe,17
7JY7,21207,Russell,21
7K2,02230,Skagway,02
7K7,46127,Union,46
7KA,02261,Valdez-Cordova,02
7KS0,20087,Jefferson,20
7KS1,20163,Rooks,20
7KS2,20045,Douglas,20
7KS3,20037,Crawford,20
7KS4,20005,Atchison,20
7KS9,20173,Sedgwick,20
7KY1,21181,Nicholas,21
7KY2,21015,Boone,21
7KY6,21053,Clinton,21
7KY8,21009,Barren,21
7L1,06037,Los Angeles,06
7L5,06037,Los Angeles,06
7L9,22097,St. Landry,22
7LA0,22077,Pointe Coupee,22
7LA1,22075,Plaquemines,22
7LA2,22057,Lafourche,22
7LA3,22011,Beauregard,22
7LA4,22113,Vermilion,22
7LA6,22087,St. Bernard,22
7LA7,22075,Plaquemines,22
7LA8,22069,Natchitoches,22
7LA9,22023,Cameron,22
7LL1,17097,Lake,17
7LL2,17097,Lake,17
7LL3,17079,Jasper,17
7LL4,17039,De Witt,17
7LL6,17103,Lee,17
7LL7,17103,Lee,17
7LL9,17189,Washington,17
7LS4,22113,Vermilion,22
2AR4,05147,Woodruff,05
7M6,05083,Logan,05
7M7,05021,Clay,05
7MA0,25017,Middlesex,25
7MA1,25017,Middlesex,25
7MA2,25005,Bristol,25
7MD0,10001,Kent,10
7MD1,24011,Caroline,24
7MD2,24021,Frederick,24
7MD3,24021,Frederick,24
7MD4,24043,Washington,24
7MD5,24037,St. Mary's,24
7MD7,24047,Worcester,24
7MD8,24035,Queen Anne's,24
7MD9,24041,Talbot,24
7ME7,23021,Piscataquis,23
7MI0,26125,Oakland,26
7MI1,26125,Oakland,26
7MI3,26077,Kalamazoo,26
7MI6,26155,Shiawassee,26
7MI7,26077,Kalamazoo,26
7MI8,26157,Tuscola,26
7MN1,27123,Ramsey,27
7MN2,27137,St. Louis,27
7MN3,27099,Mower,27
7MN4,27035,Crow Wing,27
7MN6,27089,Marshall,27
7MN7,27107,Norman,27
7MN8,27113,Pennington,27
7MO,29129,Mercer,29
7MO0,29095,Jackson,29
7MO1,29173,Ralls,29
7MO2,29127,Marion,29
7MO3,29119,McDonald,29
7MS1,28089,Madison,28
7MS3,28093,Marshall,28
7MS4,28089,Madison,28
7MS7,28049,Hinds,28
7MT5,30081,Ravalli,30
7MY4,27057,Hubbard,27
7MY6,27111,Otter Tail,27
7MY9,27099,Mower,27
7N0,22071,Orleans,22
7N3,36059,Nassau,36
7N4,26161,Washtenaw,26
7N6,38105,Williams,38
7N7,34033,Salem,34
7N8,42091,Montgomery,42
7NA0,38097,Traill,38
7NA2,38009,Bottineau,38
7NA4,38097,Traill,38
7NA9,38009,Bottineau,38
7NC1,37141,Pender,37
7NC2,37053,Currituck,37
7NC3,37195,Wilson,37
7NC4,37035,Catawba,37
7NC5,37069,Franklin,37
7NC6,37001,Alamance,37
7NC7,37169,Stokes,37
7NC9,37151,Randolph,37
7ND1,38025,Dunn,38
7ND5,38103,Wells,38
7ND8,38019,Cavalier,38
7NE5,31101,Keith,31
7NE6,31185,York,31
7NE8,31087,Hitchcock,31
7NJ0,34005,Burlington,34
7NJ1,34007,Camden,34
7NJ2,34033,Salem,34
7NJ3,34037,Sussex,34
7NJ4,34023,Middlesex,34
7NJ5,34027,Morris,34
7NJ6,34019,Hunterdon,34
7NJ7,34033,Salem,34
7NJ8,34039,Union,34
7NJ9,34011,Cumberland,34
7NK0,36095,Schoharie,36
7NK1,36053,Madison,36
7NK2,36091,Saratoga,36
7NK4,36055,Monroe,36
7NK6,36025,Delaware,36
7NK7,36023,Cortland,36
7NK8,36119,Westchester,36
7NM1,35035,Otero,35
7NR2,37077,Granville,37
7NY0,36105,Sullivan,36
7NY1,36095,Schoharie,36
7NY3,36059,Nassau,36
7NY4,36097,Schuyler,36
7NY5,36027,Dutchess,36
7NY6,36083,Rensselaer,36
7NY7,36087,Rockland,36
7NY9,36119,Westchester,36
7OA7,39057,Greene,39
7OH0,39029,Columbiana,39
7OH1,39103,Medina,39
7OH2,39151,Stark,39
7OH3,39041,Delaware,39
7OH4,39105,Meigs,39
7OH5,39099,Mahoning,39
7OH6,39153,Summit,39
7OH8,39055,Geauga,39
7OH9,39035,Cuyahoga,39
7OI4,39023,Clark,39
7OI5,39123,Ottawa,39
7OI9,39119,Muskingum,39
7OK0,40067,Jefferson,40
7OK2,40055,Greer,40
7OK3,40097,Mayes,40
7OK6,40027,Cleveland,40
7OK9,40143,Tulsa,40
7OR0,41063,Wallowa,41
7OR1,41025,Harney,41
7OR2,41063,Wallowa,41
7OR4,41017,Deschutes,41
7OR5,41051,Multnomah,41
7OR6,41027,Hood River,41
7OR7,41047,Marion,41
7OR8,41023,Grant,41
7OR9,41005,Clackamas,41
7P5,55083,Oconto,55
7PA1,42123,Warren,42
7PA2,42095,Northampton,42
7PA3,42127,Wayne,42
7PA5,42097,Northumberland,42
PA16,42003,Allegheny,42
7PA9,42133,York,42
7PN0,42107,Schuylkill,42
7PN2,42091,Montgomery,42
7PN3,42091,Montgomery,42
7PN5,42055,Franklin,42
7PN6,42133,York,42
7PN7,42133,York,42
7PN8,42099,Perry,42
7PN9,42053,Forest,42
7PS0,42043,Dauphin,42
7PS1,42049,Erie,42
7PS2,42029,Chester,42
7PS3,42115,Susquehanna,42
7PS5,42081,Lycoming,42
7PS6,42003,Allegheny,42
7PS7,42003,Allegheny,42
7PS8,42035,Clinton,42
7PS9,42047,Elk,42
7Q7,46095,Mellette,46
7R9,48039,Brazoria,48
7S3,41067,Washington,41
7S4,30001,Beaverhead,30
7T0,48097,Cooke,48
NGT,48175,Goliad,48
7TA1,48185,Grimes,48
7TA2,48201,Harris,48
7TA3,48189,Hale,48
7TA5,48051,Burleson,48
7TA7,48073,Cherokee,48
7TA9,48451,Tom Green,48
7TE0,48245,Jefferson,48
7TE2,48047,Brooks,48
7TE3,48281,Lampasas,48
7TE4,48463,Uvalde,48
7TE5,48333,Mills,48
7TE6,48481,Wharton,48
7TE7,48215,Hidalgo,48
7TE9,48493,Wilson,48
7TN0,47021,Cheatham,47
7TN1,47061,Grundy,47
7TN2,47037,Davidson,47
7TN3,47149,Rutherford,47
7TN4,47047,Fayette,47
7TN5,47069,Hardeman,47
7TN6,47043,Dickson,47
7TN7,47071,Hardin,47
7TN8,47029,Cocke,47
7TN9,47089,Jefferson,47
70T,48497,Wise,48
7TS1,48439,Tarrant,48
7TS2,48187,Guadalupe,48
74T,48121,Denton,48
7TS5,48057,Calhoun,48
7TS6,48201,Harris,48
7TS8,48069,Castro,48
7TX0,48009,Archer,48
7TX1,48309,McLennan,48
7TX2,48453,Travis,48
7TX3,48113,Dallas,48
7TX4,48439,Tarrant,48
7TX5,48317,Martin,48
7TX6,48167,Galveston,48
7TX7,48329,Midland,48
7TX8,48381,Randall,48
7TX9,48037,Bowie,48
7U8,30021,Dawson,30
7VA0,51131,Northampton,51
7VA1,51520,Bristol,51
7VA2,51041,Chesterfield,51
7VA3,51670,Hopewell,51
7VA4,51670,Hopewell,51
9VA7,51067,Franklin,51
7VA8,51520,Bristol,51
7VA9,51091,Highland,51
7VG0,51061,Fauquier,51
7VG4,51115,Mathews,51
7W1,53049,Pacific,53
7W4,51109,Louisa,51
7W7,18015,Carroll,18
7WA0,53009,Clallam,53
7WA1,53009,Clallam,53
7WA2,53031,Jefferson,53
7WA3,53073,Whatcom,53
7WA4,53065,Stevens,53
7WA5,53055,San Juan,53
7WA8,53053,Pierce,53
7WA9,53049,Pacific,53
7WI0,55023,Crawford,55
7WI1,55003,Ashland,55
7WI2,55021,Columbia,55
7WI3,55009,Brown,55
7WI4,55053,Jackson,55
7WI5,55025,Dane,55
7WI6,55021,Columbia,55
7WI8,55029,Door,55
7WI9,55039,Fond du Lac,55
7WV2,54025,Greenbrier,54
7XA2,48121,Denton,48
7XA4,48027,Bell,48
7XA7,48201,Harris,48
7XS0,48167,Galveston,48
7XS3,48225,Houston,48
7XS6,48161,Freestone,48
7XS7,48265,Kerr,48
7XS8,48201,Harris,48
7XS9,48201,Harris,48
7Y2,26019,Benzie,26
7Y3,27021,Cass,27
7Y9,27071,Koochiching,27
80AK,02170,Matanuska-Susitna,02
80AL,01085,Lowndes,01
80C,37197,Yadkin,37
80CA,06017,El Dorado,06
80CL,06065,Riverside,06
80CN,06073,San Diego,06
80CO,08101,Pueblo,08
80FA,12097,Osceola,12
80FD,12085,Martin,12
80FL,12133,Washington,12
80G,39031,Coshocton,39
80GA,13077,Coweta,13
80GE,13245,Richmond,13
80ID,16083,Twin Falls,16
80IN,18003,Allen,18
80KS,20079,Harvey,20
80KY,21149,McLean,21
80L,06037,Los Angeles,06
80MA,25017,Middlesex,25
80MI,26081,Kent,26
80MN,27031,Cook,27
80MO,29097,Jasper,29
80ND,38023,Divide,38
80NE,31129,Nuckolls,31
80NJ,34025,Monmouth,34
80NR,37183,Wake,37
80OH,39155,Trumbull,39
80OI,39035,Cuyahoga,39
80OR,41035,Klamath,41
80PA,42069,Lackawanna,42
80PN,42007,Beaver,42
80S,30037,Golden Valley,30
80SD,46013,Brown,46
80TA,48201,Harris,48
80TE,48113,Dallas,48
80TN,47105,Loudon,47
80TS,48225,Houston,48
80V,56007,Carbon,56
80VA,51109,Louisa,51
80WI,55137,Waushara,55
80XA,48467,Van Zandt,48
80XS,48097,Cooke,48
81AK,02170,Matanuska-Susitna,02
81AL,01007,Bibb,01
81AZ,04013,Maricopa,04
81CL,06013,Contra Costa,06
81CO,08107,Routt,08
81D,48039,Brazoria,48
81FA,12085,Martin,12
81GA,13045,Carroll,13
81II,18097,Marion,18
81IL,17179,Tazewell,17
01L,18149,Starke,18
81KS,20087,Jefferson,20
81L,06037,Los Angeles,06
81LL,17011,Bureau,17
81LS,22083,Richland,22
81ME,23009,Hancock,23
81MI,26149,St. Joseph,26
81MN,27033,Cottonwood,27
81MO,29013,Bates,29
81MU,29077,Greene,29
81NC,37047,Columbus,37
81ND,38101,Ward,38
81NE,31061,Franklin,31
81NJ,34035,Somerset,34
81NM,35027,Lincoln,35
81OI,39061,Hamilton,39
81OK,40055,Greer,40
81OR,41025,Harney,41
81PA,42115,Susquehanna,42
81PN,42005,Armstrong,42
81TA,48325,Medina,48
81TN,47163,Sullivan,47
81VA,51067,Franklin,51
81WA,53033,King,53
81XA,48491,Williamson,48
81XS,48201,Harris,48
82AR,05107,Phillips,05
82AZ,04019,Pima,04
82CA,06111,Ventura,06
82CD,21067,Fayette,21
82CL,06045,Mendocino,06
82CO,08077,Mesa,08
82FA,12131,Walton,12
82GA,13107,Emanuel,13
82IL,17201,Winnebago,17
82IN,18169,Wabash,18
82IS,17089,Kane,17
82KS,20011,Bourbon,20
82KY,21111,Jefferson,21
82LA,22087,St. Bernard,22
82LS,22035,East Carroll,22
82MI,26055,Grand Traverse,26
82MN,27049,Goodhue,27
82MO,29049,Clinton,29
82MU,29077,Greene,29
82NC,37085,Harnett,37
82NE,31091,Hooker,31
82NH,33011,Hillsborough,33
82NM,35027,Lincoln,35
82NR,37021,Buncombe,37
82NY,36021,Columbia,36
82OI,39159,Union,39
82OK,40037,Creek,40
82OR,41039,Lane,41
82PA,42125,Washington,42
82TS,48441,Taylor,48
82TX,48041,Brazos,48
82VA,51015,Augusta,51
82WA,53037,Kittitas,53
82WI,55071,Manitowoc,55
82WN,53065,Stevens,53
82XS,48493,Wilson,48
83AK,02290,Yukon-Koyukuk,02
83B,23003,Aroostook,23
83CA,06059,Orange,06
83CO,08117,Summit,08
83FA,12057,Hillsborough,12
83FD,12093,Okeechobee,12
83FL,12089,Nassau,12
83GA,13087,Decatur,13
83IA,19107,Keokuk,19
83IL,17203,Woodford,17
83IN,18103,Miami,18
83IS,17081,Jefferson,17
83KY,21117,Kenton,21
83L,06037,Los Angeles,06
83LL,17163,St. Clair,17
83MI,26125,Oakland,26
83MO,29047,Clay,29
83MY,27053,Hennepin,27
83NC,37063,Durham,37
83NH,33003,Carroll,33
83NM,35006,Cibola,35
83NR,37097,Iredell,37
83NY,36055,Monroe,36
83OA,39037,Darke,39
83OH,39109,Miami,39
83OI,39089,Licking,39
83OK,40079,Le Flore,40
83OR,41063,Wallowa,41
83PA,42129,Westmoreland,42
83PN,42003,Allegheny,42
83Q,53035,Kitsap,53
83TA,48349,Navarro,48
83TE,48463,Uvalde,48
83TN,47111,Macon,47
83TS,48143,Erath,48
83TX,48041,Brazos,48
83V,56045,Weston,56
83VA,51830,Williamsburg,51
83WA,53071,Walla Walla,53
83WI,55019,Clark,55
83XA,48125,Dickens,48
83XS,48201,Harris,48
84AK,02170,Matanuska-Susitna,02
84AL,01045,Dale,01
WI72,55101,Racine,55
84CA,06037,Los Angeles,06
84CL,06037,Los Angeles,06
84CO,08035,Douglas,08
84CT,09001,Fairfield,09
84FA,12069,Lake,12
84FD,12115,Sarasota,12
84G,26163,Wayne,26
84GA,13251,Screven,13
84ID,16083,Twin Falls,16
84IN,18085,Kosciusko,18
84IS,17137,Morgan,17
84L,06037,Los Angeles,06
84LA,22015,Bossier,22
84ME,23029,Washington,23
84MN,27119,Polk,27
84MO,29189,St. Louis,29
84NC,37125,Moore,37
84ND,38035,Grand Forks,38
84NJ,34023,Middlesex,34
84NK,36071,Orange,36
84NM,35003,Catron,35
84NR,37183,Wake,37
84NY,36055,Monroe,36
84OI,39079,Jackson,39
84OL,40143,Tulsa,40
84OR,41033,Josephine,41
84PA,42011,Berks,42
84PN,42133,York,42
84SC,45089,Williamsburg,45
84TE,48035,Bosque,48
84TN,47001,Anderson,47
84TS,48167,Galveston,48
84VA,51059,Fairfax,51
84WA,53027,Grays Harbor,53
84WI,55063,La Crosse,55
84WY,56009,Converse,56
84XS,48265,Kerr,48
84Y,31107,Knox,31
85AK,02170,Matanuska-Susitna,02
85B,23019,Penobscot,23
85CA,06045,Mendocino,06
85CO,08013,Boulder,08
85FA,12127,Volusia,12
85FD,12097,Osceola,12
85FL,12113,Santa Rosa,12
85GA,13157,Jackson,13
85IA,19067,Floyd,19
85IL,17139,Moultrie,17
85IN,18171,Warren,18
85KS,20087,Jefferson,20
85KY,21103,Henry,21
85LL,17093,Kendall,17
85MA,25017,Middlesex,25
85MI,26139,Ottawa,26
85N,36063,Niagara,36
85NC,37099,Jackson,37
85NE,31129,Nuckolls,31
85NJ,34023,Middlesex,34
85NM,35023,Hidalgo,35
85NR,37067,Forsyth,37
85NV,32003,Clark,32
85NY,36029,Erie,36
85OI,39153,Summit,39
85OK,40041,Delaware,40
85OR,41035,Klamath,41
85PN,42129,Westmoreland,42
85SC,45015,Berkeley,45
85TE,48187,Guadalupe,48
85TX,48209,Hays,48
85U,16085,Valley,16
85V,04001,Apache,04
85VA,51133,Northumberland,51
85WI,55109,St. Croix,55
86AK,02170,Matanuska-Susitna,02
86AL,01045,Dale,01
86CL,06065,Riverside,06
86CN,06047,Merced,06
86CO,08069,Larimer,08
86FA,12071,Lee,12
86FD,12041,Gilchrist,12
86FL,12023,Columbia,12
86GA,13047,Catoosa,13
86IL,17099,LaSalle,17
86IN,18175,Washington,18
86IS,17203,Woodford,17
86LA,22091,St. Helena,22
86ME,23023,Sagadahoc,23
86MI,26161,Washtenaw,26
86MO,29159,Pettis,29
86NC,37143,Perquimans,37
86NE,31177,Washington,31
86NJ,34023,Middlesex,34
86NY,36103,Suffolk,36
86OH,39103,Medina,39
86OI,39061,Hamilton,39
86OK,40035,Craig,40
86OR,41067,Washington,41
86PA,42013,Blair,42
86PN,42037,Columbia,42
86TE,48363,Palo Pinto,48
86TN,47089,Jefferson,47
86TS,48405,San Augustine,48
86TX,48091,Comal,48
86VA,51650,Hampton,51
86WA,53053,Pierce,53
86XS,48353,Nolan,48
87AK,02170,Matanuska-Susitna,02
87AZ,04013,Maricopa,04
87B,23003,Aroostook,23
87CD,08101,Pueblo,08
87CL,06037,Los Angeles,06
87CN,06059,Orange,06
87CO,08005,Arapahoe,08
87FA,12069,Lake,12
87FD,12099,Palm Beach,12
87FL,12101,Pasco,12
87GA,01015,Calhoun,01
87IL,17093,Kendall,17
87IN,18141,St. Joseph,18
87KY,21037,Campbell,21
87MA,25017,Middlesex,25
87ME,23017,Oxford,23
87MI,26005,Allegan,26
87MN,27135,Roseau,27
87MO,29037,Cass,29
27NR,37101,Johnston,37
87NE,31185,York,31
87NJ,34001,Atlantic,34
87NR,37177,Tyrrell,37
87NY,36103,Suffolk,36
87OI,39077,Huron,39
87OK,40021,Cherokee,40
87OR,41035,Klamath,41
87PA,42019,Butler,42
87TA,48171,Gillespie,48
87TE,48157,Fort Bend,48
87TS,48201,Harris,48
87VA,51003,Albemarle,51
87WA,53005,Benton,53
87WI,55025,Dane,55
87WS,55073,Marathon,55
87XA,48139,Ellis,48
87XS,48019,Bandera,48
88AK,02122,Kenai Peninsula,02
88AL,01097,Mobile,01
88AZ,04007,Gila,04
88C,55055,Jefferson,55
88CA,06085,Santa Clara,06
88CO,08041,El Paso,08
88D,39043,Erie,39
88FA,12057,Hillsborough,12
88FD,12099,Palm Beach,12
88FL,12085,Martin,12
88G,26115,Monroe,26
88GA,13145,Harris,13
88IS,17001,Adams,17
88KY,21067,Fayette,21
88LA,22055,Lafayette,22
88LL,17015,Carroll,17
88MD,24041,Talbot,24
88ME,23017,Oxford,23
88MO,29091,Howell,29
88MS,28137,Tate,28
88NC,37159,Rowan,37
88ND,38019,Cavalier,38
88NE,31127,Nemaha,31
88NV,32027,Pershing,32
88NY,36073,Orleans,36
88OH,39123,Ottawa,39
88OI,39153,Summit,39
88OR,41043,Linn,41
88PA,42007,Beaver,42
88PN,42097,Northumberland,42
88PS,42071,Lancaster,42
88TA,48109,Culberson,48
88TN,47061,Grundy,47
88TS,48363,Palo Pinto,48
88TT,48121,Denton,48
88TX,48223,Hopkins,48
88VA,51047,Culpeper,51
88VT,50013,Grand Isle,50
88WI,55009,Brown,55
88WS,55025,Dane,55
88XA,48085,Collin,48
89AK,02170,Matanuska-Susitna,02
89FA,12086,Miami-Dade,12
89FD,12101,Pasco,12
89FL,12095,Orange,12
89GA,13135,Gwinnett,13
89GE,13121,Fulton,13
89IA,19113,Linn,19
89IN,18109,Morgan,18
89IS,17157,Randolph,17
89KS,20133,Neosho,20
89LA,22055,Lafayette,22
89LL,17197,Will,17
89ME,23011,Kennebec,23
89MI,26129,Ogemaw,26
89MO,29037,Cass,29
89MU,29009,Barry,29
89NC,37047,Columbus,37
89ND,38101,Ward,38
89NE,31177,Washington,31
89NJ,34001,Atlantic,34
89NR,37059,Davie,37
89NY,36045,Jefferson,36
89OH,39063,Hancock,39
89OI,39099,Mahoning,39
89OK,40135,Sequoyah,40
89OR,41029,Jackson,41
89PA,42129,Westmoreland,42
89TA,48473,Waller,48
T89,48043,Brewster,48
89TN,47163,Sullivan,47
89TS,48289,Leon,48
89VA,51139,Page,51
89WA,53061,Snohomish,53
89WI,55049,Iowa,55
89XA,48035,Bosque,48
89XS,48039,Brazoria,48
89Y,26065,Ingham,26
8A4,18097,Marion,18
8A7,37059,Davie,37
8AK1,02261,Valdez-Cordova,02
8AK2,02122,Kenai Peninsula,02
8AK3,02188,Northwest Arctic,02
8AK5,02170,Matanuska-Susitna,02
8AK6,02170,Matanuska-Susitna,02
8AK8,02170,Matanuska-Susitna,02
8AK9,02240,Southeast Fairbanks,02
8AL0,01021,Chilton,01
8AL1,01073,Jefferson,01
8AL2,01121,Talladega,01
8AL3,01055,Etowah,01
8AL4,01021,Chilton,01
8AL5,01127,Walker,01
8AL6,01071,Jackson,01
8AL9,01061,Geneva,01
8AN6,53063,Spokane,53
8AR1,05089,Marion,05
8AZ5,04003,Cochise,04
8B2,33007,Coos,33
8C2,19099,Jasper,19
8C5,19171,Tama,19
8C6,19171,Tama,19
8CA0,06071,San Bernardino,06
8CA1,06037,Los Angeles,06
8CA2,06061,Placer,06
8CA4,06071,San Bernardino,06
8CA6,06071,San Bernardino,06
8CA8,06077,San Joaquin,06
8CA9,06073,San Diego,06
8CD0,08125,Yuma,08
8CD4,08039,Elbert,08
8CL1,06073,San Diego,06
8CL2,06067,Sacramento,06
8CL4,06077,San Joaquin,06
8CL5,06037,Los Angeles,06
8CL6,06011,Colusa,06
8CL7,06077,San Joaquin,06
8CO0,08087,Morgan,08
8CO1,08043,Fremont,08
8CO2,08123,Weld,08
8CO3,08043,Fremont,08
8CO4,08005,Arapahoe,08
8CO5,08029,Delta,08
8CO6,08089,Otero,08
8CO7,08013,Boulder,08
8CO8,08125,Yuma,08
8CO9,08039,Elbert,08
8D4,26081,Kent,26
8D6,46031,Corson,46
8D8,46023,Charles Mix,46
8D9,46097,Miner,46
8DC8,11001,District of Columbia,11
8FA0,12105,Polk,12
8FA1,12125,Union,12
8FA5,12045,Gulf,12
8FA7,12009,Brevard,12
8FA8,12055,Highlands,12
8FA9,12129,Wakulla,12
8FD1,12121,Suwannee,12
81FL,12001,Alachua,12
8FD3,12113,Santa Rosa,12
8FD4,12009,Brevard,12
8FD5,12043,Glades,12
8FD9,12051,Hendry,12
8FL0,12109,St. Johns,12
8FL1,12027,DeSoto,12
8FL2,12083,Marion,12
8FL3,12083,Marion,12
8FL4,12005,Bay,12
8FL6,12113,Santa Rosa,12
8FL7,12001,Alachua,12
8FL8,12031,Duval,12
8G3,36009,Cattaraugus,36
8G8,39029,Columbiana,39
8GA1,13149,Heard,13
8GA2,13245,Richmond,13
8GA3,13177,Lee,13
8GA6,13231,Pike,13
8GA7,13015,Bartow,13
8GA8,13045,Carroll,13
8GA9,13255,Spalding,13
8GE8,13057,Cherokee,13
8GK,21077,Gallatin,21
8I1,21041,Carroll,21
8I3,18067,Howard,18
8IA0,19139,Muscatine,19
8IA1,19167,Sioux,19
8IA2,19115,Louisa,19
8IA8,19183,Washington,19
8ID8,16059,Lemhi,16
8II0,18155,Switzerland,18
8II1,18021,Clay,18
8II2,18161,Union,18
8II5,18001,Adams,18
8II6,18097,Marion,18
8II7,18097,Marion,18
8II9,18011,Boone,18
8IL0,17111,McHenry,17
8IL2,17111,McHenry,17
8IL4,17111,McHenry,17
8IL5,17201,Winnebago,17
8IL7,17111,McHenry,17
8IL8,17031,Cook,17
8IN1,18157,Tippecanoe,18
8IN2,18081,Johnson,18
8IN4,18059,Hancock,18
8IN5,18127,Porter,18
8IN6,18113,Noble,18
8IN7,18079,Jennings,18
8IN8,18099,Marshall,18
8IN9,18063,Hendricks,18
8IS0,17027,Clinton,17
8IS1,17117,Macoupin,17
8IS2,18069,Huntington,18
8IS3,17083,Jersey,17
8IS4,17135,Montgomery,17
8IS5,17075,Iroquois,17
8IS6,17115,Macon,17
8IS8,17097,Lake,17
8IS9,17119,Madison,17
8K0,20057,Ford,20
3JA,20207,Woodson,20
8K8,20069,Gray,20
8K9,02130,Ketchikan Gateway,02
8KA,02290,Yukon-Koyukuk,02
8KS0,20093,Kearny,20
8KS1,20103,Leavenworth,20
8KS3,20013,Brown,20
8KS4,20051,Ellis,20
8KS5,20099,Labette,20
8KS6,20173,Sedgwick,20
8KS7,20121,Miami,20
8KS8,20041,Dickinson,20
8KT1,21111,Jefferson,21
8KT8,21211,Shelby,21
8KY1,21227,Warren,21
8KY2,21067,Fayette,21
8KY4,21057,Cumberland,21
8KY5,21025,Breathitt,21
8KY6,21117,Kenton,21
8KY7,21137,Lincoln,21
8KY9,21161,Mason,21
8LA0,22109,Terrebonne,22
8LA3,22075,Plaquemines,22
8LA4,22075,Plaquemines,22
8LA5,22075,Plaquemines,22
8LA6,22075,Plaquemines,22
8LA7,22087,St. Bernard,22
8LA8,22005,Ascension,22
8LL1,17111,McHenry,17
8LL3,17167,Sangamon,17
8LL4,17159,Richland,17
8LL5,17045,Edgar,17
8LL6,17045,Edgar,17
8LL7,17167,Sangamon,17
8LL8,17055,Franklin,17
8M2,05111,Poinsett,05
8M6,38063,Nelson,38
8M7,21107,Hopkins,21
8MA4,25017,Middlesex,25
8MD0,24013,Carroll,24
8MD1,24025,Harford,24
8MD2,24510,Baltimore,24
8MD3,24510,Baltimore,24
8MD4,24011,Caroline,24
8MD5,24021,Frederick,24
8MD7,24037,St. Mary's,24
8MD8,24510,Baltimore,24
8ME2,23005,Cumberland,23
8MI3,26159,Van Buren,26
8MI4,26123,Newaygo,26
8MI6,26121,Muskegon,26
8MI7,26153,Schoolcraft,26
8MI9,26161,Washtenaw,26
8MN0,27157,Wabasha,27
8MN2,27107,Norman,27
8MN3,27035,Crow Wing,27
8MN6,27095,Mille Lacs,27
8MN7,27157,Wabasha,27
8MO0,29183,St. Charles,29
8MO1,29077,Greene,29
8MO2,29047,Clay,29
8MO3,29177,Ray,29
8MO5,29063,DeKalb,29
8MO6,29163,Pike,29
8MO7,29165,Platte,29
8MO9,29189,St. Louis,29
8MS1,28015,Carroll,28
8MS2,28057,Itawamba,28
8MS8,28133,Sunflower,28
8MT4,30007,Broadwater,30
8MU0,29077,Greene,29
8MY9,27041,Douglas,27
8N0,37157,Rockingham,37
8N1,42011,Berks,42
8N4,42089,Monroe,42
8N7,42071,Lancaster,42
8NA0,38043,Kidder,38
8NA1,38049,McHenry,38
8NA5,38093,Stutsman,38
8NA7,38071,Ramsey,38
8NA9,38091,Steele,38
8NC0,37015,Bertie,37
8NC1,37105,Lee,37
8NC2,37161,Rutherford,37
8NC4,37037,Chatham,37
8NC,37155,Robeson,37
8NC6,37037,Chatham,37
8NC7,37103,Jones,37
8NC8,37063,Durham,37
8NC9,37089,Henderson,37
8ND0,38095,Towner,38
8ND4,38035,Grand Forks,38
8ND5,38017,Cass,38
8ND6,38017,Cass,38
8ND7,38093,Stutsman,38
8NE2,31025,Cass,31
8NE3,31029,Chase,31
8NE4,31025,Cass,31
8NE5,31183,Wheeler,31
8NE6,31061,Franklin,31
8NE7,31061,Franklin,31
8NE9,31125,Nance,31
8NJ0,34001,Atlantic,34
8NJ1,34019,Hunterdon,34
8NJ2,34021,Mercer,34
8NJ3,34031,Passaic,34
8NJ4,34011,Cumberland,34
8NJ5,34017,Hudson,34
8NJ6,34035,Somerset,34
8NJ7,34027,Morris,34
8NJ8,34015,Gloucester,34
8NJ9,34035,Somerset,34
83K,36115,Washington,36
8NK4,36037,Genesee,36
8NK5,36071,Orange,36
8NK6,36077,Otsego,36
8NK8,36113,Warren,36
8NR6,37145,Person,37
8NY1,36025,Delaware,36
8NY2,36111,Ulster,36
8NY3,36017,Chenango,36
8NY4,36101,Steuben,36
8NY5,36093,Schenectady,36
8NY6,36029,Erie,36
8NY8,36065,Oneida,36
8NY9,36059,Nassau,36
8OA3,39061,Hamilton,39
8OA5,46063,Harding,46
8OA6,39143,Sandusky,39
8OA7,39115,Morgan,39
8OA9,39103,Medina,39
8OH0,39007,Ashtabula,39
8OH1,39169,Wayne,39
8OH2,39159,Union,39
8OH3,39099,Mahoning,39
8OH4,39029,Columbiana,39
8OH5,39155,Trumbull,39
8OH8,39007,Ashtabula,39
8OH9,39061,Hamilton,39
8OI3,39155,Trumbull,39
8OI4,39081,Jefferson,39
8OI5,39127,Perry,39
8OI8,39035,Cuyahoga,39
8OI9,39131,Pike,39
8OK0,40011,Blaine,40
8OK1,40051,Grady,40
8OK2,40017,Canadian,40
8OK3,40113,Osage,40
8OK5,40041,Delaware,40
8OK8,40115,Ottawa,40
8OK9,40109,Oklahoma,40
8OL1,40063,Hughes,40
8OR0,41067,Washington,41
8OR1,41043,Linn,41
8OR2,41043,Linn,41
8OR3,41019,Douglas,41
8OR4,41007,Clatsop,41
8OR5,41017,Deschutes,41
8OR6,41009,Columbia,41
8OR7,41003,Benton,41
8OR8,41029,Jackson,41
8OR9,41041,Lincoln,41
8PA0,42037,Columbia,42
8PA1,42075,Lebanon,42
8PA2,42095,Northampton,42
8PA3,42025,Carbon,42
8PA4,42119,Union,42
8PA5,42005,Armstrong,42
8PA6,42099,Perry,42
8PA7,42095,Northampton,42
8PA8,42025,Carbon,42
8PA9,42017,Bucks,42
8PN2,42095,Northampton,42
8PN3,42121,Venango,42
8PN5,42097,Northumberland,42
8PN6,42091,Montgomery,42
8PN7,42023,Cameron,42
8PN8,42091,Montgomery,42
8PN9,42001,Adams,42
8PS0,42117,Tioga,42
8PS1,42095,Northampton,42
8PS2,42085,Mercer,42
8PS3,42069,Lackawanna,42
8PS5,42043,Dauphin,42
8PS7,42069,Lackawanna,42
8PS9,42131,Wyoming,42
8S2,53007,Chelan,53
8S3,41043,Linn,41
8S4,41063,Wallowa,41
8TA0,48493,Wilson,48
8TA1,48057,Calhoun,48
8TA2,48181,Grayson,48
8TA3,48053,Burnet,48
8TA5,48085,Collin,48
8TA7,48367,Parker,48
8TA8,48005,Angelina,48
8TA9,22097,St. Landry,22
8TE1,48493,Wilson,48
8TE2,48103,Crane,48
8TE3,48327,Menard,48
8TE4,48507,Zavala,48
8TE5,48159,Franklin,48
8TE7,48171,Gillespie,48
8TE8,48481,Wharton,48
8TE9,48201,Harris,48
8TN0,47157,Shelby,47
8TN1,47047,Fayette,47
8TN2,47003,Bedford,47
8TN3,47093,Knox,47
8TN4,47059,Greene,47
8TN5,47147,Robertson,47
8TN6,47149,Rutherford,47
8TN7,47161,Stewart,47
8TN8,47167,Tipton,47
8TN9,47167,Tipton,47
8TS0,48131,Duval,48
8TS1,48251,Johnson,48
8TS2,48077,Clay,48
8TS3,48225,Houston,48
8TS4,48201,Harris,48
8TS6,48257,Kaufman,48
8TS7,48425,Somervell,48
8TS8,48465,Val Verde,48
8TS9,48479,Webb,48
8TX0,48289,Leon,48
8TX1,48213,Henderson,48
8TX2,48137,Edwards,48
8TX4,48339,Montgomery,48
8TX8,48249,Jim Wells,48
8TX9,48097,Cooke,48
8U0,30037,Golden Valley,30
8U1,30033,Garfield,30
8U4,30029,Flathead,30
8U9,30007,Broadwater,30
8V6,08033,Dolores,08
8VA0,51760,Richmond,51
8VA3,51061,Fauquier,51
8VA4,51125,Nelson,51
8VA5,51540,Charlottesville,51
8VA6,51125,Nelson,51
8VA7,51678,Lexington,51
8VA8,51700,Newport News,51
8VG4,51009,Amherst,51
8W3,53017,Douglas,53
8W9,53067,Thurston,53
8WA0,53067,Thurston,53
8WA1,53053,Pierce,53
8WA2,53033,King,53
8WA3,53033,King,53
8WA4,53067,Thurston,53
8WA5,53001,Adams,53
8WA6,53025,Grant,53
8WA7,53075,Whitman,53
8WA8,53033,King,53
8WA9,53033,King,53
8WI0,55001,Adams,55
8WI1,55115,Shawano,55
8WI2,55137,Waushara,55
8WI3,55097,Portage,55
8WI4,55089,Ozaukee,55
8WI5,55087,Outagamie,55
8WI6,55061,Kewaunee,55
8WI8,55043,Grant,55
8WI9,55109,St. Croix,55
8WN8,55029,Door,55
8WT0,53063,Spokane,53
8WV3,54083,Randolph,54
8WV8,54003,Berkeley,54
8WY6,56043,Washakie,56
8XA6,48121,Denton,48
8XS4,48245,Jefferson,48
8XS5,48167,Galveston,48
8XS7,48029,Bexar,48
8XS8,48303,Lubbock,48
8XS9,48259,Kendall,48
8Y4,27003,Anoka,27
8Y5,27153,Todd,27
90AL,01003,Baldwin,01
90CA,06077,San Joaquin,06
90CL,06021,Glenn,06
90FL,12093,Okeechobee,12
90GA,13207,Monroe,13
90IA,19085,Harrison,19
90ID,16001,Ada,16
90IL,17091,Kankakee,17
90IN,18109,Morgan,18
90KS,20177,Shawnee,20
90KY,21123,Larue,21
90LA,22119,Webster,22
90MD,24005,Baltimore,24
90ME,23017,Oxford,23
90MO,29083,Henry,29
90MT,30063,Missoula,30
90NC,37089,Henderson,37
90NH,33003,Carroll,33
90NJ,34035,Somerset,34
90NR,37083,Halifax,37
90NV,32023,Nye,32
90NY,36069,Ontario,36
90OH,39111,Monroe,39
90OI,39135,Preble,39
90OR,41037,Lake,41
90PA,42105,Potter,42
90TA,48113,Dallas,48
90TE,48349,Navarro,48
90TN,47001,Anderson,47
90TT,48177,Gonzales,48
90TX,48479,Webb,48
90VA,51137,Orange,51
90WA,53055,San Juan,53
90WI,55041,Forest,55
90XA,48187,Guadalupe,48
90XS,48167,Galveston,48
91AK,02170,Matanuska-Susitna,02
91AL,01117,Shelby,01
91AS,05107,Phillips,05
91C,55111,Sauk,55
91CA,06065,Riverside,06
91CO,08117,Summit,08
91FA,12071,Lee,12
91FD,12099,Palm Beach,12
91FL,12095,Orange,12
91GA,13077,Coweta,13
91I,18097,Marion,18
91ID,16085,Valley,16
91IN,18005,Bartholomew,18
91IS,17167,Sangamon,17
91KS,20085,Jackson,20
91KY,21127,Lawrence,21
91LA,22039,Evangeline,22
91LS,17133,Monroe,17
91MD,24033,Prince George's,24
91ME,23019,Penobscot,23
91MI,26015,Barry,26
91MN,27173,Yellow Medicine,27
91MO,29019,Boone,29
91N,38055,McLean,38
91NC,37001,Alamance,37
91NJ,36061,New York,36
91NY,36055,Monroe,36
91OH,39169,Wayne,39
91OK,40065,Jackson,40
91PA,42031,Clarion,42
91PN,42107,Schuylkill,42
91TA,48467,Van Zandt,48
91TE,48491,Williamson,48
91TN,47021,Cheatham,47
91TS,48039,Brazoria,48
91TX,48311,McMullen,48
91VA,51019,Bedford,51
91WA,53025,Grant,53
91WI,55141,Wood,55
91XA,48459,Upshur,48
91XS,48441,Taylor,48
92A,47139,Polk,47
92AK,02170,Matanuska-Susitna,02
92B,23003,Aroostook,23
92C,55009,Brown,55
92CA,06031,Kings,06
92CL,06101,Sutter,06
92CN,06065,Riverside,06
92CO,08043,Fremont,08
92FA,12109,St. Johns,12
92FD,12009,Brevard,12
92G,36069,Ontario,36
92GA,13089,DeKalb,13
92GE,13033,Burke,13
92IN,18085,Kosciusko,18
92KS,20029,Cloud,20
92LA,22109,Terrebonne,22
92MA,25009,Essex,25
92ME,23019,Penobscot,23
92MI,26037,Clinton,26
92MN,27051,Grant,27
92MO,29099,Jefferson,29
92MU,29165,Platte,29
92NC,37023,Burke,37
92NH,33001,Belknap,33
92NJ,34019,Hunterdon,34
92NR,37153,Richmond,37
92NY,36121,Wyoming,36
92OH,39007,Ashtabula,39
92OI,39061,Hamilton,39
92OR,41005,Clackamas,41
92PN,42073,Lawrence,42
92SC,45003,Aiken,45
92TA,48061,Cameron,48
92TE,48043,Brewster,48
92TN,47031,Coffee,47
92TS,48027,Bell,48
92VA,51073,Gloucester,51
92WA,53033,King,53
92WI,55069,Lincoln,55
92XS,48489,Willacy,48
93AK,02070,Dillingham,02
93AZ,04003,Cochise,04
93B,23009,Hancock,23
93CA,06059,Orange,06
93CN,06073,San Diego,06
93CO,08093,Park,08
93FA,12091,Okaloosa,12
93FD,12113,Santa Rosa,12
93FL,12013,Calhoun,12
93GA,13107,Emanuel,13
93IA,19079,Hamilton,19
93ID,16049,Idaho,16
93IL,17105,Livingston,17
93IN,18145,Shelby,18
93IS,17183,Vermilion,17
93KS,20131,Nemaha,20
93KY,21149,McLean,21
93LA,22113,Vermilion,22
93LL,17099,LaSalle,17
93MD,24015,Cecil,24
93MN,27013,Blue Earth,27
93MS,28011,Bolivar,28
93MT,30029,Flathead,30
93NC,37113,Macon,37
93NH,33019,Sullivan,33
93NJ,34041,Warren,34
93NY,36047,Kings,36
93OG,41013,Crook,41
93OI,39049,Franklin,39
93OK,40145,Wagoner,40
93OR,41001,Baker,41
93SC,45019,Charleston,45
93TA,48159,Franklin,48
93TE,48043,Brewster,48
93TN,47179,Washington,47
93TX,48439,Tarrant,48
93VA,51009,Amherst,51
93XA,48077,Clay,48
94AR,05147,Woodruff,05
94AZ,04001,Apache,04
94C,55021,Columbia,55
94CA,06071,San Bernardino,06
94CL,06071,San Bernardino,06
94CO,08091,Ouray,08
94D,36093,Schenectady,36
94FD,12113,Santa Rosa,12
94FL,12071,Lee,12
94IS,17055,Franklin,17
94KS,20185,Stafford,20
94KY,21149,McLean,21
94LA,22005,Ascension,22
94MD,24035,Queen Anne's,24
94MI,26077,Kalamazoo,26
94MN,27167,Wilkin,27
94NC,37093,Hoke,37
94ND,38009,Bottineau,38
94NH,33013,Merrimack,33
94NJ,34041,Warren,34
94NY,36011,Cayuga,36
94OH,39003,Allen,39
94OI,39153,Summit,39
94OK,40101,Muskogee,40
94OR,41019,Douglas,41
94PA,42105,Potter,42
94PN,42133,York,42
94TA,48451,Tom Green,48
94TE,48121,Denton,48
94TN,47055,Giles,47
94TS,48113,Dallas,48
94TT,48461,Upton,48
94TX,48083,Coleman,48
94WA,53027,Grays Harbor,53
94XA,48361,Orange,48
94Z,02180,Nome,02
95AL,01073,Jefferson,01
95CA,06079,San Luis Obispo,06
95CL,06037,Los Angeles,06
95CN,06071,San Bernardino,06
95CO,08055,Huerfano,08
95FA,12121,Suwannee,12
95FD,12051,Hendry,12
95FL,12103,Pinellas,12
95GA,13045,Carroll,13
95ID,16049,Idaho,16
95IL,17069,Hardin,17
95IN,18071,Jackson,18
95IS,17067,Hancock,17
95KS,20197,Wabaunsee,20
95KY,21203,Rockcastle,21
95LA,22079,Rapides,22
95MI,26085,Lake,26
95MS,28153,Wayne,28
95NC,37133,Onslow,37
95NH,33013,Merrimack,33
95NJ,34029,Ocean,34
95NY,36029,Erie,36
95OH,39175,Wyandot,39
95OI,39061,Hamilton,39
95OK,40131,Rogers,40
95OR,41019,Douglas,41
95PN,42091,Montgomery,42
95SC,45011,Barnwell,45
95TA,48019,Bandera,48
95TE,48121,Denton,48
95TN,47125,Montgomery,47
95TS,48503,Young,48
95TX,48479,Webb,48
95VA,51143,Pittsylvania,51
95WA,53033,King,53
95WI,55025,Dane,55
95Z,02090,Fairbanks North Star,02
96AK,02122,Kenai Peninsula,02
96AL,01003,Baldwin,01
96C,55101,Racine,55
96CA,06037,Los Angeles,06
96CL,06111,Ventura,06
96CO,08001,Adams,08
96FA,12081,Manatee,12
9FD,12093,Okeechobee,12
96FL,12075,Levy,12
96G,26151,Sanilac,26
96GA,13231,Pike,13
96ID,16017,Bonner,16
96IL,17177,Stephenson,17
96IS,17045,Edgar,17
96KS,20029,Cloud,20
96KY,21149,McLean,21
96LA,22033,East Baton Rouge,22
MY63,27007,Beltrami,27
96MI,26047,Emmet,26
96MO,29183,St. Charles,29
96MT,30111,Yellowstone,30
96MU,29161,Phelps,29
96NC,37183,Wake,37
96NE,31175,Valley,31
96NJ,34005,Burlington,34
96NM,35045,San Juan,35
96NY,36119,Westchester,36
96OI,39113,Montgomery,39
96OK,40059,Harper,40
96OR,41059,Umatilla,41
96PN,42011,Berks,42
96TA,48183,Gregg,48
96TE,48431,Sterling,48
96TN,47065,Hamilton,47
T96,48303,Lubbock,48
96TX,48451,Tom Green,48
96VE,53037,Kittitas,53
96WA,53061,Snohomish,53
96WI,55139,Winnebago,55
96WY,56007,Carbon,56
96XA,48389,Reeves,48
96XS,48071,Chambers,48
96Z,02198,Prince of Wales-Hyder,02
97AK,02170,Matanuska-Susitna,02
97AL,01025,Clarke,01
97CL,06007,Butte,06
97CO,08041,El Paso,08
97FA,12107,Putnam,12
97FL,12083,Marion,12
97G,26037,Clinton,26
97GA,13139,Hall,13
97GE,13297,Walton,13
97IA,19155,Pottawattamie,19
97IL,17057,Fulton,17
97IN,18125,Pike,18
97IS,17167,Sangamon,17
97KY,21111,Jefferson,21
97MI,26093,Livingston,26
97MN,27049,Goodhue,27
97MT,30029,Flathead,30
97NC,37175,Transylvania,37
97ND,38099,Walsh,38
97OG,41045,Malheur,41
97OI,39029,Columbiana,39
97OR,41023,Grant,41
97TA,48201,Harris,48
97TE,48039,Brazoria,48
97TN,47179,Washington,47
97TS,48339,Montgomery,48
97TX,48127,Dimmit,48
97VA,51017,Bath,51
97WA,53021,Franklin,53
97WI,55019,Clark,55
97WY,56039,Teton,56
97XA,48439,Tarrant,48
97XS,48181,Grayson,48
97Y,31125,Nance,31
98AK,02122,Kenai Peninsula,02
98AL,01133,Winston,01
98CA,06037,Los Angeles,06
98CO,08123,Weld,08
98FA,12105,Polk,12
98FD,12117,Seminole,12
98FL,12095,Orange,12
98G,26063,Huron,26
98GA,13035,Butts,13
98ID,16045,Gem,16
98IL,17121,Marion,17
98KS,20119,Meade,20
98L,06037,Los Angeles,06
98LA,22103,St. Tammany,22
98LL,17075,Iroquois,17
98LS,22053,Jefferson Davis,22
98M,23031,York,23
98MI,26163,Wayne,26
98MN,27057,Hubbard,27
98MO,29183,St. Charles,29
98MT,30081,Ravalli,30
98NC,37011,Avery,37
98ND,38099,Walsh,38
98NE,31001,Adams,31
98NJ,34003,Bergen,34
98NM,35033,Mora,35
98NY,36069,Ontario,36
98OH,39007,Ashtabula,39
98OI,39001,Adams,39
98OK,40113,Osage,40
98OR,41071,Yamhill,41
98PN,42077,Lehigh,42
98SC,45009,Bamberg,45
98TA,48367,Parker,48
98TE,41019,Douglas,41
98TN,47089,Jefferson,47
98TS,48333,Mills,48
98TX,48047,Brooks,48
98WA,53077,Yakima,53
98WI,55115,Shawano,55
98WT,53035,Kitsap,53
98WY,56039,Teton,56
98XA,48309,McLennan,48
98XS,48453,Travis,48
99A,05069,Jefferson,05
99AA,02020,Anchorage,02
99AK,02290,Yukon-Koyukuk,02
99AL,01111,Randolph,01
99AR,05007,Benton,05
0AZ1,04013,Maricopa,04
99C,55025,Dane,55
99CA,06071,San Bernardino,06
99CL,06071,San Bernardino,06
99CN,06035,Lassen,06
99CO,08101,Pueblo,08
99FA,12127,Volusia,12
99FD,12005,Bay,12
99GA,13129,Gordon,13
99HI,15009,Maui,15
99IA,19123,Mahaska,19
99ID,16037,Custer,16
99II,18133,Putnam,18
99IL,17085,Jo Daviess,17
99KS,20007,Barber,20
99LA,22001,Acadia,22
99ME,23013,Knox,23
MI1,26073,Isabella,26
99MN,27109,Olmsted,27
99MO,29187,St. Francois,29
99MS,28163,Yazoo,28
99MT,30081,Ravalli,30
99NA,37119,Mecklenburg,37
99NC,37049,Craven,37
99NJ,34001,Atlantic,34
99NR,37173,Swain,37
99NV,32003,Clark,32
99OH,39021,Champaign,39
99OI,39063,Hancock,39
99OK,40109,Oklahoma,40
99OR,41063,Wallowa,41
99PN,42075,Lebanon,42
99SC,45017,Calhoun,45
99TE,48181,Grayson,48
99TN,47075,Haywood,47
99TS,48343,Morris,48
99TT,48247,Jim Hogg,48
99TX,48127,Dimmit,48
99UT,49047,Uintah,49
99WA,53077,Yakima,53
99WI,55071,Manitowoc,55
99WY,56033,Sheridan,56
NE46,31077,Greeley,31
99Z,02170,Matanuska-Susitna,02
9A3,02050,Bethel,02
9A8,02164,Lake and Peninsula,02
9A9,37111,McDowell,37
9AA1,02170,Matanuska-Susitna,02
9AA9,02100,Haines,02
9AK,02068,Denali,02
9AK0,02261,Valdez-Cordova,02
9AK1,02170,Matanuska-Susitna,02
9AK2,02158,Kusilvak,02
9AK3,02122,Kenai Peninsula,02
9AK4,02240,Southeast Fairbanks,02
9AK5,02020,Anchorage,02
9AK6,02170,Matanuska-Susitna,02
9AK7,02170,Matanuska-Susitna,02
9AK8,02170,Matanuska-Susitna,02
AL45,01073,Jefferson,01
9AL1,01117,Shelby,01
9AL2,01125,Tuscaloosa,01
9AL3,01019,Cherokee,01
9AL4,01115,St. Clair,01
9AL5,01063,Greene,01
9AL7,01087,Macon,01
9AL8,01093,Marion,01
9AR1,05149,Yell,05
9B7,23019,Penobscot,23
9B8,09011,New London,09
9C0,02130,Ketchikan Gateway,02
9CA0,06029,Kern,06
9CA1,06071,San Bernardino,06
9CA2,06025,Imperial,06
9CA3,06037,Los Angeles,06
9CA4,06071,San Bernardino,06
9CA5,06037,Los Angeles,06
9CA7,06019,Fresno,06
9CA8,06059,Orange,06
9CA9,06037,Los Angeles,06
9CL0,06099,Stanislaus,06
9CL2,06069,San Benito,06
9CL3,06049,Modoc,06
9CL4,06071,San Bernardino,06
9CL6,06039,Madera,06
9CL7,06115,Yuba,06
9CL9,06067,Sacramento,06
9CN1,06069,San Benito,06
9CO0,08031,Denver,08
9CO1,08059,Jefferson,08
9CO2,08005,Arapahoe,08
9CO3,08077,Mesa,08
9CO4,08059,Jefferson,08
9CO5,08061,Kiowa,08
9CO6,08039,Elbert,08
9CO7,08123,Weld,08
9CO8,08039,Elbert,08
9CO9,08077,Mesa,08
9DC9,11001,District of Columbia,11
9F1,48309,McLennan,48
9F5,48439,Tarrant,48
9FA2,12099,Palm Beach,12
9FA3,12101,Pasco,12
9FA5,12083,Marion,12
9FA8,12086,Miami-Dade,12
9FD0,12105,Polk,12
9FD1,12033,Escambia,12
9FD2,12057,Hillsborough,12
9FD3,12055,Highlands,12
9FD4,12117,Seminole,12
9FD5,12083,Marion,12
9FD6,12057,Hillsborough,12
9FD7,12067,Lafayette,12
9FD8,12095,Orange,12
9FD9,12121,Suwannee,12
9FL0,12121,Suwannee,12
9FL1,12119,Sumter,12
9FL2,12039,Gadsden,12
9FL3,12055,Highlands,12
9FL4,12101,Pasco,12
9FL5,12029,Dixie,12
9FL6,12105,Polk,12
9FL7,12021,Collier,12
9FL8,12065,Jefferson,12
9FL9,12121,Suwannee,12
9G0,36029,Erie,36
9G1,42003,Allegheny,42
9G5,36063,Niagara,36
9G6,36073,Orleans,36
9G9,38047,Logan,38
9GA0,13231,Pike,13
9GA1,13103,Effingham,13
9GA3,13273,Terrell,13
9GA5,13261,Sumter,13
9GA6,13009,Baldwin,13
9GA7,13017,Ben Hill,13
9GA8,13175,Laurens,13
9GA9,13237,Putnam,13
9GE6,13317,Wilkes,13
9GE7,13217,Newton,13
9GE8,13121,Fulton,13
9I0,17125,Mason,17
9I3,21175,Morgan,21
9ID0,16087,Washington,16
9ID6,16049,Idaho,16
9II1,18147,Spencer,18
9II2,18141,St. Joseph,18
9II3,18141,St. Joseph,18
9II4,18057,Hamilton,18
9II5,18139,Rush,18
9II7,18033,DeKalb,18
9II8,18137,Ripley,18
9IL0,17123,Marshall,17
9IL1,17201,Winnebago,17
9IL2,17019,Champaign,17
9IL4,17103,Lee,17
9IL5,17097,Lake,17
9IL6,17179,Tazewell,17
9IL7,17073,Henry,17
9IL8,17191,Wayne,17
9IL9,17197,Will,17
9IN0,18009,Blackford,18
9IN1,18097,Marion,18
9IN4,18083,Knox,18
9IN5,18003,Allen,18
9IN6,18121,Parke,18
9IN7,18109,Morgan,18
9IN8,18183,Whitley,18
9IN9,18165,Vermillion,18
9IS0,17067,Hancock,17
9IS2,17053,Ford,17
9IS3,17115,Macon,17
9IS5,17103,Lee,17
9IS7,17073,Henry,17
9IS8,17053,Ford,17
9IS9,17113,McLean,17
9JY9,21193,Perry,21
9K0,20017,Chase,20
9K5,29195,Saline,29
9K6,20015,Butler,20
9KS0,20125,Montgomery,20
9KS1,20059,Franklin,20
9KS2,20091,Johnson,20
9KS4,20089,Jewell,20
9KS6,20063,Gove,20
9KS8,20015,Butler,20
9KT0,21111,Jefferson,21
9KY0,39015,Brown,39
9KY1,21131,Leslie,21
9KY2,21027,Breckinridge,21
9KY3,21173,Montgomery,21
9KY4,21125,Laurel,21
9KY5,21111,Jefferson,21
9KY7,21223,Trimble,21
9KY8,21221,Trigg,21
9KY9,21071,Floyd,21
9LA4,22101,St. Mary,22
9LA5,22079,Rapides,22
9LA6,22079,Rapides,22
9LA8,22051,Jefferson,22
9LA9,22105,Tangipahoa,22
9LL0,17001,Adams,17
9LL2,17145,Perry,17
9LL5,17021,Christian,17
9LL8,17115,Macon,17
9LS1,22035,East Carroll,22
9LS5,22065,Madison,22
9LS9,22065,Madison,22
9MA8,25023,Plymouth,25
9MD9,10001,Kent,10
9ME9,23031,York,23
9MI0,26161,Washtenaw,26
9MI1,26025,Calhoun,26
9MI2,26115,Monroe,26
9MI3,26081,Kent,26
9MI5,26157,Tuscola,26
9MI7,26125,Oakland,26
9MI8,26099,Macomb,26
9MI9,26077,Kalamazoo,26
9MN0,27137,St. Louis,27
9MN1,27059,Isanti,27
9MN2,27061,Itasca,27
9MN3,27027,Clay,27
9MN4,27053,Hennepin,27
9MN5,27027,Clay,27
9MN6,27139,Scott,27
9MN7,27165,Watonwan,27
9MO0,29510,St. Louis,29
9MO1,29189,St. Louis,29
9MO2,29195,Saline,29
9MO3,29021,Buchanan,29
9MO4,29003,Andrew,29
9MO5,29043,Christian,29
9MO6,29141,Morgan,29
9MO8,29073,Gasconade,29
9MO9,29041,Chariton,29
9MS7,28059,Jackson,28
9MS9,28091,Marion,28
9MT0,30003,Big Horn,30
9MT9,30031,Gallatin,30
9MU4,29095,Jackson,29
9MY7,27145,Stearns,27
9N1,42017,Bucks,42
9N2,42045,Delaware,42
9N3,42131,Wyoming,42
9N7,42075,Lebanon,42
9NA2,38093,Stutsman,38
9NA4,38101,Ward,38
W17,37183,Wake,37
9NC1,37167,Stanly,37
9NC2,37051,Cumberland,37
9NC3,37179,Union,37
9NC5,37149,Polk,37
9NC7,37025,Cabarrus,37
9NC8,37037,Chatham,37
9NC9,37081,Guilford,37
9ND1,38067,Pembina,38
9ND2,38091,Steele,38
9ND8,38067,Pembina,38
9NE1,31101,Keith,31
9NE2,31169,Thayer,31
9NE3,31031,Cherry,31
9NE4,31141,Platte,31
9NE8,31113,Logan,31
9NJ1,34035,Somerset,34
9NJ2,34035,Somerset,34
9NJ3,34035,Somerset,34
9NJ4,34023,Middlesex,34
9NJ6,34011,Cumberland,34
9NJ8,34041,Warren,34
9NK2,36017,Chenango,36
9NK4,36027,Dutchess,36
9NR0,37135,Orange,37
9NR4,37025,Cabarrus,37
9NR7,37163,Sampson,37
9NR8,37155,Robeson,37
9NR9,37129,New Hanover,37
9NY0,36071,Orange,36
9NY1,36007,Broome,36
9NY2,36013,Chautauqua,36
9NY3,36107,Tioga,36
9NY4,36013,Chautauqua,36
9NY6,36025,Delaware,36
9NY7,36035,Fulton,36
9NY8,36059,Nassau,36
9NY9,36027,Dutchess,36
9OA2,39135,Preble,39
9OA3,54035,Jackson,54
9OA4,39135,Preble,39
9OA5,39089,Licking,39
9OA6,39115,Morgan,39
9OA7,39143,Sandusky,39
9OH1,39143,Sandusky,39
9OH2,39123,Ottawa,39
9OH3,39061,Hamilton,39
9OH7,39063,Hancock,39
9OH8,39063,Hancock,39
9OI1,39095,Lucas,39
9OI2,39085,Lake,39
9OI3,39119,Muskingum,39
9OI4,39027,Clinton,39
9OI5,39159,Union,39
9OI8,39059,Guernsey,39
9OI9,39049,Franklin,39
9OK0,40109,Oklahoma,40
9OK1,40109,Oklahoma,40
9OK2,40117,Pawnee,40
9OK3,40147,Washington,40
9OK5,40123,Pontotoc,40
9OK6,40091,McIntosh,40
9OK7,40117,Pawnee,40
9OR0,41043,Linn,41
9OR1,41065,Wasco,41
9OR2,41047,Marion,41
9OR3,41035,Klamath,41
9OR4,41059,Umatilla,41
9OR5,41051,Multnomah,41
9OR6,41051,Multnomah,41
9OR7,41067,Washington,41
9OR8,41043,Linn,41
9OR9,41051,Multnomah,41
9PA0,42029,Chester,42
9PA2,42091,Montgomery,42
9PA5,42025,Carbon,42
9PA6,42091,Montgomery,42
9PA7,42111,Somerset,42
9PA8,42101,Philadelphia,42
9PA9,42091,Montgomery,42
9PN1,42051,Fayette,42
9PN2,42101,Philadelphia,42
9PN5,42079,Luzerne,42
9PN6,42079,Luzerne,42
9PN7,42015,Bradford,42
9PN8,42069,Lackawanna,42
9PN9,42095,Northampton,42
9PS0,42003,Allegheny,42
9PS1,42091,Montgomery,42
9PS2,42005,Armstrong,42
9PS3,42017,Bucks,42
9PS4,42095,Northampton,42
9PS5,42011,Berks,42
9PS6,42029,Chester,42
9PS7,42013,Blair,42
9PS8,42001,Adams,42
9PS9,42017,Bucks,42
9R5,48409,San Patricio,48
9R7,48029,Bexar,48
9S3,41011,Coos,41
9S7,30027,Fergus,30
9SD7,46129,Walworth,46
9SD8,46099,Minnehaha,46
9SD9,46099,Minnehaha,46
9TA1,48187,Guadalupe,48
9TA3,48201,Harris,48
9TA4,48113,Dallas,48
9TA5,48113,Dallas,48
9TA6,48039,Brazoria,48
9TA7,48167,Galveston,48
9TA8,48073,Cherokee,48
9TA9,48201,Harris,48
9TE0,48257,Kaufman,48
9TE2,48435,Sutton,48
9TE4,48057,Calhoun,48
9TE5,48007,Aransas,48
9TE6,48149,Fayette,48
9TE7,48021,Bastrop,48
9TN0,47037,Davidson,47
9TN1,47149,Rutherford,47
9TN2,47079,Henry,47
9TN4,47147,Robertson,47
9TN5,47119,Maury,47
9TN6,47157,Shelby,47
9TN7,47167,Tipton,47
9TN8,47037,Davidson,47
9TN9,47189,Wilson,47
9TS0,48473,Waller,48
9TS1,48469,Victoria,48
9TS2,48071,Chambers,48
9TS4,48085,Collin,48
9TS6,48251,Johnson,48
9TS7,48167,Galveston,48
9TS8,48113,Dallas,48
9TS9,48113,Dallas,48
9TX0,48201,Harris,48
9TX1,48287,Lee,48
9TX3,48189,Hale,48
9TX4,48491,Williamson,48
9TX5,48029,Bexar,48
9TX6,48263,Kent,48
9TX7,48181,Grayson,48
9TX9,48371,Pecos,48
9U1,30067,Park,30
9V1,31103,Keya Paha,31
9V2,31087,Hitchcock,31
9V3,31165,Sioux,31
9VA0,51017,Bath,51
9VA1,51115,Mathews,51
9VA2,51510,Alexandria,51
9VA4,51171,Shenandoah,51
9VA5,51043,Clarke,51
9VA8,51087,Henrico,51
9VA9,51620,Franklin,51
9VG,51131,Northampton,51
9VG9,51069,Frederick,51
9W3,54001,Barbour,54
9W8,42133,York,42
9W9,45069,Marlboro,45
9WA0,53033,King,53
9WA1,53025,Grant,53
9WA2,53043,Lincoln,53
9WA4,53039,Klickitat,53
9WA5,53047,Okanogan,53
9WA6,53033,King,53
9WA7,53053,Pierce,53
9WA8,53045,Mason,53
9WA9,53035,Kitsap,53
9WI1,55087,Outagamie,55
9WI2,55071,Manitowoc,55
9WI3,55009,Brown,55
9WI4,55133,Waukesha,55
9WI5,55127,Walworth,55
9WI6,55067,Langlade,55
9WI7,55005,Barron,55
9WI8,55127,Walworth,55
9WI9,55031,Douglas,55
9WN1,55139,Winnebago,55
9WN2,55013,Burnett,55
9WN3,55089,Ozaukee,55
9WN5,55021,Columbia,55
9WS2,55009,Brown,55
9WY0,56033,Sheridan,56
9XA1,48201,Harris,48
9XA4,48139,Ellis,48
9XS1,48217,Hill,48
9XS4,48181,Grayson,48
9XS6,48279,Lamb,48
9XS7,48231,Hunt,48
9XS8,48201,Harris,48
9XS9,48477,Washington,48
9Y0,27061,Itasca,27
9Y2,27021,Cass,27
9Y5,27137,St. Louis,27
9Y7,55005,Barron,55
9Z3,02150,Kodiak Island,02
9Z8,02164,Lake and Peninsula,02
9Z9,02122,Kenai Peninsula,02
A05,16049,Idaho,16
A13,02020,Anchorage,02
A23,02198,Prince of Wales-Hyder,02
A26,06049,Modoc,06
A27,02122,Kenai Peninsula,02
A28,06049,Modoc,06
A29,02220,Sitka,02
A43,02110,Juneau,02
A51,12045,Gulf,12
A57,02282,Yakutat,02
A61,02050,Bethel,02
A63,02070,Dillingham,02
A67,02282,Yakutat,02
A68,02282,Yakutat,02
A69,02282,Yakutat,02
A77,02290,Yukon-Koyukuk,02
A79,02164,Lake and Peninsula,02
AA00,02170,Matanuska-Susitna,02
AA01,02170,Matanuska-Susitna,02
AA02,02170,Matanuska-Susitna,02
AA04,02020,Anchorage,02
AA25,02170,Matanuska-Susitna,02
AA06,02020,Anchorage,02
AA07,02170,Matanuska-Susitna,02
AA08,02170,Matanuska-Susitna,02
AA09,02170,Matanuska-Susitna,02
AA10,02170,Matanuska-Susitna,02
AA11,02170,Matanuska-Susitna,02
AA12,02220,Sitka,02
AA13,04019,Pima,04
AA14,02185,North Slope,02
AA16,02122,Kenai Peninsula,02
AA17,02170,Matanuska-Susitna,02
AA22,02240,Southeast Fairbanks,02
AA27,02185,North Slope,02
AA30,02170,Matanuska-Susitna,02
AA33,02170,Matanuska-Susitna,02
AA35,02100,Haines,02
AA38,02185,North Slope,02
AA44,02110,Juneau,02
AA76,02090,Fairbanks North Star,02
AA85,02170,Matanuska-Susitna,02
AK0,02261,Valdez-Cordova,02
AK00,02122,Kenai Peninsula,02
AK01,02122,Kenai Peninsula,02
AK02,02188,Northwest Arctic,02
3AK1,02170,Matanuska-Susitna,02
AK05,02122,Kenai Peninsula,02
AK06,02068,Denali,02
AK08,02170,Matanuska-Susitna,02
AK09,02240,Southeast Fairbanks,02
AK1,02170,Matanuska-Susitna,02
AK10,02170,Matanuska-Susitna,02
AK12,02020,Anchorage,02
AK13,02090,Fairbanks North Star,02
AK14,02170,Matanuska-Susitna,02
AK16,02170,Matanuska-Susitna,02
AK17,02122,Kenai Peninsula,02
AK18,02122,Kenai Peninsula,02
AK19,02170,Matanuska-Susitna,02
AK20,02185,North Slope,02
AK21,02070,Dillingham,02
AK22,02090,Fairbanks North Star,02
AK24,02020,Anchorage,02
AK25,02170,Matanuska-Susitna,02
AK26,02180,Nome,02
AK27,02170,Matanuska-Susitna,02
AK28,02090,Fairbanks North Star,02
AK29,02170,Matanuska-Susitna,02
AK30,02261,Valdez-Cordova,02
AK31,02261,Valdez-Cordova,02
AK33,02013,Aleutians East,02
AK34,02170,Matanuska-Susitna,02
AK35,02240,Southeast Fairbanks,02
AK36,02170,Matanuska-Susitna,02
AK37,02170,Matanuska-Susitna,02
AK38,02020,Anchorage,02
AK39,02122,Kenai Peninsula,02
AK40,02290,Yukon-Koyukuk,02
AK41,02090,Fairbanks North Star,02
AK43,02170,Matanuska-Susitna,02
AK44,02170,Matanuska-Susitna,02
AK46,02170,Matanuska-Susitna,02
AK47,02170,Matanuska-Susitna,02
AK49,02180,Nome,02
AK5,02122,Kenai Peninsula,02
AK50,02170,Matanuska-Susitna,02
05K,02164,Lake and Peninsula,02
AK52,02090,Fairbanks North Star,02
74AK,02170,Matanuska-Susitna,02
AK54,02170,Matanuska-Susitna,02
AK55,02122,Kenai Peninsula,02
AK56,02070,Dillingham,02
AK57,02170,Matanuska-Susitna,02
AK59,02170,Matanuska-Susitna,02
AK60,02164,Lake and Peninsula,02
AK61,02170,Matanuska-Susitna,02
AK62,02198,Prince of Wales-Hyder,02
AK63,02170,Matanuska-Susitna,02
ATM,02070,Dillingham,02
AK65,02170,Matanuska-Susitna,02
AK66,02170,Matanuska-Susitna,02
AK67,02170,Matanuska-Susitna,02
AK68,02170,Matanuska-Susitna,02
AK69,02170,Matanuska-Susitna,02
AK72,02170,Matanuska-Susitna,02
AK73,02122,Kenai Peninsula,02
AK74,02150,Kodiak Island,02
AK75,02188,Northwest Arctic,02
AK76,02282,Yakutat,02
AK77,02240,Southeast Fairbanks,02
AK8,02170,Matanuska-Susitna,02
80A,02290,Yukon-Koyukuk,02
AK81,02150,Kodiak Island,02
AK82,02020,Anchorage,02
AK83,02170,Matanuska-Susitna,02
AK84,02122,Kenai Peninsula,02
AK85,02170,Matanuska-Susitna,02
AK86,02170,Matanuska-Susitna,02
AK87,02170,Matanuska-Susitna,02
AK88,02170,Matanuska-Susitna,02
AK89,02170,Matanuska-Susitna,02
AK90,02170,Matanuska-Susitna,02
AK91,02020,Anchorage,02
AK92,02170,Matanuska-Susitna,02
AK93,02170,Matanuska-Susitna,02
AK95,02170,Matanuska-Susitna,02
AK97,02261,Valdez-Cordova,02
AK98,02180,Nome,02
AK99,02170,Matanuska-Susitna,02
AL05,01011,Bullock,01
AL07,01017,Chambers,01
AL08,01003,Baldwin,01
AL09,01049,DeKalb,01
AL10,01089,Madison,01
AL11,01101,Montgomery,01
AL12,01101,Montgomery,01
AL13,01113,Russell,01
AL14,01091,Marengo,01
AL16,01073,Jefferson,01
AL17,01117,Shelby,01
AL18,01073,Jefferson,01
AL19,01073,Jefferson,01
AL20,01069,Houston,01
AL21,01073,Jefferson,01
AL24,01073,Jefferson,01
AL25,01087,Macon,01
AL26,01125,Tuscaloosa,01
AL27,01019,Cherokee,01
AL29,01043,Cullman,01
AL32,01019,Cherokee,01
AL33,01053,Escambia,01
AL34,01079,Lawrence,01
AL35,01003,Baldwin,01
AL36,01089,Madison,01
AL37,01031,Coffee,01
AL38,01073,Jefferson,01
AL39,01117,Shelby,01
AL41,01061,Geneva,01
AL42,01015,Calhoun,01
AL43,01119,Sumter,01
AL44,01043,Cullman,01
AL46,01077,Lauderdale,01
AL48,01025,Clarke,01
AL49,01073,Jefferson,01
AL50,01073,Jefferson,01
AL51,01113,Russell,01
AL52,01097,Mobile,01
AL53,01033,Colbert,01
AL54,01057,Fayette,01
AL55,01003,Baldwin,01
AL58,01003,Baldwin,01
AL59,01069,Houston,01
AL60,01115,St. Clair,01
AL62,01061,Geneva,01
AL63,01127,Walker,01
AL65,01073,Jefferson,01
AL66,01073,Jefferson,01
AL69,01003,Baldwin,01
AL71,01123,Tallapoosa,01
AL74,01097,Mobile,01
AL75,01003,Baldwin,01
AL76,01021,Chilton,01
AL77,01109,Pike,01
AL78,01003,Baldwin,01
AL79,01101,Montgomery,01
AL82,01097,Mobile,01
AL83,01051,Elmore,01
AL84,01003,Baldwin,01
AL86,01079,Lawrence,01
AL87,01045,Dale,01
AL88,01003,Baldwin,01
AL89,01081,Lee,01
AL90,01047,Dallas,01
AL91,01073,Jefferson,01
AL92,01117,Shelby,01
AL93,01089,Madison,01
AL94,01097,Mobile,01
AL95,01129,Washington,01
AL96,01003,Baldwin,01
AL97,01003,Baldwin,01
AN00,02020,Anchorage,02
AN01,04009,Graham,04
AN03,02170,Matanuska-Susitna,02
AN04,02170,Matanuska-Susitna,02
AN37,05031,Craighead,05
AR02,05071,Johnson,05
AR03,05149,Yell,05
AR05,05083,Logan,05
AR06,05045,Faulkner,05
AR07,05003,Ashley,05
AR08,05015,Carroll,05
AR09,05007,Benton,05
AR10,05117,Prairie,05
AR11,05007,Benton,05
AR12,05145,White,05
AR13,05105,Perry,05
AR17,05123,St. Francis,05
AR20,05075,Lawrence,05
AR21,05131,Sebastian,05
AR22,05069,Jefferson,05
25AR,05149,Yell,05
AR24,05063,Independence,05
AR27,05087,Madison,05
AR29,05119,Pulaski,05
AR31,04013,Maricopa,04
AR32,05149,Yell,05
AR33,05145,White,05
AR34,05045,Faulkner,05
AR35,05143,Washington,05
AR36,05007,Benton,05
AR37,05091,Miller,05
AR38,05149,Yell,05
AR40,05131,Sebastian,05
AR41,05015,Carroll,05
AR42,05103,Ouachita,05
AR43,05029,Conway,05
AR44,05091,Miller,05
AR45,05119,Pulaski,05
AR46,05147,Woodruff,05
AR47,05139,Union,05
AR48,05139,Union,05
AR49,05143,Washington,05
AR51,05015,Carroll,05
AR53,05121,Randolph,05
AR55,05119,Pulaski,05
AR56,05063,Independence,05
AR58,05119,Pulaski,05
AR59,05001,Arkansas,05
AR60,05031,Craighead,05
AR61,05017,Chicot,05
AR62,05119,Pulaski,05
AR63,05041,Desha,05
AR65,05029,Conway,05
AR66,05109,Pike,05
AR67,05093,Mississippi,05
AR68,05049,Fulton,05
AR70,05011,Bradley,05
AR71,05071,Johnson,05
AR72,05123,St. Francis,05
AR73,05021,Clay,05
AR74,05037,Cross,05
AR75,05089,Marion,05
AR76,05147,Woodruff,05
AR77,05107,Phillips,05
AR78,05145,White,05
AR79,05041,Desha,05
AR80,05009,Boone,05
AR81,05053,Grant,05
AR82,05059,Hot Spring,05
AR83,05059,Hot Spring,05
AR85,05043,Drew,05
AR87,05033,Crawford,05
AR88,05045,Faulkner,05
AR89,05115,Pope,05
AR90,05119,Pulaski,05
AR91,05007,Benton,05
AR92,05067,Jackson,05
AR93,05021,Clay,05
AR95,05055,Greene,05
AR97,05045,Faulkner,05
AS04,05107,Phillips,05
AS11,05107,Phillips,05
AS31,05031,Craighead,05
AS91,05107,Phillips,05
AZ00,04027,Yuma,04
AZ01,04012,La Paz,04
AZ02,04013,Maricopa,04
AZ03,04005,Coconino,04
AZ05,04013,Maricopa,04
AZ07,04013,Maricopa,04
AZ08,04013,Maricopa,04
AZ12,04005,Coconino,04
AZ13,04013,Maricopa,04
AZ14,04003,Cochise,04
AZ15,04005,Coconino,04
AZ16,04003,Cochise,04
AZ17,04003,Cochise,04
AZ18,04005,Coconino,04
AZ20,04013,Maricopa,04
AZ21,04003,Cochise,04
AZ22,04025,Yavapai,04
AZ24,04013,Maricopa,04
AZ25,04027,Yuma,04
AZ26,04003,Cochise,04
AZ27,04025,Yavapai,04
AZ28,04013,Maricopa,04
AZ29,04013,Maricopa,04
AZ30,04013,Maricopa,04
AZ31,04013,Maricopa,04
AZ32,04013,Maricopa,04
AZ33,04013,Maricopa,04
AZ34,04015,Mohave,04
AZ35,04015,Mohave,04
AZ36,04015,Mohave,04
AZ37,04019,Pima,04
AZ38,04021,Pinal,04
AZ39,04013,Maricopa,04
AZ40,04012,La Paz,04
AZ41,04013,Maricopa,04
AZ43,04021,Pinal,04
AZ44,04009,Graham,04
AZ45,04009,Graham,04
AZ46,04025,Yavapai,04
AZ47,04012,La Paz,04
AZ48,04013,Maricopa,04
AZ50,04015,Mohave,04
AZ51,04013,Maricopa,04
AZ52,04013,Maricopa,04
AZ53,04013,Maricopa,04
AZ54,04013,Maricopa,04
AZ55,04013,Maricopa,04
AZ56,04013,Maricopa,04
AZ57,04025,Yavapai,04
AZ58,04007,Gila,04
AZ59,04013,Maricopa,04
AZ61,04013,Maricopa,04
AZ62,04013,Maricopa,04
AZ63,04021,Pinal,04
AZ64,04013,Maricopa,04
AZ65,04013,Maricopa,04
AZ67,04019,Pima,04
AZ70,04025,Yavapai,04
AZ73,04013,Maricopa,04
AZ74,04013,Maricopa,04
AZ75,04017,Navajo,04
AZ76,04013,Maricopa,04
AZ78,04013,Maricopa,04
AZ79,04013,Maricopa,04
AZ80,04015,Mohave,04
AZ81,04013,Maricopa,04
AZ82,04017,Navajo,04
AZ83,04013,Maricopa,04
AZ85,04013,Maricopa,04
AZ86,04025,Yavapai,04
AZ87,04013,Maricopa,04
AZ88,04013,Maricopa,04
AZ89,04003,Cochise,04
AZ90,04013,Maricopa,04
AZ91,04013,Maricopa,04
AZ92,04013,Maricopa,04
AZ93,04013,Maricopa,04
AZ94,04013,Maricopa,04
AZ95,04013,Maricopa,04
AZ96,04013,Maricopa,04
AZ97,04015,Mohave,04
AZ98,04013,Maricopa,04
AZ99,04013,Maricopa,04
AZU,05131,Sebastian,05
B01,36115,Washington,36
B04,36091,Saratoga,36
B06,50001,Addison,50
B10,23001,Androscoggin,23
B18,33001,Belknap,33
B70,30051,Liberty,30
64AR,05085,Lonoke,05
C00,17131,Mercer,17
C01,34015,Gloucester,34
10CO,08077,Mesa,08
C11,19095,Iowa,19
C25,19017,Bremer,19
C37,55045,Green,55
C39,06067,Sacramento,06
C40,18179,Wells,18
C43,26045,Eaton,26
C44,09015,Windham,09
C45,17179,Tazewell,17
C54,35003,Catron,35
C55,17141,Ogle,17
C56,17197,Will,17
C59,55127,Walworth,55
C66,17187,Warren,17
C72,53063,Spokane,53
C82,17103,Lee,17
C86,17177,Stephenson,17
C89,55101,Racine,55
C92,18085,Kosciusko,18
C94,17099,LaSalle,17
C97,18089,Lake,18
C98,18111,Newton,18
CA01,06089,Shasta,06
CA03,06047,Merced,06
CA04,06103,Tehama,06
CA05,06031,Kings,06
CA06,06049,Modoc,06
CA07,06101,Sutter,06
CA08,06037,Los Angeles,06
CA09,06093,Siskiyou,06
CA11,06093,Siskiyou,06
CA12,06071,San Bernardino,06
CA13,06019,Fresno,06
CA15,06057,Nevada,06
CA16,06061,Placer,06
CA18,06101,Sutter,06
CA19,06005,Amador,06
CA20,06005,Amador,06
CA21,06057,Nevada,06
CA22,06101,Sutter,06
CA23,06037,Los Angeles,06
CA24,06073,San Diego,06
CA25,06009,Calaveras,06
CA26,06075,San Francisco,06
CA28,06065,Riverside,06
CA29,06071,San Bernardino,06
CA31,06019,Fresno,06
CA32,06019,Fresno,06
CA33,06085,Santa Clara,06
CA35,06041,Marin,06
CA37,06087,Santa Cruz,06
CA38,06091,Sierra,06
CA39,06097,Sonoma,06
CA40,06019,Fresno,06
CA41,06019,Fresno,06
CA42,06059,Orange,06
CA43,06017,El Dorado,06
CA44,06107,Tulare,06
CA46,06037,Los Angeles,06
CA47,06073,San Diego,06
CA49,06031,Kings,06
CA50,06037,Los Angeles,06
CA51,06097,Sonoma,06
CA53,06089,Shasta,06
CA55,06059,Orange,06
CA56,06053,Monterey,06
CA57,06095,Solano,06
CA58,06099,Stanislaus,06
CA59,06101,Sutter,06
CA60,06103,Tehama,06
CA61,06071,San Bernardino,06
CA62,06079,San Luis Obispo,06
CA63,06013,Contra Costa,06
CA64,06037,Los Angeles,06
CA65,06087,Santa Cruz,06
CA66,06087,Santa Cruz,06
CA67,06099,Stanislaus,06
CA68,06059,Orange,06
CA69,06031,Kings,06
CA70,06071,San Bernardino,06
CA71,06005,Amador,06
CA72,06111,Ventura,06
CA73,06101,Sutter,06
CA76,06073,San Diego,06
CA77,06029,Kern,06
CA78,06065,Riverside,06
CA79,06037,Los Angeles,06
CA81,06065,Riverside,06
CA83,06107,Tulare,06
CA84,06073,San Diego,06
CA85,06059,Orange,06
CA86,06037,Los Angeles,06
CA87,06073,San Diego,06
CA88,06053,Monterey,06
CA89,06065,Riverside,06
CA90,06071,San Bernardino,06
CA91,06065,Riverside,06
CA92,06007,Butte,06
CA95,06037,Los Angeles,06
CA97,06083,Santa Barbara,06
CA99,06037,Los Angeles,06
CD00,08013,Boulder,08
CD01,08043,Fremont,08
CD03,08099,Prowers,08
CD04,08059,Jefferson,08
CD06,08005,Arapahoe,08
CD07,08069,Larimer,08
CD09,08001,Adams,08
CD10,08105,Rio Grande,08
CD11,08067,La Plata,08
CD12,08051,Gunnison,08
CD13,08001,Adams,08
CD14,08001,Adams,08
CD15,08039,Elbert,08
CD16,08071,Las Animas,08
CD17,08001,Adams,08
CD18,08049,Grand,08
CD19,08019,Clear Creek,08
CD20,08069,Larimer,08
CD21,08093,Park,08
CD22,08001,Adams,08
CD23,08039,Elbert,08
CD24,08035,Douglas,08
CD25,08019,Clear Creek,08
CD26,08041,El Paso,08
CD27,51139,Page,51
CD28,08059,Jefferson,08
CD29,08085,Montrose,08
CD30,08051,Gunnison,08
CD31,08035,Douglas,08
CD32,08053,Hinsdale,08
CD33,08083,Montezuma,08
CD34,08029,Delta,08
CD35,08083,Montezuma,08
CD36,08033,Dolores,08
CD37,08019,Clear Creek,08
CD38,08093,Park,08
CD39,08069,Larimer,08
CD40,08039,Elbert,08
CD41,08045,Garfield,08
CD42,08045,Garfield,08
CD43,08065,Lake,08
CD44,08067,La Plata,08
CD45,08039,Elbert,08
CD46,08069,Larimer,08
CD47,08085,Montrose,08
CD48,08055,Huerfano,08
CD49,08039,Elbert,08
CD50,08103,Rio Blanco,08
CD52,08015,Chaffee,08
CD53,08035,Douglas,08
CD54,08085,Montrose,08
CD55,08109,Saguache,08
CD56,08045,Garfield,08
CD57,08049,Grand,08
CD59,08113,San Miguel,08
CD62,08045,Garfield,08
CD63,08103,Rio Blanco,08
CD65,08033,Dolores,08
CD66,08103,Rio Blanco,08
CD68,08111,San Juan,08
CD69,08105,Rio Grande,08
CD70,08107,Routt,08
CD71,08043,Fremont,08
CD72,08067,La Plata,08
CD74,08037,Eagle,08
CD75,08077,Mesa,08
CD77,08037,Eagle,08
CD78,08111,San Juan,08
CD79,08041,El Paso,08
CD80,08107,Routt,08
CD81,08057,Jackson,08
CD82,08067,La Plata,08
CD90,08043,Fremont,08
CD97,08029,Delta,08
CD99,08107,Routt,08
CDD,27137,St. Louis,27
CDE,02198,Prince of Wales-Hyder,02
CJJ,19089,Howard,19
CJX,02050,Bethel,02
CL00,06037,Los Angeles,06
CL01,06019,Fresno,06
CL02,06037,Los Angeles,06
CL03,06037,Los Angeles,06
CL04,06067,Sacramento,06
CL06,06037,Los Angeles,06
CL07,06037,Los Angeles,06
CL08,06037,Los Angeles,06
CL10,06037,Los Angeles,06
CL11,06077,San Joaquin,06
CL12,06037,Los Angeles,06
CL13,06037,Los Angeles,06
CL14,06037,Los Angeles,06
CL15,06029,Kern,06
CL16,06073,San Diego,06
CL17,06071,San Bernardino,06
CL19,06037,Los Angeles,06
CL21,06005,Amador,06
CL22,06037,Los Angeles,06
CL23,06007,Butte,06
CL24,06019,Fresno,06
CL25,06029,Kern,06
CL26,06037,Los Angeles,06
CL27,06037,Los Angeles,06
CL28,06071,San Bernardino,06
CL29,06071,San Bernardino,06
CL31,06037,Los Angeles,06
CL32,06037,Los Angeles,06
CL33,06073,San Diego,06
CL35,06073,San Diego,06
CL36,06097,Sonoma,06
CL37,06007,Butte,06
CL39,06055,Napa,06
CL40,06037,Los Angeles,06
CL45,06059,Orange,06
CL46,06037,Los Angeles,06
CL47,06073,San Diego,06
CL49,06037,Los Angeles,06
CL50,06037,Los Angeles,06
CL51,06097,Sonoma,06
CL52,06077,San Joaquin,06
CL53,06033,Lake,06
CL54,06037,Los Angeles,06
CL55,06059,Orange,06
CL56,06007,Butte,06
CL57,06073,San Diego,06
CL58,06059,Orange,06
CL59,06037,Los Angeles,06
CL60,06029,Kern,06
CL61,06029,Kern,06
CL62,06037,Los Angeles,06
CL63,06037,Los Angeles,06
CL64,06001,Alameda,06
CL65,06059,Orange,06
CL66,06037,Los Angeles,06
CL69,06033,Lake,06
CL71,06037,Los Angeles,06
CL72,06037,Los Angeles,06
CL74,06029,Kern,06
CL75,06037,Los Angeles,06
CL76,06073,San Diego,06
CL77,06087,Santa Cruz,06
CL78,06037,Los Angeles,06
CL79,06019,Fresno,06
CL80,06037,Los Angeles,06
CL81,06037,Los Angeles,06
CL82,06111,Ventura,06
CL83,06113,Yolo,06
CL84,06047,Merced,06
CL85,06097,Sonoma,06
CL86,06085,Santa Clara,06
CL87,06037,Los Angeles,06
CL91,06019,Fresno,06
CL92,06059,Orange,06
CL93,06019,Fresno,06
CL94,06063,Plumas,06
CL95,06071,San Bernardino,06
CL96,06095,Solano,06
CL97,06073,San Diego,06
CL99,06087,Santa Cruz,06
2AN,02068,Denali,02
CN01,06045,Mendocino,06
CN06,06097,Sonoma,06
CN11,06067,Sacramento,06
CN12,06011,Colusa,06
CN13,06067,Sacramento,06
CN14,06055,Napa,06
CN15,06031,Kings,06
CN16,06067,Sacramento,06
CN17,06073,San Diego,06
CN18,06071,San Bernardino,06
CN19,06013,Contra Costa,06
CN20,06033,Lake,06
CN23,06071,San Bernardino,06
CN25,06037,Los Angeles,06
CN26,06063,Plumas,06
CN27,06037,Los Angeles,06
CN28,06019,Fresno,06
CN29,06077,San Joaquin,06
CN30,06073,San Diego,06
CN33,06037,Los Angeles,06
CN37,06029,Kern,06
CN38,06067,Sacramento,06
CN39,06037,Los Angeles,06
CN40,06113,Yolo,06
CN42,06089,Shasta,06
CN43,06059,Orange,06
CN44,06099,Stanislaus,06
CN45,06071,San Bernardino,06
CN46,06089,Shasta,06
CN47,06037,Los Angeles,06
CN48,06077,San Joaquin,06
CN49,06061,Placer,06
CN50,06073,San Diego,06
CN51,06019,Fresno,06
CN52,06007,Butte,06
CN53,06031,Kings,06
CN55,06029,Kern,06
CN57,06039,Madera,06
CN62,06101,Sutter,06
CN70,06025,Imperial,06
CN86,06115,Yuba,06
CN88,06095,Solano,06
CN90,06025,Imperial,06
CN93,06079,San Luis Obispo,06
CN95,06077,San Joaquin,06
CN98,06025,Imperial,06
CN99,06099,Stanislaus,06
CO00,08063,Kit Carson,08
CO01,08031,Denver,08
CO02,08005,Arapahoe,08
CO03,08097,Pitkin,08
CO05,08005,Arapahoe,08
CO06,08087,Morgan,08
CO07,08047,Gilpin,08
CO10,08013,Boulder,08
CO11,08109,Saguache,08
CO12,08001,Adams,08
CO15,08039,Elbert,08
CO16,08005,Arapahoe,08
CO17,08005,Arapahoe,08
CO18,08039,Elbert,08
CO19,08043,Fremont,08
CO20,08029,Delta,08
CO21,08081,Moffat,08
CO22,08063,Kit Carson,08
CO23,08041,El Paso,08
CO24,08041,El Paso,08
CO25,08039,Elbert,08
CO27,08083,Montezuma,08
CO31,08031,Denver,08
CO34,08031,Denver,08
CO35,08031,Denver,08
CO36,08039,Elbert,08
CO37,08031,Denver,08
CO38,08001,Adams,08
CO40,08031,Denver,08
CO41,08031,Denver,08
CO42,08039,Elbert,08
CO43,08077,Mesa,08
CO44,08005,Arapahoe,08
CO45,08013,Boulder,08
CO46,08067,La Plata,08
CO47,08037,Eagle,08
CO48,08123,Weld,08
CO50,08097,Pitkin,08
CO51,08019,Clear Creek,08
CO52,08059,Jefferson,08
CO53,08069,Larimer,08
CO54,08041,El Paso,08
CO55,08069,Larimer,08
CO56,08001,Adams,08
CO57,08123,Weld,08
CO58,08123,Weld,08
CO59,08123,Weld,08
CO60,08123,Weld,08
CO62,08031,Denver,08
CO63,08043,Fremont,08
CO64,08071,Las Animas,08
CO65,08027,Custer,08
CO68,08123,Weld,08
CO71,08101,Pueblo,08
CO72,08113,San Miguel,08
CO73,08099,Prowers,08
CO74,08049,Grand,08
CO75,08117,Summit,08
CO76,08029,Delta,08
CO78,08073,Lincoln,08
CO80,08089,Otero,08
CO82,08123,Weld,08
CO84,08125,Yuma,08
CO85,08045,Garfield,08
CO87,08045,Garfield,08
CO88,08031,Denver,08
CO89,08029,Delta,08
CO90,08041,El Paso,08
CO93,08035,Douglas,08
CO95,08113,San Miguel,08
CO96,08035,Douglas,08
CO97,08005,Arapahoe,08
CSL,06079,San Luis Obispo,06
CSR,02020,Anchorage,02
CT00,09003,Hartford,09
CT01,09005,Litchfield,09
CT02,09003,Hartford,09
CT03,09003,Hartford,09
CT05,09003,Hartford,09
CT06,09003,Hartford,09
CT07,09011,New London,09
CT09,09013,Tolland,09
CT10,09015,Windham,09
CT11,09007,Middlesex,09
CT12,09001,Fairfield,09
CT13,09015,Windham,09
CT14,09003,Hartford,09
CT15,09013,Tolland,09
CT16,09011,New London,09
CT17,09003,Hartford,09
CT18,09003,Hartford,09
CT19,09003,Hartford,09
CT20,09003,Hartford,09
CT21,09011,New London,09
CT22,09003,Hartford,09
CT23,09003,Hartford,09
CT24,09005,Litchfield,09
CT25,09009,New Haven,09
CT26,09003,Hartford,09
CT27,09003,Hartford,09
CT28,09003,Hartford,09
CT29,09013,Tolland,09
CT32,09011,New London,09
CT33,09009,New Haven,09
CT35,09003,Hartford,09
CT36,09011,New London,09
CT37,09001,Fairfield,09
CT38,09003,Hartford,09
CT39,09007,Middlesex,09
CT40,09009,New Haven,09
CT41,09001,Fairfield,09
CT42,09005,Litchfield,09
CT43,09011,New London,09
CT44,09005,Litchfield,09
CT45,09009,New Haven,09
CT46,09009,New Haven,09
CT47,09009,New Haven,09
CT48,09011,New London,09
CT49,09003,Hartford,09
CT50,09003,Hartford,09
CT51,09005,Litchfield,09
CT52,09001,Fairfield,09
CT53,09013,Tolland,09
CT54,09009,New Haven,09
CT55,09009,New Haven,09
CT57,09007,Middlesex,09
CT59,09005,Litchfield,09
CT60,09003,Hartford,09
CT62,09003,Hartford,09
CT63,09003,Hartford,09
CT64,09003,Hartford,09
CT66,09005,Litchfield,09
CT68,09015,Windham,09
CT69,09015,Windham,09
CT70,09015,Windham,09
CT71,09003,Hartford,09
CT72,09003,Hartford,09
CT73,09003,Hartford,09
CT74,09015,Windham,09
CT75,09003,Hartford,09
CT76,09001,Fairfield,09
CT77,09009,New Haven,09
CT78,09011,New London,09
CT79,09001,Fairfield,09
CT80,09011,New London,09
CT82,09015,Windham,09
CT83,09001,Fairfield,09
CT84,09009,New Haven,09
CT85,09003,Hartford,09
CT86,09007,Middlesex,09
CT87,09003,Hartford,09
CT89,09001,Fairfield,09
CT90,09003,Hartford,09
CT92,09007,Middlesex,09
CT93,09011,New London,09
CT95,09009,New Haven,09
CT96,09003,Hartford,09
CT97,09007,Middlesex,09
CT98,09007,Middlesex,09
CT99,09007,Middlesex,09
05AA,02220,Sitka,02
D03,38045,LaMoure,38
D06,38099,Walsh,38
D12,16015,Boise,16
D15,26073,Isabella,26
D20,26147,St. Clair,26
D24,38103,Wells,38
D28,16017,Bonner,16
D29,38067,Pembina,38
D32,27121,Pope,27
D41,27089,Marshall,27
D43,36069,Ontario,36
D49,38013,Burke,38
D51,36029,Erie,36
D52,36051,Livingston,36
D58,46041,Dewey,46
D59,36029,Erie,36
D61,38049,McHenry,38
D63,06023,Humboldt,06
D65,46043,Douglas,46
D66,02240,Southeast Fairbanks,02
NY95,36069,Ontario,36
D69,53003,Asotin,53
D71,02170,Matanuska-Susitna,02
D72,02020,Anchorage,02
D75,02170,Matanuska-Susitna,02
D79,36013,Chautauqua,36
D80,36063,Niagara,36
D81,27125,Red Lake,27
D82,36099,Seneca,36
85NK,36009,Cattaraugus,36
D88,36013,Chautauqua,36
D90,26009,Antrim,26
D91,36055,Monroe,36
DC01,11001,District of Columbia,11
DC02,11001,District of Columbia,11
DC03,11001,District of Columbia,11
DC04,11001,District of Columbia,11
DC06,11001,District of Columbia,11
DC07,11001,District of Columbia,11
DC08,11001,District of Columbia,11
DC09,11001,District of Columbia,11
DC11,11001,District of Columbia,11
DC16,11001,District of Columbia,11
DC17,11001,District of Columbia,11
DC52,11001,District of Columbia,11
DDT,02261,Valdez-Cordova,02
DE00,10001,Kent,10
DE02,10001,Kent,10
DE03,10001,Kent,10
DE04,10001,Kent,10
DE05,10003,New Castle,10
DE06,10003,New Castle,10
DE08,10005,Sussex,10
DE09,10001,Kent,10
DE10,10001,Kent,10
DE11,10005,Sussex,10
DE13,10005,Sussex,10
DE14,10005,Sussex,10
DE15,10005,Sussex,10
DE16,10003,New Castle,10
DE17,10005,Sussex,10
DE19,10003,New Castle,10
DE20,10003,New Castle,10
DE21,10005,Sussex,10
DE23,10005,Sussex,10
DE24,10001,Kent,10
DE25,10005,Sussex,10
DE26,10003,New Castle,10
DE28,10003,New Castle,10
DE29,10003,New Castle,10
DE30,10003,New Castle,10
DE32,10001,Kent,10
DE34,10003,New Castle,10
DE39,10003,New Castle,10
88WA,53055,San Juan,53
DT1,12011,Broward,12
DTG,17063,Grundy,17
18T,35025,Lea,35
E20,06055,Napa,06
E32,35039,Rio Arriba,35
E36,06017,El Dorado,06
E37,04009,Graham,04
E40,37035,Catawba,37
E53,26063,Huron,26
E55,06045,Mendocino,06
E58,48121,Denton,48
E61,35047,San Miguel,35
E66,26093,Livingston,26
E68,04021,Pinal,04
E70,48187,Guadalupe,48
E79,06019,Fresno,06
E81,04021,Pinal,04
E85,32013,Humboldt,32
E92,35057,Torrance,35
E94,35003,Catron,35
EOD,47125,Montgomery,47
ERO,02100,Haines,02
F09,40065,Jackson,40
F13,12015,Charlotte,12
F23,48133,Eastland,48
2CL1,06115,Yuba,06
F57,12105,Polk,12
F78,48367,Parker,48
F92,40073,Kingfisher,40
F95,12013,Calhoun,12
FA00,12095,Orange,12
FA01,12015,Charlotte,12
FA04,12103,Pinellas,12
FA05,12087,Monroe,12
FA06,12103,Pinellas,12
FL5,12095,Orange,12
FA08,12105,Polk,12
FA09,12083,Marion,12
FA11,12047,Hamilton,12
FA12,12001,Alachua,12
FA13,12009,Brevard,12
FA15,12047,Hamilton,12
FA16,12113,Santa Rosa,12
FA17,12097,Osceola,12
FA18,12095,Orange,12
FA19,12099,Palm Beach,12
FA20,12005,Bay,12
FA21,12011,Broward,12
FA22,12115,Sarasota,12
FA23,12115,Sarasota,12
FA25,12073,Leon,12
FA26,12039,Gadsden,12
FA28,12111,St. Lucie,12
FA29,12123,Taylor,12
FA30,12075,Levy,12
FA32,12123,Taylor,12
FA33,12115,Sarasota,12
FA34,12005,Bay,12
FA35,12086,Miami-Dade,12
FA36,12075,Levy,12
FA37,12021,Collier,12
FA38,12083,Marion,12
FA40,12101,Pasco,12
FA41,12031,Duval,12
FA42,12069,Lake,12
FA43,12037,Franklin,12
FA44,12099,Palm Beach,12
FA45,12105,Polk,12
FA47,12086,Miami-Dade,12
FA48,12097,Osceola,12
FA49,12083,Marion,12
FA50,12083,Marion,12
FA51,12051,Hendry,12
FA52,12055,Highlands,12
FA53,12105,Polk,12
FA54,12015,Charlotte,12
FA55,12059,Holmes,12
FA56,12001,Alachua,12
FA57,12001,Alachua,12
FA59,12099,Palm Beach,12
FA60,12055,Highlands,12
FA61,12031,Duval,12
FA62,12001,Alachua,12
FA64,12027,DeSoto,12
FA65,12031,Duval,12
FA69,12099,Palm Beach,12
FA70,12057,Hillsborough,12
FA71,12075,Levy,12
FA73,12105,Polk,12
FA74,12021,Collier,12
FA76,12086,Miami-Dade,12
FA78,12097,Osceola,12
FA79,12127,Volusia,12
FA81,12087,Monroe,12
FA83,12095,Orange,12
FA84,12103,Pinellas,12
FA86,12083,Marion,12
FA87,12115,Sarasota,12
FA88,12121,Suwannee,12
FA89,12047,Hamilton,12
FA90,12009,Brevard,12
FA91,12095,Orange,12
FA92,12003,Baker,12
FA94,12097,Osceola,12
FA95,12117,Seminole,12
FA96,12117,Seminole,12
FA97,12061,Indian River,12
FA98,12021,Collier,12
FA99,53041,Lewis,53
FD00,12086,Miami-Dade,12
FD02,12083,Marion,12
FD03,12091,Okaloosa,12
FD04,12083,Marion,12
FD05,12087,Monroe,12
FD06,12101,Pasco,12
FD07,12103,Pinellas,12
FD08,12099,Palm Beach,12
FD09,12061,Indian River,12
FD11,12031,Duval,12
FD12,12097,Osceola,12
FD14,12083,Marion,12
FD15,12085,Martin,12
FD16,12121,Suwannee,12
FD17,12086,Miami-Dade,12
FD18,12073,Leon,12
FD19,12111,St. Lucie,12
FD20,12043,Glades,12
FD22,12107,Putnam,12
FD24,12111,St. Lucie,12
FD25,12061,Indian River,12
FD26,12063,Jackson,12
FD27,12003,Baker,12
FD28,12095,Orange,12
FD29,12083,Marion,12
FD30,12111,St. Lucie,12
FD31,12023,Columbia,12
FD33,12105,Polk,12
FD34,12086,Miami-Dade,12
FD35,12133,Washington,12
FD36,12095,Orange,12
FD37,12097,Osceola,12
FD38,12099,Palm Beach,12
FD39,12093,Okeechobee,12
FD41,12095,Orange,12
FD42,12121,Suwannee,12
FD44,12107,Putnam,12
FD45,12091,Okaloosa,12
FD46,12105,Polk,12
FD47,12113,Santa Rosa,12
FD48,12031,Duval,12
FD49,12119,Sumter,12
FD50,12067,Lafayette,12
FD51,12087,Monroe,12
FD52,12097,Osceola,12
FD53,12101,Pasco,12
FD55,12039,Gadsden,12
FD56,12107,Putnam,12
FD58,12031,Duval,12
FD60,12013,Calhoun,12
FD61,12121,Suwannee,12
FD62,12105,Polk,12
FD63,12047,Hamilton,12
FD64,12103,Pinellas,12
FD65,12105,Polk,12
FD66,12071,Lee,12
FD67,12071,Lee,12
FD69,12095,Orange,12
FD70,12055,Highlands,12
FD71,12121,Suwannee,12
FD72,12055,Highlands,12
FD74,12097,Osceola,12
FD76,12031,Duval,12
FD77,12057,Hillsborough,12
FD78,12069,Lake,12
FD79,12083,Marion,12
FD80,12029,Dixie,12
FD81,12001,Alachua,12
FD83,12097,Osceola,12
FD84,12023,Columbia,12
FD85,12027,DeSoto,12
FD86,12069,Lake,12
FD87,12031,Duval,12
FD88,12111,St. Lucie,12
FD89,12033,Escambia,12
FD90,12127,Volusia,12
FD91,12089,Nassau,12
FD92,12117,Seminole,12
FD93,12091,Okaloosa,12
FD94,12133,Washington,12
FD96,12043,Glades,12
FD97,12021,Collier,12
FD98,12117,Seminole,12
FD99,12095,Orange,12
FEW,56021,Laramie,56
FHK,01045,Dale,01
FL00,12049,Hardee,12
FL01,12049,Hardee,12
FL02,12041,Gilchrist,12
FL04,12133,Washington,12
FL07,12121,Suwannee,12
FL08,12121,Suwannee,12
FL09,12121,Suwannee,12
FL10,12121,Suwannee,12
FL11,12003,Baker,12
FL12,12073,Leon,12
FL13,12019,Clay,12
FL16,12105,Polk,12
FL17,12091,Okaloosa,12
FL18,12121,Suwannee,12
FL19,12083,Marion,12
FL20,12119,Sumter,12
FL21,12031,Duval,12
FL22,12111,St. Lucie,12
FL24,12033,Escambia,12
FL27,12023,Columbia,12
FL28,12007,Bradford,12
FL29,12111,St. Lucie,12
FL30,12101,Pasco,12
FL31,12086,Miami-Dade,12
FL32,12101,Pasco,12
FL33,12041,Gilchrist,12
FL34,12091,Okaloosa,12
FL35,12101,Pasco,12
FL37,12111,St. Lucie,12
FL38,12057,Hillsborough,12
FL39,12099,Palm Beach,12
FL41,12099,Palm Beach,12
FL42,12105,Polk,12
FL43,12105,Polk,12
FL44,12127,Volusia,12
FL45,12081,Manatee,12
FL48,12017,Citrus,12
FL49,12083,Marion,12
FL50,12023,Columbia,12
FL51,12099,Palm Beach,12
FL52,12073,Leon,12
FL53,12063,Jackson,12
FL54,12125,Union,12
FL55,12117,Seminole,12
FL58,12083,Marion,12
FL59,12071,Lee,12
FL60,12019,Clay,12
FL62,12069,Lake,12
FL64,12086,Miami-Dade,12
FL66,12001,Alachua,12
FL67,12111,St. Lucie,12
FL68,12083,Marion,12
FL69,12011,Broward,12
FL70,12057,Hillsborough,12
FL71,12131,Walton,12
FL72,12057,Hillsborough,12
FL74,12061,Indian River,12
FL75,12093,Okeechobee,12
FL77,12021,Collier,12
FL78,12057,Hillsborough,12
FL80,12083,Marion,12
FL81,12091,Okaloosa,12
FL82,12107,Putnam,12
FL84,12089,Nassau,12
FL85,12033,Escambia,12
FL86,12071,Lee,12
FL87,12086,Miami-Dade,12
FL88,12051,Hendry,12
FL90,12071,Lee,12
FA02,12051,Hendry,12
FL92,12057,Hillsborough,12
FL93,12086,Miami-Dade,12
FL94,12086,Miami-Dade,12
FL95,12061,Indian River,12
FL96,12109,St. Johns,12
FL97,12095,Orange,12
FL98,12086,Miami-Dade,12
FL99,12069,Lake,12
FWB,29209,Stone,29
G05,42125,Washington,42
GA00,13297,Walton,13
GA03,13047,Catoosa,13
GA04,13151,Henry,13
GA06,13159,Jasper,13
GA09,13139,Hall,13
GA10,13231,Pike,13
GA11,13121,Fulton,13
GA14,13007,Baker,13
GA16,13211,Morgan,13
GA17,13093,Dooly,13
GA18,13241,Rabun,13
GA2,13231,Pike,13
GA20,13039,Camden,13
GA21,13191,McIntosh,13
GA22,13037,Calhoun,13
GA23,13055,Chattooga,13
GA24,13207,Monroe,13
GA25,13065,Clinch,13
GA26,13245,Richmond,13
GA28,13031,Bulloch,13
GA29,13231,Pike,13
GA31,13077,Coweta,13
GA32,13043,Candler,13
GA33,13285,Troup,13
GA35,13103,Effingham,13
GA37,13051,Chatham,13
GA38,13297,Walton,13
GA39,13051,Chatham,13
GA40,13117,Forsyth,13
GA41,13107,Emanuel,13
GA43,13103,Effingham,13
GA44,13285,Troup,13
GA45,13191,McIntosh,13
GA47,13299,Ware,13
GA48,13037,Calhoun,13
GA50,13211,Morgan,13
GA51,13033,Burke,13
GA52,13121,Fulton,13
GA54,13067,Cobb,13
GA55,13121,Fulton,13
GA57,13121,Fulton,13
GA58,13089,DeKalb,13
GA59,13171,Lamar,13
GA60,13299,Ware,13
GA61,13113,Fayette,13
GA62,13255,Spalding,13
GA64,13121,Fulton,13
GA66,13121,Fulton,13
GA67,13137,Habersham,13
GA68,13231,Pike,13
GA70,13313,Whitfield,13
GA71,13121,Fulton,13
GA72,13313,Whitfield,13
GA73,13231,Pike,13
GA74,13231,Pike,13
GA75,13231,Pike,13
GA76,13207,Monroe,13
GA78,13001,Appling,13
GA79,13077,Coweta,13
GA80,13135,Gwinnett,13
GA81,13225,Peach,13
GA83,13217,Newton,13
GA84,13117,Forsyth,13
GA85,13121,Fulton,13
GA86,13171,Lamar,13
GA87,13291,Union,13
GA89,13151,Henry,13
GA90,13113,Fayette,13
GA92,13113,Fayette,13
GA94,13113,Fayette,13
GA95,13113,Fayette,13
GA96,13121,Fulton,13
GA98,13285,Troup,13
GA99,13225,Peach,13
GE00,45065,McCormick,45
GE01,13185,Lowndes,13
GE02,13129,Gordon,13
GE04,13145,Harris,13
GE05,13295,Walker,13
GE11,13295,Walker,13
GE12,13287,Turner,13
GE13,13115,Floyd,13
GE14,13155,Irwin,13
GE15,13211,Morgan,13
GE20,13163,Jefferson,13
GE21,13087,Decatur,13
GE22,13175,Laurens,13
GE24,13127,Glynn,13
GE25,13079,Crawford,13
GE26,13175,Laurens,13
GE27,13225,Peach,13
GE28,13121,Fulton,13
GE30,13033,Burke,13
GE33,13255,Spalding,13
GE34,13089,DeKalb,13
GE35,13211,Morgan,13
GE53,13255,Spalding,13
GE61,13115,Floyd,13
GE72,13195,Madison,13
GE88,13115,Floyd,13
GE92,13211,Morgan,13
GE99,13241,Rabun,13
H07,17119,Madison,17
H11,42097,Northumberland,42
H27,29153,Ozark,29
H28,30035,Glacier,30
H43,36087,Rockland,36
H47,06105,Trinity,06
H49,17133,Monroe,17
H57,29187,St. Francois,29
H63,31083,Harlan,31
H66,40105,Nowata,40
H75,28033,DeSoto,28
H77,06089,Shasta,06
H80,26069,Iosco,26
H81,48381,Randall,48
H97,40117,Pawnee,40
HAD,56025,Natrona,56
HI01,15007,Kauai,15
HI03,15007,Kauai,15
HI04,15001,Hawaii,15
HI07,15001,Hawaii,15
HI09,15003,Honolulu,15
HI18,15001,Hawaii,15
HI24,15003,Honolulu,15
HI27,15001,Hawaii,15
HI33,15007,Kauai,15
HI38,15003,Honolulu,15
HI40,15003,Honolulu,15
HI46,15007,Kauai,15
HI49,15009,Maui,15
HI50,15009,Maui,15
HI52,15001,Hawaii,15
HI53,15007,Kauai,15
HI55,15003,Honolulu,15
HI57,15003,Honolulu,15
HI58,15003,Honolulu,15
HL2,01003,Baldwin,01
I04,17161,Rock Island,17
I08,16085,Valley,16
GDK,39057,Greene,39
I27,19043,Clayton,19
I41,54011,Cabell,54
I42,18117,Orange,18
I44,39113,Montgomery,39
I61,18177,Wayne,18
OH46,39113,Montgomery,39
I72,18057,Hamilton,18
I80,18057,Hamilton,18
I83,18175,Washington,18
I91,18173,Warrick,18
I96,21001,Adair,21
I99,18095,Madison,18
IA00,19077,Guthrie,19
IA01,19155,Pottawattamie,19
IA04,19191,Winneshiek,19
IA08,19025,Calhoun,19
IA09,19157,Poweshiek,19
IA10,19061,Dubuque,19
IA11,19181,Warren,19
IA13,19047,Crawford,19
IA16,19103,Johnson,19
IA17,19013,Black Hawk,19
IA19,19117,Lucas,19
IA23,19043,Clayton,19
IA24,19103,Johnson,19
IA25,19103,Johnson,19
IA27,19179,Wapello,19
IA29,19013,Black Hawk,19
IA30,19061,Dubuque,19
IA31,19069,Franklin,19
IA32,19123,Mahaska,19
IA33,19033,Cerro Gordo,19
IA34,19181,Warren,19
IA35,19155,Pottawattamie,19
IA37,19093,Ida,19
IA40,19143,Osceola,19
IA41,19181,Warren,19
IA44,19053,Decatur,19
IA46,19185,Wayne,19
IA48,19153,Polk,19
IA53,19061,Dubuque,19
IA54,19061,Dubuque,19
IA55,19165,Shelby,19
IA56,19153,Polk,19
IA57,19065,Fayette,19
IA58,19133,Monona,19
IA63,19123,Mahaska,19
IA64,19153,Polk,19
6Z6,19181,Warren,19
IA67,19029,Cass,19
IA69,19035,Cherokee,19
IA70,19189,Winnebago,19
IA71,19181,Warren,19
IA72,19113,Linn,19
IA73,19113,Linn,19
IA74,19187,Webster,19
IA78,19011,Benton,19
IA79,19147,Palo Alto,19
IA8,19055,Delaware,19
IA81,19163,Scott,19
IA82,19153,Polk,19
IA83,19109,Kossuth,19
IA84,19193,Woodbury,19
IA85,19181,Warren,19
IA86,19181,Warren,19
IA88,19163,Scott,19
IA89,19015,Boone,19
IA90,19091,Humboldt,19
IA91,19137,Montgomery,19
IA92,19103,Johnson,19
IA95,19079,Hamilton,19
IA96,19141,O'Brien,19
IA98,19153,Polk,19
IA99,19059,Dickinson,19
IBN,02261,Valdez-Cordova,02
ID00,16027,Canyon,16
ID01,16017,Bonner,16
ID02,16055,Kootenai,16
ID03,16055,Kootenai,16
ID05,16055,Kootenai,16
ID07,16055,Kootenai,16
ID12,16011,Bingham,16
ID13,16009,Benewah,16
ID14,16009,Benewah,16
ID16,16013,Blaine,16
ID17,16003,Adams,16
ID18,16019,Bonneville,16
ID19,16017,Bonner,16
ID20,16055,Kootenai,16
ID21,16055,Kootenai,16
ID22,16017,Bonner,16
ID23,16055,Kootenai,16
ID24,16017,Bonner,16
ID25,16017,Bonner,16
ID26,16039,Elmore,16
ID27,16055,Kootenai,16
ID28,16049,Idaho,16
ID29,16035,Clearwater,16
ID30,16013,Blaine,16
ID32,16017,Bonner,16
ID33,16079,Shoshone,16
ID35,16085,Valley,16
ID36,16023,Butte,16
ID37,16069,Nez Perce,16
ID40,16073,Owyhee,16
ID41,16085,Valley,16
ID43,16055,Kootenai,16
ID44,16085,Valley,16
ID46,16035,Clearwater,16
ID47,16027,Canyon,16
ID48,16055,Kootenai,16
ID49,16001,Ada,16
ID51,16055,Kootenai,16
ID53,16067,Minidoka,16
ID54,16017,Bonner,16
ID55,16085,Valley,16
ID56,16037,Custer,16
ID58,16001,Ada,16
ID59,16085,Valley,16
ID60,16057,Latah,16
ID61,16017,Bonner,16
ID62,16029,Caribou,16
ID64,16005,Bannock,16
ID65,16055,Kootenai,16
ID66,16035,Clearwater,16
C53,16059,Lemhi,16
ID68,16001,Ada,16
ID69,16053,Jerome,16
ID71,16055,Kootenai,16
ID72,16019,Bonneville,16
ID74,16085,Valley,16
ID75,16017,Bonner,16
C48,16049,Idaho,16
ID77,16087,Washington,16
ID78,16017,Bonner,16
ID79,16027,Canyon,16
ID80,16027,Canyon,16
ID82,16013,Blaine,16
ID84,16035,Clearwater,16
ID85,16035,Clearwater,16
ID86,16085,Valley,16
ID87,16019,Bonneville,16
ID88,16025,Camas,16
ID91,16001,Ada,16
ID92,16027,Canyon,16
I92,16085,Valley,16
ID94,16057,Latah,16
ID95,16015,Boise,16
ID96,16085,Valley,16
ID98,41045,Malheur,41
ID99,16083,Twin Falls,16
IG00,18151,Steuben,18
IG01,18121,Parke,18
IG03,18109,Morgan,18
IG04,18137,Ripley,18
IG05,18149,Starke,18
IG06,18157,Tippecanoe,18
IG07,18029,Dearborn,18
01H,18099,Marshall,18
II01,18179,Wells,18
II02,18033,DeKalb,18
II03,18137,Ripley,18
II04,18111,Newton,18
II06,18065,Henry,18
II07,18133,Putnam,18
II08,18007,Benton,18
II09,18109,Morgan,18
II11,18003,Allen,18
II12,18049,Fulton,18
II13,18059,Hancock,18
II16,18151,Steuben,18
II18,18091,LaPorte,18
II19,18157,Tippecanoe,18
II20,18179,Wells,18
II21,18039,Elkhart,18
II23,17173,Shelby,17
II26,18007,Benton,18
II27,18057,Hamilton,18
II28,18003,Allen,18
II30,18153,Sullivan,18
II31,17091,Kankakee,17
II32,18173,Warrick,18
II33,18083,Knox,18
II35,18063,Hendricks,18
II36,18145,Shelby,18
II38,18099,Marshall,18
II40,18051,Gibson,18
II41,17039,De Witt,17
II42,18057,Hamilton,18
II43,18141,St. Joseph,18
II44,18149,Starke,18
II47,18037,Dubois,18
II49,18147,Spencer,18
II51,18113,Noble,18
II52,18063,Hendricks,18
II54,18077,Jefferson,18
II55,18109,Morgan,18
II56,18067,Howard,18
II57,18089,Lake,18
II59,18165,Vermillion,18
II62,18099,Marshall,18
II64,18165,Vermillion,18
II65,18073,Jasper,18
II66,18169,Wabash,18
II67,18009,Blackford,18
II68,18133,Putnam,18
II69,18143,Scott,18
II70,18159,Tipton,18
II71,18031,Decatur,18
II72,18137,Ripley,18
II74,18039,Elkhart,18
II77,18035,Delaware,18
II78,18059,Hancock,18
II79,18131,Pulaski,18
II81,18125,Pike,18
II82,18063,Hendricks,18
II84,18129,Posey,18
II85,18001,Adams,18
II86,18057,Hamilton,18
II87,18109,Morgan,18
II88,18067,Howard,18
II89,18163,Vanderburgh,18
II91,18063,Hendricks,18
II92,18091,LaPorte,18
II93,18081,Johnson,18
II94,18057,Hamilton,18
II95,18099,Marshall,18
II96,18037,Dubois,18
II97,18145,Shelby,18
II98,18153,Sullivan,18
II99,18141,St. Joseph,18
IL00,17183,Vermilion,17
IL01,17095,Knox,17
IL02,17097,Lake,17
IL03,17031,Cook,17
IL04,17143,Peoria,17
IL05,17111,McHenry,17
IL06,17179,Tazewell,17
IL07,17103,Lee,17
IL08,17097,Lake,17
IL10,17145,Perry,17
IL11,17097,Lake,17
IL12,17017,Cass,17
IL14,17113,McLean,17
IL15,17109,McDonough,17
IL19,17153,Pulaski,17
IL20,17167,Sangamon,17
IL21,17089,Kane,17
IL23,17177,Stephenson,17
IL24,17167,Sangamon,17
IL25,17113,McLean,17
IL26,17051,Fayette,17
IL31,17041,Douglas,17
IL32,17139,Moultrie,17
IL34,17007,Boone,17
IL36,17007,Boone,17
IL38,17089,Kane,17
IL39,17023,Clark,17
IL40,17113,McLean,17
IL41,17141,Ogle,17
IL42,17111,McHenry,17
IL44,17097,Lake,17
IL47,17167,Sangamon,17
IL50,17067,Hancock,17
IL51,17105,Livingston,17
IL52,17067,Hancock,17
IL56,17019,Champaign,17
IL57,17113,McLean,17
IL59,17197,Will,17
IL61,17087,Johnson,17
IL62,17043,DuPage,17
IL63,17113,McLean,17
IL64,17107,Logan,17
IL65,17187,Warren,17
IL66,17119,Madison,17
IL67,17081,Jefferson,17
IL69,17031,Cook,17
IL70,17031,Cook,17
IL71,17077,Jackson,17
IL72,17083,Jersey,17
IL75,17031,Cook,17
IL77,17031,Cook,17
IL78,17091,Kankakee,17
IL79,17031,Cook,17
IL80,17147,Piatt,17
IL81,17075,Iroquois,17
IL82,17039,De Witt,17
IL84,17067,Hancock,17
IL86,17017,Cass,17
IL87,17103,Lee,17
IL88,17103,Lee,17
IL89,17095,Knox,17
IL92,17031,Cook,17
IL93,17037,DeKalb,17
IL94,17107,Logan,17
IL95,17197,Will,17
IL97,17167,Sangamon,17
IL98,17197,Will,17
IL99,17099,LaSalle,17
IN00,18157,Tippecanoe,18
IN01,18081,Johnson,18
01F,18151,Steuben,18
IN03,18125,Pike,18
IN05,18139,Rush,18
IN06,18097,Marion,18
IN07,18097,Marion,18
IN08,18055,Greene,18
IN10,18049,Fulton,18
IN11,18099,Marshall,18
IN14,18061,Harrison,18
IN15,18083,Knox,18
01B,18085,Kosciusko,18
IN17,18055,Greene,18
IN18,18033,DeKalb,18
IN20,18109,Morgan,18
IN22,18109,Morgan,18
IN23,18129,Posey,18
IN24,18091,LaPorte,18
IN28,18089,Lake,18
IN29,18007,Benton,18
IN30,18051,Gibson,18
IN31,18095,Madison,18
IN33,18103,Miami,18
IN34,18103,Miami,18
IN35,18103,Miami,18
IN36,18129,Posey,18
IN38,18141,St. Joseph,18
IN43,18175,Washington,18
IN44,18175,Washington,18
IN45,18133,Putnam,18
IN46,18121,Parke,18
IN48,18021,Clay,18
IN49,18145,Shelby,18
IN51,18057,Hamilton,18
IN52,18097,Marion,18
IN53,18119,Owen,18
IN54,18099,Marshall,18
IN55,18045,Fountain,18
IN56,18035,Delaware,18
IN57,18167,Vigo,18
IN59,18173,Warrick,18
IN60,18057,Hamilton,18
IN62,18003,Allen,18
IN65,18087,LaGrange,18
IN66,18151,Steuben,18
IN70,18127,Porter,18
IN72,18179,Wells,18
IN75,18039,Elkhart,18
IN78,18089,Lake,18
IN79,18089,Lake,18
IN80,18025,Crawford,18
IN81,18139,Rush,18
IN82,18141,St. Joseph,18
IN83,18033,DeKalb,18
IN85,18069,Huntington,18
IN86,18149,Starke,18
IN87,18149,Starke,18
IN88,18133,Putnam,18
IN90,18089,Lake,18
IN91,18003,Allen,18
IN93,18141,St. Joseph,18
IN94,18029,Dearborn,18
IN96,18017,Cass,18
IN99,18109,Morgan,18
IS00,17203,Woodford,17
IS02,17075,Iroquois,17
IS08,17057,Fulton,17
IS09,17043,DuPage,17
IS11,17163,St. Clair,17
IS12,17031,Cook,17
IS15,17037,DeKalb,17
IS17,17031,Cook,17
IS19,17201,Winnebago,17
IS20,17089,Kane,17
IS21,17117,Macoupin,17
IS22,17019,Champaign,17
IS23,17089,Kane,17
IS24,17051,Fayette,17
IS25,17031,Cook,17
IS26,17147,Piatt,17
IS27,17189,Washington,17
IS29,17099,LaSalle,17
IS30,17031,Cook,17
IS31,17197,Will,17
IS33,17117,Macoupin,17
IS34,17101,Lawrence,17
IS37,17085,Jo Daviess,17
IS38,17077,Jackson,17
IS39,17043,DuPage,17
IS41,17093,Kendall,17
IS42,17179,Tazewell,17
IS43,17041,Douglas,17
IS44,17149,Pike,17
IS45,17001,Adams,17
IS46,17195,Whiteside,17
IS47,17037,DeKalb,17
IS48,17153,Pulaski,17
IS49,17099,LaSalle,17
IS50,17055,Franklin,17
IS51,17067,Hancock,17
IS54,17021,Christian,17
IS55,17067,Hancock,17
IS56,17009,Brown,17
IS57,17111,McHenry,17
IS58,17201,Winnebago,17
IS59,17037,DeKalb,17
IS62,17203,Woodford,17
IS65,17037,DeKalb,17
IS66,17067,Hancock,17
IS67,17011,Bureau,17
IS69,17017,Cass,17
IS71,17201,Winnebago,17
IS73,17011,Bureau,17
IS74,17093,Kendall,17
IS76,17037,DeKalb,17
IS78,17201,Winnebago,17
IS79,17111,McHenry,17
IS80,17037,DeKalb,17
IS81,17031,Cook,17
IS83,17007,Boone,17
IS86,17091,Kankakee,17
IS88,17183,Vermilion,17
IS89,17075,Iroquois,17
IS90,17097,Lake,17
IS92,17089,Kane,17
IS93,17177,Stephenson,17
IS94,17099,LaSalle,17
IS96,17019,Champaign,17
IS97,17161,Rock Island,17
IS99,17181,Union,17
JB01,55001,Adams,55
JMC,06041,Marin,06
JY00,34013,Essex,34
JY01,34019,Hunterdon,34
JY02,34027,Morris,34
JY04,34009,Cape May,34
JY06,34035,Somerset,34
JY07,34041,Warren,34
JY08,34033,Salem,34
JY09,34023,Middlesex,34
JY12,34003,Bergen,34
JY13,34027,Morris,34
JY14,34025,Monmouth,34
JY15,34005,Burlington,34
JY16,34041,Warren,34
JY17,34011,Cumberland,34
JY18,34005,Burlington,34
JY20,34041,Warren,34
JY21,34023,Middlesex,34
JY22,34041,Warren,34
JY24,34041,Warren,34
JY25,34035,Somerset,34
JY26,24015,Cecil,24
JY27,34041,Warren,34
JY28,34001,Atlantic,34
82NJ,34003,Bergen,34
JY30,34007,Camden,34
JY31,34011,Cumberland,34
JY32,34011,Cumberland,34
JY34,34035,Somerset,34
JY35,34029,Ocean,34
JY36,34037,Sussex,34
JY37,34019,Hunterdon,34
JY38,34023,Middlesex,34
JY39,34033,Salem,34
JY40,34023,Middlesex,34
JY42,34019,Hunterdon,34
JY43,34031,Passaic,34
JY64,34007,Camden,34
JY79,34001,Atlantic,34
00C,08067,La Plata,08
00F,30075,Powder River,30
00M,28061,Jasper,28
00R,48373,Polk,48
FLY,08041,El Paso,08
K01,31127,Nemaha,31
01G,36121,Wyoming,36
01M,28141,Tishomingo,28
11T,48435,Sutton,48
02A,01021,Chilton,01
02C,55133,Waukesha,55
02G,39029,Columbiana,39
K03,36041,Hamilton,36
03B,29229,Wright,29
03D,29199,Scotland,29
04A,01041,Crenshaw,01
04G,39099,Mahoning,39
04M,28013,Calhoun,28
04Y,27027,Clay,27
05C,18089,Lake,18
05D,38061,Mountrail,38
05U,32011,Eureka,32
06A,01087,Macon,01
06C,17043,DuPage,17
06D,38079,Rolette,38
06M,28155,Webster,28
06U,32007,Elko,32
K07,29161,Phelps,29
07A,01011,Bullock,01
07F,48183,Gregg,48
07R,48355,Nueces,48
07V,08055,Huerfano,08
K08,08099,Prowers,08
08A,01051,Elmore,01
08C,26139,Ottawa,26
08D,38061,Mountrail,38
08K,31035,Clay,31
08M,28079,Leake,28
09A,01023,Choctaw,01
09J,13127,Glynn,13
09K,31041,Custer,31
09M,28135,Tallahatchie,28
09R,48457,Tyler,48
0A3,47041,DeKalb,47
0A4,47179,Washington,47
0A7,37089,Henderson,37
0A8,01007,Bibb,01
0A9,47019,Carter,47
0B1,23017,Oxford,23
0B4,31027,Cedar,31
0B5,25011,Franklin,25
0C0,17111,McHenry,17
0C4,31173,Thurston,31
0D8,46107,Potter,46
0E0,35057,Torrance,35
0E8,35031,McKinley,35
0F2,48337,Montague,48
0F4,31163,Sherman,31
0F7,40091,McIntosh,40
0F9,40069,Johnston,40
0G3,31097,Johnson,31
0G6,39171,Williams,39
0G7,36099,Seneca,36
0H1,20195,Trego,20
0I8,21097,Harrison,21
0J4,01039,Covington,01
HDL,01067,Henry,01
0NE9,31159,Seward,31
0K7,19091,Humboldt,19
0KY,21207,Russell,21
0L7,32003,Clark,32
0L9,32003,Clark,32
0M0,05041,Desha,05
0M2,47131,Obion,47
0M3,47101,Lewis,47
0M4,47005,Benton,47
0M5,47085,Humphreys,47
0M8,22035,East Carroll,22
0M9,22083,Richland,22
0O2,06071,San Bernardino,06
0R0,28091,Marion,28
0R1,01053,Escambia,01
IYA,22113,Vermilion,22
0R4,22029,Concordia,22
0R5,22127,Winn,22
0R6,05013,Calhoun,05
0S0,53001,Adams,53
0S7,53047,Okanogan,53
0S9,53031,Jefferson,53
0V3,31099,Kearney,31
0V4,51031,Campbell,51
0V7,04017,Navajo,04
0VG,51105,Lee,51
0W3,24025,Harford,24
10C,17111,McHenry,17
10G,39075,Holmes,39
10U,32007,Elko,32
K11,40131,Rogers,40
11A,01005,Barbour,01
11R,48477,Washington,48
11V,08123,Weld,08
12D,27137,St. Louis,27
12G,39139,Richland,39
12J,01053,Escambia,01
12K,31129,Nuckolls,31
12N,34037,Sussex,34
12V,54011,Cabell,54
12Y,27079,Le Sueur,27
13C,26117,Montcalm,26
13K,20073,Greenwood,20
14A,37097,Iredell,37
16TX,48253,Jones,48
14G,39143,Sandusky,39
14J,01031,Coffee,01
14M,28151,Washington,28
14Y,27153,Todd,27
15F,48207,Haskell,48
15J,13075,Cook,13
15M,28141,Tishomingo,28
16D,27111,Otter Tail,27
16G,39147,Seneca,39
16J,13273,Terrell,13
K17,20069,Gray,20
17G,39033,Crawford,39
17J,13253,Seminole,13
17K,40025,Cimarron,40
17M,28127,Simpson,28
17N,34015,Gloucester,34
17V,08095,Phillips,08
18A,13119,Franklin,13
18I,21147,McCreary,21
18V,08123,Weld,08
JCA,13157,Jackson,13
19M,28051,Holmes,28
19N,34007,Camden,34
19S,20081,Haskell,20
1AA0,47065,Hamilton,47
1A3,47139,Polk,47
1A4,01061,Geneva,01
1A5,37113,Macon,37
1A6,21013,Bell,21
1A7,47087,Jackson,47
1A9,01001,Autauga,01
1B0,23019,Penobscot,23
1B1,36021,Columbia,36
1B2,25007,Dukes,25
1B6,25027,Worcester,25
1B9,25005,Bristol,25
1BT,29187,St. Francois,29
1C1,17053,Ford,17
1C5,17197,Will,17
1D1,46051,Grant,46
1D3,46023,Charles Mix,46
1D7,46037,Day,46
1D8,46115,Spink,46
1F0,40019,Carter,40
1F4,40095,Marshall,40
1F5,20179,Sheridan,20
1G0,39173,Wood,39
1G1,39093,Lorain,39
1G3,39153,Summit,39
1G4,04015,Mohave,04
1G5,39103,Medina,39
1H0,29189,St. Louis,29
1H2,17049,Effingham,17
1H3,29151,Osage,29
1H5,29091,Howell,29
1H8,17023,Clark,17
1I5,36039,Greene,36
BCR,12059,Holmes,12
1K2,40049,Garvin,40
1K4,40087,McClain,40
1K7,20205,Wilson,20
1K9,20081,Haskell,20
APS,22095,St. John the Baptist,22
1L1,32017,Lincoln,32
1L3,32003,Clark,32
1L7,49017,Garfield,49
1L8,49053,Washington,49
1L9,49021,Iron,49
1M2,28053,Humphreys,28
1M4,01133,Winston,01
1M5,47165,Sumner,47
1M9,21221,Trigg,21
1MO,29229,Wright,29
1N1,35049,Santa Fe,35
1N7,34041,Warren,34
1O1,40141,Tillman,40
1O2,06033,Lake,06
1O3,06077,San Joaquin,06
1O4,40039,Custer,40
1O5,06093,Siskiyou,06
1O8,40141,Tillman,40
1Q2,06035,Lassen,06
1Q4,06077,San Joaquin,06
1R1,22059,LaSalle,22
1R3,45015,Berkeley,45
1R4,22079,Rapides,22
1R7,28085,Lincoln,28
1R8,01003,Baldwin,01
1S3,30087,Rosebud,30
1S5,53077,Yakima,53
1S9,53065,Stevens,53
1T7,48091,Comal,48
1U2,16051,Jefferson,16
1U7,16007,Bear Lake,16
1V0,35045,San Juan,35
1V2,31075,Grant,31
1V6,08043,Fremont,08
1V8,08109,Saguache,08
1WA,53047,Okanogan,53
1X1,48295,Lipscomb,48
20A,01009,Blount,01
20M,28103,Noxubee,28
20N,36111,Ulster,36
20R,48507,Zavala,48
20U,38033,Golden Valley,38
20V,08049,Grand,08
21D,27163,Washington,27
21F,48237,Jack,48
22F,48263,Kent,48
22I,39163,Vinton,39
22M,28115,Pontotoc,28
22N,42025,Carbon,42
22S,41037,Lake,41
K23,36077,Otsego,36
23M,28023,Clarke,28
23R,48325,Medina,48
24A,37099,Jackson,37
24F,48315,Marion,48
24J,12121,Suwannee,12
24N,35039,Rio Arriba,35
24R,48163,Frio,48
25D,27163,Washington,27
25J,13243,Randolph,13
25M,28139,Tippah,28
K26,29033,Carroll,29
26A,01027,Clay,01
26R,48239,Jackson,48
26U,41045,Malheur,41
EBA,13105,Elbert,13
27K,21209,Scott,21
27R,48413,Schleicher,48
28J,12107,Putnam,12
K29,02180,Nome,02
29D,42085,Mercer,42
9MI4,26155,Shiawassee,26
29S,30067,Park,30
2A0,47143,Rhea,47
2A1,47049,Fentress,47
2A2,05141,Van Buren,05
2A5,37081,Guilford,37
2A6,05095,Monroe,05
2B3,33019,Sullivan,33
2B7,23025,Somerset,23
2C8,38067,Pembina,38
2CB,12019,Clay,12
2D5,38021,Dickey,38
2E3,48421,Sherman,48
2E5,48229,Hudspeth,48
2E7,48179,Gray,48
2F0,48371,Pecos,48
2F1,48483,Wheeler,48
2F4,48305,Lynn,48
LUV,48115,Dawson,48
2F7,48231,Hunt,48
2G1,39085,Lake,39
2G2,39081,Jefferson,39
2G4,24023,Garrett,24
2G9,42111,Somerset,42
2GC,37051,Cumberland,37
2H0,17173,Shelby,17
2H2,29109,Lawrence,29
2H9,38079,Rolette,38
2I0,21107,Hopkins,21
2I3,21085,Grayson,21
2IS,12051,Hendry,12
2J2,13179,Liberty,13
2J3,13163,Jefferson,13
2J5,13165,Jenkins,13
JHN,20187,Stanton,20
2K4,40055,Greer,40
2K7,20205,Wilson,20
2K9,40101,Muskogee,40
2L0,22079,Rapides,22
2LA,22077,Pointe Coupee,22
2M0,21033,Caldwell,21
2M2,47099,Lawrence,47
2M4,28123,Scott,28
2M8,47157,Shelby,47
2MO,29109,Lawrence,29
2N4,36011,Cayuga,36
2O1,06063,Plumas,06
2O3,06055,Napa,06
2O6,06039,Madera,06
2O7,06027,Inyo,06
2O8,40015,Caddo,40
2R0,28153,Wayne,28
2R1,22045,Iberia,22
2R2,18063,Hendricks,18
2R4,12113,Santa Rosa,12
2R5,01097,Mobile,01
2R6,22009,Avoyelles,22
2R7,22117,Washington,22
2R9,48255,Karnes,48
2RR,12105,Polk,12
2S4,53025,Grant,53
2S7,41035,Klamath,41
2S8,53043,Lincoln,53
2S9,53049,Pacific,53
2T1,48017,Bailey,48
2V5,08125,Yuma,08
2V6,08125,Yuma,08
2W5,24017,Charles,24
2W6,24037,St. Mary's,24
2Y4,19025,Calhoun,19
K30,36091,Saratoga,36
30K,20069,Gray,20
K31,36095,Schoharie,36
31E,34029,Ocean,34
32A,05149,Yell,05
32S,30081,Ravalli,30
33J,01061,Geneva,01
33K,20047,Edwards,20
33M,28161,Yalobusha,28
33N,10001,Kent,10
33R,48455,Trinity,48
33S,53001,Adams,53
33U,49009,Daggett,49
33V,08057,Jackson,08
K34,20091,Johnson,20
34M,29069,Dunklin,29
34R,48285,Lavaca,48
35A,45087,Union,45
35D,26005,Allegan,26
35S,41055,Sherman,41
36K,20093,Kearny,20
36S,06093,Siskiyou,06
37F,48275,Knox,48
OK48,40085,Love,40
37T,05065,Izard,05
37V,31065,Furnas,31
38D,39099,Mahoning,39
38J,45089,Williamsburg,45
38S,30077,Powell,30
38U,49055,Wayne,49
39N,34035,Somerset,34
3A2,47025,Claiborne,47
3A4,37081,Guilford,37
3A7,01063,Greene,01
3AK,02282,Yakutat,02
3AU,20015,Butler,20
3B0,25027,Worcester,25
3B1,23021,Piscataquis,23
3B4,23031,York,23
3B5,23001,Androscoggin,23
IKW,26111,Midland,26
3NY8,36103,Suffolk,36
3CK,17111,McHenry,17
3CM,26017,Bay,26
3CU,55007,Bayfield,55
3DW,29077,Greene,29
3E0,48393,Roberts,48
3F2,48133,Eastland,48
3F3,22031,De Soto,22
3F4,22017,Caddo,22
3F6,48101,Cottle,48
3F7,40037,Creek,40
3F9,48499,Wood,48
3FU,46049,Faulk,46
3G1,42049,Erie,42
3G2,27089,Marshall,27
3G3,39103,Medina,39
3G4,39005,Ashland,39
3G5,54077,Preston,54
3G6,39029,Columbiana,39
3GM,26139,Ottawa,26
3GV,29095,Jackson,29
3H4,38097,Traill,38
3HO,18089,Lake,18
3I2,54053,Mason,54
3I3,18167,Vigo,18
3I4,54067,Nicholas,54
3I7,39113,Montgomery,39
3J0,45049,Hampton,45
3J1,45053,Jasper,45
CPP,13133,Greene,13
3JC,20061,Geary,20
3K3,20075,Hamilton,20
3K4,20119,Meade,20
IL48,17119,Madison,17
3K7,20203,Wichita,20
3K8,20033,Comanche,20
3L2,32003,Clark,32
3LF,17135,Montgomery,17
3M7,47111,Macon,47
3M8,01107,Pickens,01
3M9,05011,Bradley,05
3MY,17143,Peoria,17
3N6,34023,Middlesex,34
3O1,06047,Merced,06
3O3,40087,McClain,40
3O4,40009,Beckham,40
3O9,40041,Delaware,40
3P3,38041,Hettinger,38
3R2,22001,Acadia,22
3R4,22085,Sabine,22
3R7,22053,Jefferson Davis,22
3R9,48453,Travis,48
3RC,26143,Roscommon,26
3S4,41033,Josephine,41
3S8,41033,Josephine,41
3S9,41021,Gilliam,41
3T3,55033,Dunn,55
3T5,48149,Fayette,48
3TR,26027,Cass,26
3U3,30023,Deer Lodge,30
3U4,30087,Rosebud,30
3U7,30049,Lewis and Clark,30
3U8,30015,Chouteau,30
3V0,46033,Custer,46
3W7,53025,Grant,53
3W8,46089,McPherson,46
3Y2,19065,Fayette,19
3Y3,19121,Madison,19
K40,02290,Yukon-Koyukuk,02
40G,04005,Coconino,04
40U,49009,Daggett,49
41F,48153,Floyd,48
41N,39155,Trumbull,39
41U,49039,Sanpete,49
42A,05065,Izard,05
42I,39119,Muskingum,39
42J,12007,Bradford,12
42M,29149,Oregon,29
42U,49029,Morgan,49
42V,31057,Dundy,31
K43,29171,Putnam,29
43A,37123,Montgomery,37
43B,23029,Washington,23
43D,53043,Lincoln,53
44C,55105,Rock,55
44N,36027,Dutchess,36
44U,49041,Sevier,49
45G,26093,Livingston,26
45K,20143,Ottawa,20
45R,48199,Hardin,48
46D,38031,Foster,38
46U,56023,Lincoln,56
CNI,13057,Cherokee,13
47K,20113,McPherson,20
47N,34035,Somerset,34
47V,31063,Frontier,31
48A,13023,Bleckley,13
48D,26035,Clare,26
48I,54007,Braxton,54
48K,20135,Ness,20
48S,30005,Blaine,30
49A,13123,Gilmer,13
49B,46093,Meade,46
49R,48385,Real,48
49X,06071,San Bernardino,06
4A4,13233,Polk,13
4A5,05129,Searcy,05
4A6,01071,Jackson,01
HMP,13151,Henry,13
4A9,01049,DeKalb,01
4B6,36031,Essex,36
4B7,36031,Essex,36
4B8,09003,Hartford,09
4C8,19135,Monroe,19
4D0,26037,Clinton,26
4E7,38021,Dickey,38
4F2,48365,Panola,48
4F7,05099,Nevada,05
4F8,05103,Ouachita,05
4F9,38045,LaMoure,38
4G4,39099,Mahoning,39
4G5,39111,Monroe,39
HTF,36101,Steuben,36
4G8,39093,Lorain,39
4I3,39083,Knox,39
GPC,18133,Putnam,18
4I9,39117,Morrow,39
4J1,13025,Brantley,13
4J2,13019,Berrien,13
4J5,13027,Brooks,13
4J6,13039,Camden,13
4J8,13283,Treutlen,13
MU97,29177,Ray,29
4K6,19051,Davis,19
4M1,05015,Carroll,05
4M2,05083,Logan,05
4M3,05085,Lonoke,05
4M7,21141,Logan,21
4M9,05021,Clay,05
4N1,34031,Passaic,34
4O4,40089,McCurtain,40
4O5,40003,Alfalfa,40
4P3,46101,Moody,46
4R1,28073,Lamar,28
4R3,01025,Clarke,01
CQF,01003,Baldwin,01
4R7,22001,Acadia,22
4S1,41015,Curry,41
4S2,41027,Hood River,41
JSY,41063,Wallowa,41
4S9,41005,Clackamas,41
RTS,32031,Washoe,32
4T2,48439,Tarrant,48
4U6,30055,McCone,30
4U9,30001,Beaverhead,30
4V0,08103,Rio Blanco,08
4V1,08055,Huerfano,08
4V4,38035,Grand Forks,38
4V9,31003,Antelope,31
4X4,46073,Jerauld,46
4Y4,26009,Antrim,26
K50,20173,Sedgwick,20
50D,26071,Iron,26
50F,48367,Parker,48
50I,18111,Newton,18
50R,48055,Caldwell,48
51A,13235,Pulaski,13
51D,38045,LaMoure,38
51J,45041,Florence,45
51R,48313,Madison,48
52A,13211,Morgan,13
52F,48121,Denton,48
52J,45061,Lee,45
53A,13193,Macon,13
54F,48081,Coke,48
54J,12131,Walton,12
54T,48071,Chambers,48
K55,02261,Valdez-Cordova,02
FHB,12089,Nassau,12
55K,20035,Cowley,20
55M,05079,Lincoln,05
55Y,27045,Fillmore,27
56D,39175,Wyandot,39
56F,48151,Fisher,48
57C,55127,Walworth,55
57S,30053,Lincoln,30
58M,24015,Cecil,24
5A1,39077,Huron,39
5A4,28017,Chickasaw,28
5A6,28097,Montgomery,28
5A9,13199,Meriwether,13
5B2,36091,Saratoga,36
5B5,38047,Logan,38
5C1,48029,Bexar,48
5MN1,27057,Hubbard,27
5C8,38055,McLean,38
5F0,22013,Bienville,22
5F1,48169,Garza,48
5F4,22027,Claiborne,22
5G7,39063,Hancock,39
5H4,38103,Wells,38
5I4,18057,Hamilton,18
5J9,45051,Horry,45
5K1,17117,Macoupin,17
5L0,38063,Nelson,38
5M0,01103,Morgan,01
4MB,33003,Carroll,33
5M4,05039,Dallas,05
5M5,05007,Benton,05
5M8,05019,Clark,05
GDA,21055,Crittenden,21
5N2,55099,Price,55
5N8,38017,Cass,38
5P2,46031,Corson,46
5R1,01129,Washington,01
5R2,28059,Jackson,28
5R4,01003,Baldwin,01
5R8,22019,Calcasieu,22
5S0,41039,Lane,41
5S2,41035,Klamath,41
5S6,41015,Curry,41
5S9,41005,Clackamas,41
DNA,35013,Doña Ana,35
5T9,48323,Maverick,48
5U1,30099,Teton,30
5U5,30099,Teton,30
5U7,30003,Big Horn,30
5V5,35045,San Juan,35
5W1,53025,Grant,53
5W4,37093,Hoke,37
5W5,37183,Wake,37
SCR,37037,Chatham,37
5Y1,26097,Mackinac,26
60C,55057,Juneau,55
60D,26157,Tuscola,26
60F,48023,Baylor,48
60J,37019,Brunswick,37
60R,48185,Grimes,48
61A,01131,Wilcox,01
61C,55055,Jefferson,55
61R,48351,Newton,48
61S,41039,Lane,41
62D,39155,Trumbull,39
62S,41037,Lake,41
K63,20127,Morris,20
63B,23031,York,23
63C,55001,Adams,55
63F,48317,Martin,48
63M,29139,Montgomery,29
K64,20045,Douglas,20
64S,41029,Jackson,41
K65,20101,Lane,20
65J,13163,Jefferson,13
65S,16021,Boundary,16
66R,48089,Colorado,48
66V,49037,San Juan,49
66Y,28045,Hancock,28
K67,20021,Cherokee,20
67A,01085,Lowndes,01
67L,32003,Clark,32
67R,48427,Starr,48
K68,20003,Anderson,20
68F,48161,Freestone,48
68S,53043,Lincoln,53
69K,20197,Wabaunsee,20
69V,49015,Emery,49
6A1,13269,Taylor,13
6A2,13255,Spalding,13
6A4,47091,Johnson,47
6B9,36067,Onondaga,36
6D1,27145,Stearns,27
6D6,26117,Montcalm,26
BAC,38003,Barnes,38
6D9,26069,Iosco,26
6E5,46077,Kingsbury,46
6G1,42121,Venango,42
6G4,39083,Knox,39
6G5,39013,Belmont,39
6I2,21155,Marion,21
6I4,18011,Boone,18
6J0,45063,Lexington,45
6J2,45035,Dorchester,45
6J4,45081,Saluda,45
6J7,45031,Darlington,45
6K3,31107,Knox,31
6K4,40093,Major,40
6K5,41017,Deschutes,41
6L3,38073,Ransom,38
6L4,54045,Logan,54
6L5,38051,McIntosh,38
6M0,05117,Prairie,05
6M2,05065,Izard,05
6M6,29111,Lewis,29
6M7,05077,Lee,05
6R3,48291,Liberty,48
6R6,48443,Terrell,48
6S0,30097,Sweet Grass,30
6S1,30009,Carbon,30
6S2,41039,Lane,41
6S3,30095,Stillwater,30
HRF,30081,Ravalli,30
6S8,30111,Yellowstone,30
6U7,30103,Treasure,30
6V0,46047,Fall River,46
6V4,46103,Pennington,46
6V5,46105,Perkins,46
6Y1,26097,Mackinac,26
70A,01091,Marengo,01
70J,13131,Grady,13
K71,20105,Lincoln,20
71A,01131,Wilcox,01
71J,01045,Dale,01
71N,42097,Northumberland,42
72F,48447,Throckmorton,48
73C,55043,Grant,55
74S,53057,Skagit,53
74V,49013,Duchesne,49
75J,13287,Turner,13
76F,48467,Van Zandt,48
76G,26147,St. Clair,26
77F,48399,Runnels,48
77G,26151,Sanilac,26
77S,41039,Lane,41
K78,20041,Dickinson,20
78R,48405,San Augustine,48
78Y,29147,Nodaway,29
79D,54001,Barbour,54
79J,01039,Covington,01
79S,30015,Chouteau,30
7A0,01065,Hale,01
7A3,01017,Chambers,01
IL28,17085,Jo Daviess,17
7A5,01111,Randolph,01
7A6,01071,Jackson,01
7A8,37011,Avery,37
7B2,25015,Hampshire,25
7B6,09003,Hartford,09
7D3,26085,Lake,26
7D9,39007,Ashtabula,39
7F3,48231,Hunt,48
7F5,48467,Van Zandt,48
7F7,48035,Bosque,48
7G0,36055,Monroe,36
7G8,39055,Geauga,39
7G9,46083,Lincoln,46
7I4,18117,Orange,18
JQD,21183,Ohio,21
7K5,38101,Ward,38
7K8,31043,Dakota,31
7L2,38029,Emmons,38
7L8,18097,Marion,18
7M1,05041,Desha,05
7M2,05137,Stone,05
7M3,05097,Montgomery,05
7M4,05093,Mississippi,05
7M5,05047,Franklin,05
7M8,05021,Clay,05
7M9,05049,Fulton,05
7N1,36101,Steuben,36
7S0,30047,Lake,30
RVF,30057,Madison,30
7S5,41053,Polk,41
7S6,30059,Meagher,30
7S7,30073,Pondera,30
7S9,41005,Clackamas,41
7T7,48329,Midland,48
7V2,08029,Delta,08
7V3,55127,Walworth,55
7V5,08087,Morgan,08
GUR,56031,Platte,56
7V7,31181,Webster,31
7V8,08115,Sedgwick,08
7V9,08011,Bent,08
7W5,39069,Henry,39
7W6,37095,Hyde,37
7Y4,27029,Clearwater,27
80D,26035,Clare,26
80F,40127,Pushmataha,40
80T,53025,Grant,53
81B,23017,Oxford,23
81R,48411,San Saba,48
82A,13197,Marion,13
82C,55057,Juneau,55
82J,12033,Escambia,12
82V,56021,Laramie,56
83D,26097,Mackinac,26
84D,46137,Ziebach,46
84R,48021,Bastrop,48
86F,40015,Caddo,40
K87,20013,Brown,20
87I,28163,Yazoo,28
87K,29039,Cedar,29
87Y,55025,Dane,55
88M,30053,Lincoln,30
88R,48453,Travis,48
BFZ,01095,Marshall,01
8A1,01095,Marshall,01
8A3,47133,Overton,47
8B0,23007,Franklin,23
8B1,33011,Hillsborough,33
8B5,25027,Worcester,25
8C4,19031,Cedar,19
8D1,55015,Calumet,55
8D3,46109,Roberts,46
8D7,46025,Clark,46
8F3,48107,Crosby,48
8F5,48343,Morris,48
8F6,46075,Jones,46
8G1,39077,Huron,39
8G2,42049,Erie,42
8G6,39067,Harrison,39
8J7,38027,Eddy,38
8K2,20077,Harper,20
8M1,28117,Prentiss,28
88MI,26135,Oscoda,26
8M9,21233,Webster,21
8N2,17099,LaSalle,17
8N8,42097,Northumberland,42
8S0,30035,Glacier,30
8S1,30047,Lake,30
8T6,48297,Live Oak,48
8T8,48029,Bexar,48
8U2,30029,Flathead,30
8U6,30079,Prairie,30
8U8,30007,Broadwater,30
RCV,08105,Rio Grande,08
8V2,31089,Holt,31
8V3,46067,Hutchinson,46
8V7,08009,Baca,08
8W2,51171,Shenandoah,51
8WC,29221,Washington,29
8Y6,27141,Sherburne,27
90F,40089,McCurtain,40
K91,20013,Brown,20
91F,40121,Pittsburg,40
92F,40141,Tillman,40
93C,55103,Richland,55
93F,40129,Roger Mills,40
93M,29127,Marion,29
93Y,31023,Butler,31
94E,35017,Grant,35
94K,29009,Barry,29
94R,48481,Wharton,48
95D,38057,Mercer,38
95E,35053,Socorro,35
95F,40117,Pawnee,40
K96,17041,Douglas,17
96D,38067,Pembina,38
97M,30011,Carter,30
K98,19023,Butler,19
98D,46119,Sully,46
99N,45009,Bamberg,45
99V,08029,Delta,08
9A0,13187,Lumpkin,13
CVC,13217,Newton,13
9A5,13295,Walker,13
9C8,26133,Osceola,26
9D0,46069,Hyde,46
9D1,46053,Gregory,46
9D2,46063,Harding,46
9D4,42075,Lebanon,42
9D7,38095,Towner,38
9D9,26015,Barry,26
9F0,48143,Erath,48
9F8,46129,Walworth,46
9F9,48439,Tarrant,48
9G2,26049,Genesee,26
9G3,36029,Erie,36
9G8,42021,Cambria,42
9K7,20053,Ellsworth,20
9K8,20095,Kingman,20
9L2,06029,Kern,06
9M4,28019,Choctaw,28
9M6,22123,West Carroll,22
9M8,05053,Grant,05
9S2,30019,Daniels,30
9S4,30061,Mineral,30
9S5,30031,Gallatin,30
9S9,41049,Morrow,41
9U0,30005,Blaine,30
TMT,32015,Lander,32
DWX,56007,Carbon,56
9U7,32023,Nye,32
9V5,31161,Sheridan,31
9V6,46007,Bennett,46
9V7,08061,Kiowa,08
9V9,46015,Brule,46
WN28,55049,Iowa,55
9Y1,38025,Dunn,38
A08,01105,Perry,01
A09,04015,Mohave,04
A20,04015,Mohave,04
A24,06049,Modoc,06
A30,06093,Siskiyou,06
A32,06093,Siskiyou,06
A34,32019,Lyon,32
A39,04021,Pinal,04
CO4,08041,El Paso,08
AAA,17107,Logan,17
AAO,20173,Sedgwick,20
AAS,21217,Taylor,21
AAT,06049,Modoc,06
ACJ,13261,Sumter,13
ACP,22003,Allen,22
ACQ,27161,Waseca,27
ACZ,37061,Duplin,37
ADC,27111,Otter Tail,27
ADH,40123,Pontotoc,40
ADU,19009,Audubon,19
AEG,35001,Bernalillo,35
AEJ,08015,Chaffee,08
AFJ,42125,Washington,42
AFK,31131,Otoe,31
AFP,37007,Anson,37
AGR,12105,Polk,12
AGZ,46023,Charles Mix,46
AHQ,31155,Saunders,31
AIB,08085,Montrose,08
AIG,55067,Langlade,55
AIT,27001,Aitkin,27
AJG,17101,Lawrence,17
AJO,06065,Riverside,06
AJR,13137,Habersham,13
AJZ,08029,Delta,08
AKH,37071,Gaston,37
AKQ,51183,Sussex,51
AKR,39153,Summit,39
AMG,13005,Bacon,13
AMT,39001,Adams,39
ANE,27003,Anoka,27
ANJ,26033,Chippewa,26
ANK,08015,Chaffee,08
AOC,16023,Butte,16
AOV,29067,Douglas,29
APY,48505,Zapata,48
AQO,48299,Llano,48
AQP,27151,Swift,27
AQR,40005,Atoka,40
AQW,25003,Berkshire,25
AQX,45005,Allendale,45
ARM,48481,Wharton,48
ARR,17089,Kane,17
ARW,45013,Beaufort,45
ASD,22103,St. Tammany,22
ASG,05143,Washington,05
ASJ,37091,Hertford,37
ASW,18085,Kosciusko,18
ATA,48067,Cass,48
AUH,31081,Hamilton,31
AVC,51117,Mecklenburg,51
AVK,40151,Woods,40
AVQ,04019,Pima,04
AWG,19183,Washington,19
AWO,53061,Snohomish,53
AXA,19109,Kossuth,19
AXH,48157,Fort Bend,48
AXQ,42031,Clarion,42
AYX,47031,Coffee,47
AZC,04015,Mohave,04
AZE,13161,Jeff Davis,13
B16,36011,Cayuga,36
B19,23031,York,23
B21,23007,Franklin,23
BAK,18005,Bartholomew,18
BAX,26063,Huron,26
BAZ,48187,Guadalupe,48
BBG,29213,Taney,29
BBP,45069,Marlboro,45
BCK,55053,Jackson,55
BDH,27067,Kandiyohi,27
BDJ,55125,Vilas,55
BDN,41017,Deschutes,41
BDQ,05029,Conway,05
BDU,08013,Boulder,08
BEA,48025,Bee,48
BFA,26029,Charlevoix,26
BFE,48445,Terry,48
BGF,47051,Franklin,47
BHC,13001,Appling,13
BHK,30025,Fallon,30
BIJ,13099,Early,13
BIV,26005,Allegan,26
BKN,40071,Kay,40
BKS,48047,Brooks,48
BKV,12053,Hernando,12
BMQ,48053,Burnet,48
BPG,48227,Howard,48
BPK,05005,Baxter,05
BQP,22067,Morehouse,22
BQR,36029,Erie,36
BST,23027,Waldo,23
BTA,31177,Washington,31
BUU,55101,Racine,55
BUY,37001,Alamance,37
BVI,42007,Beaver,42
BVN,31011,Boone,31
BVS,53057,Skagit,53
BWP,38077,Richland,38
BWW,38011,Bowman,38
BXG,13033,Burke,13
BXM,23005,Cumberland,23
BYY,48321,Matagorda,48
C02,55127,Walworth,55
C03,18039,Elkhart,18
C04,26127,Oceana,26
C08,08027,Custer,08
C09,17063,Grundy,17
C15,17179,Tazewell,17
C16,17019,Champaign,17
C17,19113,Linn,19
C20,26021,Berrien,26
C24,08079,Mineral,08
C26,17039,De Witt,17
C27,19055,Delaware,19
C28,42049,Erie,42
C29,55025,Dane,55
C35,55111,Sauk,55
C47,55021,Columbia,55
C57,26155,Shiawassee,26
C62,18113,Noble,18
C63,26117,Montcalm,26
C65,18099,Marshall,18
C71,28005,Amite,28
C73,17103,Lee,17
C74,55043,Grant,55
C75,17123,Marshall,17
C77,17007,Boone,17
C80,06019,Fresno,06
C81,17097,Lake,17
C83,06013,Contra Costa,06
C88,26145,Saginaw,26
C91,26027,Cass,26
CAG,08081,Moffat,08
CAV,19197,Wright,19
CBG,27059,Isanti,27
CCA,05141,Van Buren,05
CCO,13077,Coweta,13
CDA,50005,Caledonia,50
CDI,39059,Guernsey,39
CEK,31151,Saline,31
CFE,27171,Wright,27
CFJ,18107,Montgomery,18
CFS,26157,Tuscola,26
CGC,12017,Citrus,12
CHD,04013,Maricopa,04
CHN,12049,Hardee,12
CHQ,29133,Mississippi,29
CHT,29117,Livingston,29
CII,30099,Teton,30
CJR,51047,Culpeper,51
CKC,27031,Cook,27
CKF,13081,Crisp,13
CKI,45089,Williamsburg,45
CKP,19035,Cherokee,19
CKZ,42017,Bucks,42
CMA,06111,Ventura,06
CMD,01043,Cullman,01
CMR,04005,Coconino,04
CNB,27173,Yellow Medicine,27
CNC,19117,Lucas,19
CNP,31049,Deuel,31
COQ,27017,Carlton,27
CPC,37047,Columbus,37
CPK,51550,Chesapeake,51
CPT,48251,Johnson,48
CPU,06009,Calaveras,06
CQA,39107,Mercer,39
CQB,40081,Lincoln,40
CQJ,08041,El Paso,08
CQM,27137,St. Louis,27
CQW,45025,Chesterfield,45
CQX,25001,Barnstable,25
CRQ,06073,San Diego,06
CRZ,19003,Adams,19
CSB,31065,Furnas,31
CTJ,13045,Carroll,13
CUL,17193,White,17
CUT,46033,Custer,46
CVB,48325,Medina,48
CVH,06069,San Benito,06
CVK,05135,Sharp,05
CVX,26029,Charlevoix,26
CWC,48485,Wichita,48
CWV,13109,Evans,13
CXE,51117,Mecklenburg,51
CXP,32510,Carson City,32
CXU,13205,Mitchell,13
CXW,05045,Faulkner,05
CXY,42133,York,42
CYO,39129,Pickaway,39
CYW,20027,Clay,20
CZD,31047,Dawson,31
CZG,36007,Broome,36
CZL,13129,Gordon,13
D00,27107,Norman,27
D02,19131,Mitchell,19
D05,38055,McLean,38
D07,46093,Meade,46
D09,38009,Bottineau,38
D11,26073,Isabella,26
D14,27119,Polk,27
D17,08029,Delta,08
D23,36121,Wyoming,36
D25,55125,Vilas,55
D31,38005,Benson,38
D37,27089,Marshall,27
D39,27145,Stearns,27
D42,27015,Brown,27
D50,38023,Divide,38
D54,38017,Cass,38
D55,38019,Cavalier,38
D56,38097,Traill,38
D57,38059,Morton,38
D60,38105,Williams,38
D64,38009,Bottineau,38
JTC,04001,Apache,04
D73,13297,Walton,13
D74,10001,Kent,10
D83,06045,Mendocino,06
D86,06107,Tulare,06
D95,26087,Lapeer,26
D98,26099,Macomb,26
DAF,55057,Juneau,55
DAW,33017,Strafford,33
DCM,45023,Chester,45
DCY,18027,Daviess,18
DDH,50003,Bennington,50
DED,12127,Volusia,12
DEQ,05133,Sevier,05
DEW,53063,Spokane,53
DIJ,16081,Teton,16
DKB,17037,DeKalb,17
DKR,48225,Houston,48
DKX,47093,Knox,47
DLC,45033,Dillon,45
DLO,06029,Kern,06
DLZ,39041,Delaware,39
DMW,24013,Carroll,24
DPL,37061,Duplin,37
DQH,13069,Coffee,13
NV65,32023,Nye,32
DRM,26033,Chippewa,26
DRP,05123,St. Francis,05
DTO,48121,Denton,48
DTS,12091,Okaloosa,12
DUH,26115,Monroe,26
DUX,48341,Moore,48
DVK,21021,Boyle,21
DVO,06041,Marin,06
DVP,27101,Murray,27
DWA,06113,Yolo,06
DWU,21089,Greenup,21
DXX,27073,Lac qui Parle,27
DYA,01091,Marengo,01
DYB,45035,Dorchester,45
DYR,47045,Dyer,47
DYT,27137,St. Louis,27
DZB,48299,Llano,48
DZJ,13291,Union,13
E01,48475,Ward,48
E05,35013,Doña Ana,35
E06,35025,Lea,35
E11,48003,Andrews,48
E13,48103,Crane,48
E14,35039,Rio Arriba,35
E16,06085,Santa Clara,06
E19,48195,Hansford,48
E24,04017,Navajo,04
E25,04013,Maricopa,04
E26,35025,Lea,35
E30,48399,Runnels,48
E34,48129,Donley,48
E35,48141,El Paso,48
E38,48043,Brewster,48
E41,48383,Reagan,48
E42,48195,Hansford,48
E45,06109,Tuolumne,06
E48,48461,Upton,48
E51,04025,Yavapai,04
E52,48359,Oldham,48
E57,48501,Yoakum,48
E60,04021,Pinal,04
E63,04013,Maricopa,04
E67,04021,Pinal,04
E77,04021,Pinal,04
E78,04019,Pima,04
BRG,35061,Valencia,35
E89,35047,San Miguel,35
E91,04001,Apache,04
E95,04003,Cochise,04
E98,35061,Valencia,35
EAG,19197,Wright,19
EBD,54059,Mingo,54
EBG,48215,Hidalgo,48
EBY,53009,Clallam,53
ECU,48137,Edwards,48
EDC,48453,Travis,48
EDG,24025,Harford,24
EDJ,39091,Logan,39
EDN,01031,Coffee,01
EDU,06095,Solano,06
EE0,04021,Pinal,04
EEO,08103,Rio Blanco,08
EET,01117,Shelby,01
EFC,46019,Butte,46
EFT,55045,Green,55
EGQ,19147,Palo Alto,19
EGT,20191,Sumner,20
EHA,20129,Morton,20
EHO,37045,Cleveland,37
EHR,21101,Henderson,21
EIK,08123,Weld,08
EIW,29143,New Madrid,29
EKM,18039,Elkhart,18
EKQ,21231,Wayne,21
EKS,30057,Madison,30
EKY,01073,Jefferson,01
ELO,27137,St. Louis,27
EMV,51081,Greensville,51
EOE,45071,Newberry,45
EOP,39131,Pike,39
EPM,23029,Washington,23
EQA,20015,Butler,20
EQY,37179,Union,37
ERY,26095,Luce,26
ETC,37065,Edgecombe,37
ETH,27155,Traverse,27
EUL,16027,Canyon,16
EVB,12127,Volusia,12
EVU,29147,Nodaway,29
EVY,10003,New Castle,10
EXX,37057,Davidson,37
EYE,18097,Marion,18
EYF,37017,Bladen,37
EZF,51177,Spotsylvania,51
EZI,17073,Henry,17
EZM,13091,Dodge,13
EZS,55115,Shawano,55
EZZ,29049,Clinton,29
F00,48147,Fannin,48
F01,48197,Hardeman,48
F05,48487,Wilbarger,48
F06,48087,Collingsworth,48
F08,40091,McIntosh,40
F10,40111,Okmulgee,40
F14,48485,Wichita,48
F17,48419,Shelby,48
F21,48191,Hall,48
F22,40103,Noble,40
MNE,22119,Webster,22
F30,40099,Murray,40
F31,40095,Marshall,40
F32,40019,Carter,40
F34,06019,Fresno,06
F35,48363,Palo Pinto,48
F36,40149,Washita,40
F37,35027,Lincoln,35
F41,48139,Ellis,48
F43,05139,Union,05
F44,48213,Henderson,48
F45,12099,Palm Beach,12
F46,48397,Rockwall,48
F47,12037,Franklin,12
F49,48303,Lubbock,48
F51,48499,Wood,48
F53,48159,Franklin,48
F56,48253,Jones,48
F62,06105,Trinity,06
F68,40015,Caddo,40
F69,48085,Collin,48
F70,06065,Riverside,06
F72,06067,Sacramento,06
F75,48275,Knox,48
F82,48303,Lubbock,48
GZL,40061,Haskell,40
F85,48079,Cochran,48
F86,22021,Caldwell,22
F87,22111,Union,22
F88,22049,Jackson,22
F89,22041,Franklin,22
TT97,48165,Gaines,48
F98,48501,Yoakum,48
F99,40063,Hughes,40
FCI,51041,Chesterfield,51
FCT,53077,Yakima,53
FDW,45039,Fairfield,45
FFC,13077,Coweta,13
FFX,26123,Newaygo,26
FFZ,04013,Maricopa,04
FGU,47065,Hamilton,47
FGX,21161,Mason,21
FHR,53055,San Juan,53
FIG,42033,Clearfield,42
FIT,25027,Worcester,25
FKA,27045,Fillmore,27
FKR,18023,Clinton,18
FKS,26019,Benzie,26
FMM,08087,Morgan,08
FMZ,31059,Fillmore,31
FNB,31147,Richardson,31
FOA,17025,Clay,17
FOM,49027,Millard,49
FOT,06023,Humboldt,06
FOZ,27061,Itasca,27
FPK,26045,Eaton,26
FQD,37161,Rutherford,37
FSE,27119,Polk,27
FSO,50011,Franklin,50
FSW,19111,Lee,19
CFO,08001,Adams,08
FTT,29027,Callaway,29
FVE,23003,Aroostook,23
FVX,51049,Cumberland,51
FWC,17191,Wayne,17
FWN,34037,Sussex,34
FWQ,42129,Westmoreland,42
FWS,48439,Tarrant,48
FYE,47047,Fayette,47
FYJ,51097,King and Queen,51
FZG,13017,Ben Hill,13
FZI,39147,Seneca,39
FZY,36075,Oswego,36
GAF,38099,Walsh,38
GAO,22057,Lafourche,22
GAS,39053,Gallia,39
GAX,04013,Maricopa,04
GXF,04013,Maricopa,04
GCM,40131,Rogers,40
GDB,27173,Yellow Medicine,27
GDJ,48221,Hood,48
GEO,39015,Brown,39
GEU,04013,Maricopa,04
GEV,37009,Ashe,37
GEZ,18145,Shelby,18
GFZ,19001,Adair,19
GGF,31135,Perkins,31
GGI,19157,Poweshiek,19
GGP,18017,Cass,18
GHG,25023,Plymouth,25
GHW,27121,Pope,27
GIC,16049,Idaho,16
GKJ,42039,Crawford,42
GKY,48439,Tarrant,48
GLY,29083,Henry,29
GMJ,40041,Delaware,40
GNB,08049,Grand,08
GNC,48165,Gaines,48
GOO,06057,Nevada,06
GOP,48099,Coryell,48
GOV,26039,Crawford,26
GPH,29047,Clay,29
GPI,30029,Flathead,30
GPM,48439,Tarrant,48
GTB,36045,Jefferson,36
GTE,31047,Dawson,31
GTU,48491,Williamson,48
GVQ,36037,Genesee,36
GWB,18033,DeKalb,18
GWR,38081,Sargent,38
GWW,37191,Wayne,37
GYB,48287,Lee,48
GYH,45045,Greenville,45
GYI,48181,Grayson,48
GYL,27085,McLeod,27
GZH,01035,Conecuh,01
GZN,48133,Eastland,48
GZS,47055,Giles,47
H04,40035,Craig,40
H05,40077,Latimer,40
H14,05021,Clay,05
H17,29059,Dallas,29
H19,29163,Pike,29
OZS,29029,Camden,29
H34,05087,Madison,05
H35,05071,Johnson,05
H37,06035,Lassen,06
H58,29225,Webster,29
H68,40145,Wagoner,40
H70,48421,Sherman,48
H71,40097,Mayes,40
H76,40113,Osage,40
H79,29131,Miller,29
H88,29123,Madison,29
H92,40113,Osage,40
H96,17055,Franklin,17
HBC,38075,Renville,38
HBI,37151,Randolph,37
HBV,48247,Jim Hogg,48
HBZ,05023,Cleburne,05
HCD,27085,McLeod,27
HCO,27069,Kittson,27
HDC,22105,Tangipahoa,22
HDO,48325,Medina,48
HEF,51683,Manassas,51
HEG,12031,Duval,12
HEI,38001,Adams,38
HEQ,08095,Phillips,08
HFJ,29009,Barry,29
HFY,18081,Johnson,18
HHF,48211,Hemphill,48
HHG,18069,Huntington,18
HHW,40023,Choctaw,40
HIG,29107,Lafayette,29
HJH,31169,Thayer,31
HJO,06031,Kings,06
HLX,51035,Carroll,51
HMY,40027,Cleveland,40
HMZ,42009,Bedford,42
HND,32003,Clark,32
HNR,19165,Shelby,19
HNZ,37077,Granville,37
HOC,39071,Highland,39
HOE,13065,Clinch,13
HQG,20189,Stevens,20
HQU,13189,McDuffie,13
HQZ,48113,Dallas,48
HRI,41059,Umatilla,41
HRJ,37085,Harnett,37
HRT,12091,Okaloosa,12
HRU,20127,Morris,20
HRX,48117,Deaf Smith,48
HSA,28045,Hancock,28
HSD,40017,Canadian,40
HSE,37055,Dare,37
HSG,56017,Hot Springs,56
HSR,46047,Fall River,46
JPX,36103,Suffolk,36
HVC,21047,Christian,21
HWQ,30107,Wheatland,30
HWV,36103,Suffolk,36
HWY,51061,Fauquier,51
HXD,45013,Beaufort,45
HXF,55131,Washington,55
HYI,48209,Hays,48
HYW,45051,Horry,45
HYX,26145,Saginaw,26
HZD,47017,Carroll,47
HZE,38057,Mercer,38
HZR,22077,Pointe Coupee,22
HZX,27001,Aitkin,27
HZY,39007,Ashtabula,39
I06,48437,Swisher,48
I10,39121,Noble,39
SCA,39149,Shelby,39
I16,54109,Wyoming,54
I17,39109,Miami,39
I18,54035,Jackson,54
I22,18135,Randolph,18
I23,39047,Fayette,39
I34,18031,Decatur,18
I35,21095,Harlan,21
RGA,21151,Madison,21
I40,39031,Coshocton,39
JRO,39079,Jackson,39
I50,21197,Powell,21
53KT,21045,Casey,21
I54,39023,Clark,39
SXU,35019,Guadalupe,35
I63,17009,Brown,17
I64,39043,Erie,39
I66,39027,Clinton,39
I67,39061,Hamilton,39
I68,39165,Warren,39
I69,39025,Clermont,39
I71,39115,Morgan,39
I73,39113,Montgomery,39
I74,39021,Champaign,39
I75,19039,Clarke,19
I76,18103,Miami,18
I86,39127,Perry,39
I93,21027,Breckinridge,21
I95,39065,Hardin,39
IBM,31105,Kimball,31
ICR,46123,Tripp,46
IDL,28133,Sunflower,28
IEN,46102,Oglala Lakota,46
IER,22069,Natchitoches,22
IGQ,17031,Cook,17
IIB,19019,Buchanan,19
IIY,13317,Wilkes,13
IJD,09013,Tolland,09
IKG,48273,Kleberg,48
IKV,19153,Polk,19
IMS,18077,Jefferson,18
INF,12017,Citrus,12
INJ,48217,Hill,48
IOB,21173,Montgomery,21
IPJ,37109,Lincoln,37
ISB,19143,Osceola,19
ITR,08063,Kit Carson,08
IWA,04013,Maricopa,04
IWH,18169,Wabash,18
IWI,23015,Lincoln,23
IXA,37083,Halifax,37
IXD,20091,Johnson,20
IZA,06083,Santa Barbara,06
IZG,23017,Oxford,23
JAU,47013,Campbell,47
JDD,48499,Wood,48
JER,16053,Jerome,16
JES,13305,Wayne,13
JFX,01127,Walker,01
JFZ,51185,Tazewell,51
JGG,51095,James City,51
JKA,01003,Baldwin,01
JKJ,27027,Clay,27
JKL,21025,Breathitt,21
JMR,27065,Kanabec,27
JNX,37101,Johnston,37
JQF,37025,Cabarrus,37
JSD,09001,Fairfield,09
JSO,48073,Cherokee,48
JSV,40135,Sequoyah,40
JVY,18019,Clark,18
JWG,40011,Blaine,40
JWN,47037,Davidson,47
JWY,48139,Ellis,48
JXI,48459,Upshur,48
JYG,27165,Watonwan,27
JYL,13251,Screven,13
JYM,26059,Hillsdale,26
JYO,51107,Loudoun,51
JYR,31185,York,31
JZI,45019,Charleston,45
JZP,13227,Pickens,13
K06,17017,Cass,17
K09,36041,Hamilton,36
K15,29029,Camden,29
K16,36065,Oneida,36
K19,29075,Gentry,29
CPF,21193,Perry,21
SJS,21159,Martin,21
K24,21207,Russell,21
K32,20173,Sedgwick,20
K33,29065,Dent,29
K38,20201,Washington,20
K44,40007,Beaver,40
K49,40139,Texas,40
K51,20007,Barber,20
K52,29137,Monroe,29
K57,29005,Atchison,29
K58,20025,Clark,20
K59,20005,Atchison,20
K61,20123,Mitchell,20
K62,21191,Pendleton,21
K74,38017,Cass,38
K75,20141,Osborne,20
K77,40151,Woods,40
K79,20083,Hodgeman,20
K81,20121,Miami,20
K82,20183,Smith,20
K83,20013,Brown,20
K88,20001,Allen,20
K89,29121,Macon,29
K94,20165,Rush,20
L00,06029,Kern,06
L05,06029,Kern,06
L06,06027,Inyo,06
L08,06073,San Diego,06
L09,06027,Inyo,06
L17,06029,Kern,06
L19,06029,Kern,06
L22,06071,San Bernardino,06
L23,32023,Nye,32
L26,06071,San Bernardino,06
L31,22103,St. Tammany,22
L32,22025,Catahoula,22
L33,22107,Tensas,22
L35,06071,San Bernardino,06
REG,22005,Ascension,22
L39,22115,Vernon,22
L41,04005,Coconino,04
L45,06029,Kern,06
L62,06029,Kern,06
CN64,06065,Riverside,06
L65,06065,Riverside,06
L66,22043,Grant,22
L70,06037,Los Angeles,06
L71,06029,Kern,06
L72,06027,Inyo,06
L73,06029,Kern,06
L77,06065,Riverside,06
L83,22109,Terrebonne,22
L88,06083,Santa Barbara,06
L94,06029,Kern,06
LBO,29105,Laclede,29
LBR,48387,Red River,48
LBX,48039,Brazoria,48
LCG,31179,Wayne,31
LDR,06073,San Diego,06
LHB,48395,Robertson,48
LHM,06061,Placer,06
LHQ,39045,Fairfield,39
LHW,13179,Liberty,13
LHX,08089,Otero,08
LHZ,37069,Franklin,37
LIU,48279,Lamb,48
LJF,27093,Meeker,27
LKR,45057,Lancaster,45
LKU,51109,Louisa,51
LLJ,16037,Custer,16
LLN,48219,Hockley,48
LLQ,05043,Drew,05
LLR,06045,Mendocino,06
LLU,29011,Barton,29
LMO,08013,Boulder,08
LNC,48113,Dallas,48
LNL,55125,Vilas,55
LOM,42091,Montgomery,42
LPR,39093,Lorain,39
LQR,20145,Pawnee,20
LRG,23019,Penobscot,23
LRO,45019,Charleston,45
LRY,29037,Cass,29
LTY,30051,Liberty,30
LUD,48497,Wise,48
LUG,47117,Marshall,47
LUM,55033,Dunn,55
LUX,45059,Laurens,45
LVJ,48039,Brazoria,48
LVN,27037,Dakota,27
LWA,26159,Van Buren,26
LXL,27097,Morrison,27
LXT,29095,Jackson,29
LXY,48293,Limestone,48
LYV,27133,Rock,27
LZD,09015,Windham,09
LZZ,48281,Lampasas,48
M01,47157,Shelby,47
M02,47043,Dickson,47
M04,47167,Tipton,47
M05,29155,Pemiscot,29
M08,47069,Hardeman,47
M11,28029,Copiah,28
M12,29155,Pemiscot,29
M13,28109,Pearl River,28
M15,47135,Perry,47
JVW,28049,Hinds,28
M17,29167,Polk,29
M18,05057,Hempstead,05
M19,05067,Jackson,05
M20,21085,Grayson,21
M21,21177,Muhlenberg,21
M22,01059,Franklin,01
M23,28101,Newton,28
M24,28131,Stone,28
M25,21083,Graves,21
M27,05127,Scott,05
M29,47181,Wayne,47
M30,17127,Massac,17
M31,47097,Lauderdale,47
M32,05017,Chicot,05
XNX,47165,Sumner,47
M34,21157,Marshall,21
M36,05095,Monroe,05
M37,28133,Sunflower,28
M40,28095,Monroe,28
M41,28093,Marshall,28
M43,28065,Jefferson Davis,28
M44,28017,Chickasaw,28
M45,06003,Alpine,06
M46,30087,Rosebud,30
M48,29215,Texas,29
M50,41049,Morrow,41
M51,28105,Oktibbeha,28
M53,47053,Gibson,47
M54,47189,Wilson,47
M55,01075,Lamar,01
M56,27031,Cook,27
M59,28111,Perry,28
M60,05147,Woodruff,05
M66,20115,Marion,20
M70,05121,Randolph,05
M71,29113,Lincoln,29
M72,28145,Union,28
M73,05001,Arkansas,05
M75,30071,Phillips,30
M77,05061,Howard,05
M78,05059,Hot Spring,05
M79,22083,Richland,22
M80,22065,Madison,22
M83,28025,Clay,28
M85,29143,New Madrid,29
ADF,05019,Clark,05
M90,06019,Fresno,06
M91,47147,Robertson,47
M93,47083,Houston,47
M94,53025,Grant,53
M95,01057,Fayette,01
M96,27137,St. Louis,27
MAI,12063,Jackson,12
MAL,36033,Franklin,36
MAO,45067,Marion,45
MBO,28089,Madison,28
MBT,47149,Rutherford,47
MCX,18181,White,18
MCZ,37117,Martin,37
MDQ,01089,Madison,01
MDS,46079,Lake,46
MDZ,55119,Taylor,55
MEB,37165,Scotland,37
MEY,19133,Monona,19
MEZ,05113,Polk,05
MGG,27171,Wright,27
MGN,26047,Emmet,26
MHP,13043,Candler,13
MJD,28045,Hancock,28
MKA,46059,Hand,46
MKJ,51173,Smyth,51
MKN,48093,Comanche,48
MKS,45015,Berkeley,45
MKV,22009,Avoyelles,22
MKY,12021,Collier,12
MLE,31055,Douglas,31
MMK,09009,New Haven,09
MMV,41071,Yamhill,41
MNF,29091,Howell,29
MNI,45027,Clarendon,45
MNV,47123,Monroe,47
MO1,29169,Pulaski,29
MO3,29039,Cedar,29
FYG,29219,Warren,29
MO8,29115,Linn,29
MPE,28099,Neshoba,28
MPG,54051,Marshall,54
MPI,06043,Mariposa,06
MQI,37055,Dare,37
MQJ,18059,Hancock,18
MQS,42029,Chester,42
MRH,37031,Carteret,37
MRJ,55049,Iowa,55
MRT,39159,Union,39
MTV,51089,Henry,51
MVI,08105,Rio Grande,08
MWK,37171,Surry,37
MYJ,29007,Audrain,29
MYZ,20117,Marshall,20
MZH,27017,Carlton,27
N03,36023,Cortland,36
N06,10005,Sussex,10
N12,34029,Ocean,34
N13,42037,Columbia,42
N14,34005,Burlington,34
N19,35045,San Juan,35
N23,36017,Chenango,36
N24,35055,Taos,35
N27,42015,Bradford,42
N35,42065,Jefferson,42
N37,36105,Sullivan,36
N38,42117,Tioga,42
N40,34019,Hunterdon,34
N47,42091,Montgomery,42
N49,32029,Storey,32
N51,34019,Hunterdon,34
N52,37179,Union,37
N57,42029,Chester,42
N58,32019,Lyon,32
N59,32019,Lyon,32
N66,36077,Otsego,36
N68,42055,Franklin,42
N71,42071,Lancaster,42
JY73,34005,Burlington,34
N79,42097,Northumberland,42
N81,34001,Atlantic,34
N82,36105,Sullivan,36
N87,34021,Mercer,34
N89,36111,Ulster,36
N94,42041,Cumberland,42
N96,42027,Centre,42
N98,26029,Charlevoix,26
NBC,45013,Beaufort,45
NBJ,01003,Baldwin,01
NCA,37133,Onslow,37
NDZ,12113,Santa Rosa,12
NFD,01003,Baldwin,01
NFE,51550,Chesapeake,51
NFG,06073,San Diego,06
NFJ,12113,Santa Rosa,12
NFW,48439,Tarrant,48
NGS,12113,Santa Rosa,12
NHU,51710,Norfolk,51
NID,06029,Kern,06
NJM,37031,Carteret,37
NJW,28069,Kemper,28
NKT,37049,Craven,37
NMM,28075,Lauderdale,28
NOG,48249,Jim Wells,48
KNQB,01003,Baldwin,01
NRA,53029,Island,53
NRN,20137,Norton,20
NRQ,12113,Santa Rosa,12
NSI,06111,Ventura,06
NSX,12113,Santa Rosa,12
NUC,06037,Los Angeles,06
NVI,12113,Santa Rosa,12
NWL,48355,Nueces,48
NXP,06071,San Bernardino,06
NY0,36035,Fulton,36
NY25,36067,Onondaga,36
NYL,04027,Yuma,04
NZX,12113,Santa Rosa,12
O02,06063,Plumas,06
O05,06063,Plumas,06
O08,06011,Colusa,06
O09,06045,Mendocino,06
1PP,40001,Adair,40
O15,06047,Merced,06
O16,06023,Humboldt,06
O20,06077,San Joaquin,06
O22,06109,Tuolumne,06
O24,06051,Mono,06
O26,06027,Inyo,06
O27,06099,Stanislaus,06
O28,06045,Mendocino,06
O32,06019,Fresno,06
O35,40057,Harmon,40
O37,06021,Glenn,06
O41,06113,Yolo,06
O42,06107,Tulare,06
O43,32019,Lyon,32
O46,06093,Siskiyou,06
O47,40081,Lincoln,40
O52,06101,Sutter,06
O53,40053,Grant,40
O54,06105,Trinity,06
O57,06051,Mono,06
O59,06049,Modoc,06
O60,06097,Sonoma,06
KO61,06017,El Dorado,06
O65,40011,Blaine,40
O69,06097,Sonoma,06
JAQ,06005,Amador,06
O79,06091,Sierra,06
O81,06049,Modoc,06
O86,06105,Trinity,06
O88,06095,Solano,06
O89,06089,Shasta,06
OBI,34009,Cape May,34
OCQ,55083,Oconto,55
ODO,48135,Ector,48
ODX,31175,Valley,31
OEB,26023,Branch,26
OEL,20109,Logan,20
OFP,51085,Hanover,51
OGM,26131,Ontonagon,26
OIN,20039,Decatur,20
OJA,40039,Custer,40
OKB,06073,San Diego,06
OKH,53029,Island,53
OKV,51069,Frederick,51
OKZ,13303,Washington,13
OLG,55031,Douglas,55
OLZ,19065,Fayette,19
OMH,51137,Orange,51
OMN,12127,Volusia,12
ONX,37053,Currituck,37
ONZ,26163,Wayne,26
OPN,13293,Upson,13
OQN,42029,Chester,42
OQU,44009,Washington,44
OQW,19097,Jackson,19
ORB,27137,St. Louis,27
ORE,25011,Franklin,25
ORG,48361,Orange,48
ORK,05119,Pulaski,05
ORS,53055,San Juan,53
OSA,48449,Titus,48
OVL,27129,Renville,27
OVO,18079,Jennings,18
OVS,55043,Grant,55
OWI,20059,Franklin,20
OWP,40113,Osage,40
OWX,39137,Putnam,39
OXB,24047,Worcester,24
OXI,18149,Starke,18
OXV,19125,Marion,19
OYM,42047,Elk,42
OZW,26093,Livingston,26
P01,04019,Pima,04
P03,04003,Cochise,04
P04,04003,Cochise,04
P08,04021,Pinal,04
P10,04017,Navajo,04
P13,04007,Gila,04
P14,04017,Navajo,04
P19,04013,Maricopa,04
P20,04012,La Paz,04
P23,04025,Yavapai,04
P29,04003,Cochise,04
P33,04003,Cochise,04
P52,04025,Yavapai,04
PAN,04007,Gila,04
PBH,55099,Price,55
DJT,12099,Palm Beach,12
PBX,21195,Pike,21
PCM,12057,Hillsborough,12
PCW,39123,Ottawa,39
PCZ,55135,Waupaca,55
PDC,55023,Crawford,55
PEA,19125,Marion,19
PEO,36123,Yates,36
PEX,27145,Stearns,27
PEZ,48013,Atascosa,48
PHG,20147,Phillips,20
PHH,45043,Georgetown,45
PIL,48061,Cameron,48
PJC,42007,Beaver,42
PJY,17145,Perry,17
PKV,48057,Calhoun,48
PLD,18075,Jay,18
PLU,53053,Pierce,53
PMP,12011,Broward,12
PMU,28107,Panola,28
PMV,31025,Cass,31
PMZ,37187,Washington,37
PNA,56035,Sublette,56
PNM,27095,Mille Lacs,27
PNT,17105,Livingston,17
POV,39133,Portage,39
PPO,18091,LaPorte,18
PPQ,17149,Pike,17
PQL,28059,Jackson,28
PQN,27117,Pipestone,27
PRG,17045,Edgar,17
PRN,01013,Butler,01
PRS,48377,Presidio,48
PSO,08007,Archuleta,08
PUJ,13223,Paulding,13
PVB,55043,Grant,55
PVE,47077,Henderson,47
PVG,51550,Chesapeake,51
PVJ,40049,Garvin,40
PWC,27021,Cass,27
PWG,48309,McLennan,48
PXE,13225,Peach,13
PYG,45025,Chesterfield,45
PYN,29223,Wayne,29
PYP,01019,Cherokee,01
PYX,48357,Ochiltree,48
PZQ,26141,Presque Isle,26
R47,39137,Putnam,39
R49,53019,Ferry,53
RAS,48355,Nueces,48
RAW,29015,Benton,29
RBE,31149,Rock,31
RBM,05119,Pulaski,05
RBO,48355,Nueces,48
RCM,29101,Johnson,29
RCP,20163,Rooks,20
MI31,26133,Osceola,26
RCX,55107,Rusk,55
RCZ,37153,Richmond,37
RDK,19137,Montgomery,19
REI,06071,San Bernardino,06
RFI,48401,Rusk,48
RGK,55093,Pierce,55
RHP,37039,Cherokee,37
RIU,06067,Sacramento,06
RJD,24011,Caroline,24
RK1,02185,North Slope,02
RMN,51179,Stafford,51
RNM,06073,San Diego,06
RNP,26155,Shiawassee,26
RNV,28011,Bolivar,28
ROS,27025,Chisago,27
RPB,20157,Republic,20
RPD,55005,Barron,55
RPH,48503,Young,48
RPJ,17141,Ogle,17
RQB,26107,Mecosta,26
RQE,04001,Apache,04
RRQ,19119,Lyon,19
RSV,17033,Crawford,17
RUE,05115,Pope,05
RUG,38069,Pierce,38
RUQ,37159,Rowan,37
RVJ,13267,Tattnall,13
RVL,42087,Mifflin,42
RVN,47073,Hawkins,47
RWN,18131,Pulaski,18
RWV,48051,Burleson,48
RYM,27097,Morrison,27
RYN,04019,Pima,04
RYV,55055,Jefferson,55
RYW,48453,Travis,48
RYY,13067,Cobb,13
RZL,18073,Jasper,18
RZN,55013,Burnett,55
RZR,47011,Bradley,47
RZT,39141,Ross,39
S01,30073,Pondera,30
S03,41029,Jackson,41
S05,41011,Coos,41
S10,53007,Chelan,53
S12,41043,Linn,41
S17,45003,Aiken,45
S19,45065,McCormick,45
S20,53039,Klickitat,53
S21,41017,Deschutes,41
S23,53051,Pend Oreille,53
S24,39143,Sandusky,39
S25,38053,McKenzie,38
S27,30029,Flathead,30
S32,38039,Griggs,38
S33,41031,Jefferson,41
S34,30089,Sanders,30
S36,53033,King,53
S39,41013,Crook,41
S40,53005,Benton,53
S42,35007,Colfax,35
S45,41041,Lincoln,41
S48,41005,Clackamas,41
S50,53033,King,53
S52,53047,Okanogan,53
S59,30053,Lincoln,30
S64,30045,Judith Basin,30
MAN,16027,Canyon,16
S69,30049,Lewis and Clark,30
S70,53001,Adams,53
S71,30005,Blaine,30
S72,16009,Benewah,16
S73,16049,Idaho,16
S75,16075,Payette,16
S78,16045,Gem,16
S83,16079,Shoshone,16
S84,16049,Idaho,16
S85,30085,Roosevelt,30
S87,16087,Washington,16
S94,53075,Whitman,53
S95,53071,Walla Walla,53
S97,53047,Okanogan,53
SAW,26103,Marquette,26
SAZ,27159,Wadena,27
SBU,27043,Faribault,27
SCD,01121,Talladega,01
SCX,47151,Scott,47
SDA,19071,Fremont,19
SDC,36117,Wayne,36
SDL,04013,Maricopa,04
SEQ,48187,Guadalupe,48
SET,29183,St. Charles,29
SEZ,04025,Yavapai,04
SFQ,51800,Suffolk,51
SFY,17015,Carroll,17
SGJ,12109,St. Johns,12
SGS,27037,Dakota,27
SHL,19141,O'Brien,19
SIF,37157,Rockingham,37
SJX,26029,Charlevoix,26
SKI,19161,Sac,19
SKX,35055,Taos,35
SLH,26031,Cheboygan,26
SLI,06059,Orange,06
SLJ,28035,Forrest,28
SMQ,34035,Somerset,34
SMS,45085,Sumter,45
SNC,09007,Middlesex,09
SNH,47071,Hardin,47
SOA,48435,Sutton,48
SPB,41009,Columbia,41
SPH,22119,Webster,22
SPK,49049,Utah,49
SRB,47185,White,47
SRE,40133,Seminole,40
SRR,35027,Lincoln,35
SSQ,55129,Washburn,55
STF,28105,Oktibbeha,28
SUT,37019,Brunswick,37
SUZ,05125,Saline,05
SWI,48181,Grayson,48
SWT,31159,Seward,31
SXK,19167,Sioux,19
SXL,54067,Nicholas,54
SYF,20023,Cheyenne,20
SZT,16017,Bonner,16
SZY,47109,McNairy,47
T00,48071,Chambers,48
T03,04005,Coconino,04
T05,48489,Willacy,48
T12,48241,Jasper,48
T15,48145,Falls,48
T16,35003,Catron,35
1TX4,48481,Wharton,48
T19,48131,Duval,48
T20,48177,Gonzales,48
T23,48417,Shackelford,48
T24,48403,Sabine,48
T30,48163,Frio,48
T31,48085,Collin,48
T35,48331,Milam,48
T36,28147,Walthall,28
T39,48009,Archer,48
T41,48201,Harris,48
T42,06105,Trinity,06
T45,48065,Carson,48
T47,48181,Grayson,48
T50,48327,Menard,48
T51,48201,Harris,48
T54,48157,Fort Bend,48
T55,48069,Castro,48
T59,48483,Wheeler,48
T60,48433,Stonewall,48
TXW,48215,Hidalgo,48
T67,48439,Tarrant,48
T69,48409,San Patricio,48
T74,48491,Williamson,48
T78,48291,Liberty,48
T82,48171,Gillespie,48
T85,48285,Lavaca,48
T88,48335,Mitchell,48
T90,48071,Chambers,48
T92,48319,Mason,48
T93,48295,Lipscomb,48
TAN,25005,Bristol,25
TAZ,17021,Christian,17
TCY,06077,San Joaquin,06
TDF,37145,Person,37
TEL,18123,Perry,18
TEW,26065,Ingham,26
TFP,48409,San Patricio,48
TGC,47053,Gibson,47
TIF,31171,Thomas,31
TIP,17019,Champaign,17
TKC,27083,Lyon,27
TKO,20089,Jewell,20
TKV,55069,Lincoln,55
TKX,29069,Dunklin,29
TME,48473,Waller,48
TMK,41057,Tillamook,41
TNX,32023,Nye,32
TOB,27039,Dodge,27
TQE,31021,Burt,31
TQH,40021,Cherokee,40
TQK,20171,Scott,20
TRK,06057,Nevada,06
TSO,39019,Carroll,39
TTA,37105,Lee,37
TTF,26115,Monroe,26
TTS,12009,Brevard,12
TVB,29215,Texas,29
TVK,19007,Appanoose,19
TVR,22065,Madison,22
TVY,49045,Tooele,49
TWM,27075,Lake,27
TWT,21225,Union,21
TYL,04017,Navajo,04
TYQ,18011,Boone,18
TZR,39049,Franklin,39
TZT,19011,Benton,19
TZV,21171,Monroe,21
U00,16059,Lemhi,16
U01,16077,Power,16
U02,16011,Bingham,16
U03,16083,Twin Falls,16
U05,30039,Granite,30
U06,56023,Lincoln,56
U07,49017,Garfield,49
U08,32003,Clark,32
U10,16041,Franklin,16
U12,16043,Fremont,16
U13,49031,Piute,49
U14,49023,Juab,49
DUB,56013,Fremont,56
U30,04015,Mohave,04
U34,49015,Emery,49
U36,16011,Bingham,16
SVR,49035,Salt Lake,49
U52,49001,Beaver,49
U55,49017,Garfield,49
U56,16051,Jefferson,16
U58,16005,Bannock,16
U62,16037,Custer,16
U63,16085,Valley,16
U68,56003,Big Horn,56
U69,49013,Duchesne,49
U70,16085,Valley,16
U76,16039,Elmore,16
U78,16029,Caribou,16
U79,16049,Idaho,16
U81,16049,Idaho,16
U82,16003,Adams,16
U89,16039,Elmore,16
U96,49037,San Juan,49
UAO,41047,Marion,41
UBE,55005,Barron,55
UBX,29055,Crawford,29
UCP,42073,Lawrence,42
UDG,45031,Darlington,45
UKF,37193,Wilkes,37
UKL,20031,Coffey,20
ULS,20067,Grant,20
UMP,18057,Hamilton,18
UNI,39009,Athens,39
UNO,29091,Howell,29
UNV,42027,Centre,42
USE,39051,Fulton,39
UTA,28143,Tunica,28
UTS,48471,Walker,48
UUU,44005,Newport,44
UUV,29071,Franklin,29
UWL,18065,Henry,18
UXL,22019,Calcasieu,22
UYF,39097,Madison,39
UZA,45091,York,45
VAY,34005,Burlington,34
VBT,05007,Benton,05
VCB,06095,Solano,06
VDF,12057,Hillsborough,12
VER,29053,Cooper,29
VES,39037,Darke,39
VGC,36053,Madison,36
VIQ,55019,Clark,55
VLL,26125,Oakland,26
VMR,46027,Clay,46
VNW,39161,Van Wert,39
VPC,13015,Bartow,13
VTA,39089,Licking,39
VTI,19011,Benton,19
VUJ,37167,Stanly,37
VUO,53011,Clark,53
VVS,42051,Fayette,42
VVV,27011,Big Stone,27
VWU,27007,Beltrami,27
W01,53047,Okanogan,53
W03,37195,Wilson,37
W05,42001,Adams,42
W22,54097,Upshur,54
W28,53009,Clallam,53
W31,51111,Lunenburg,51
W35,24043,Washington,24
BYL,21235,Whitley,21
W40,37191,Wayne,37
W41,24039,Somerset,24
W43,56011,Crook,56
LUA,51139,Page,51
W63,51117,Mecklenburg,51
W78,51083,Halifax,51
W81,51135,Nottoway,51
W90,51019,Bedford,51
W91,51019,Bedford,51
W94,51199,York,51
W95,37095,Hyde,37
W96,51127,New Kent,51
W99,54023,Grant,54
X04,12095,Orange,12
X05,12101,Pasco,12
X06,12027,DeSoto,12
X07,12105,Polk,12
X10,12099,Palm Beach,12
X13,12037,Franklin,12
X14,12051,Hendry,12
X21,12009,Brevard,12
X26,12061,Indian River,12
X35,12083,Marion,12
X39,12101,Pasco,12
X43,48341,Moore,48
X49,12105,Polk,12
X50,12127,Volusia,12
X51,12086,Miami-Dade,12
X58,12085,Martin,12
X59,12009,Brevard,12
X60,12075,Levy,12
XBP,48497,Wise,48
FIN,12035,Flagler,12
XLL,42077,Lehigh,42
XMR,12009,Brevard,12
XNI,35031,McKinley,35
XNO,45075,Orangeburg,45
XSA,51057,Essex,51
XVG,27021,Cass,27
Y03,46009,Bon Homme,46
Y14,46083,Lincoln,46
Y19,38059,Morton,38
Y23,55005,Barron,55
Y27,38085,Sioux,38
Y31,26129,Ogemaw,26
Y37,38099,Walsh,38
Y43,19029,Cass,19
Y47,26125,Oakland,26
Y50,55137,Waushara,55
Y51,55123,Vernon,55
Y55,55041,Forest,55
Y59,26019,Benzie,26
Y65,26031,Cheboygan,26
Y68,26019,Benzie,26
Y70,26067,Ionia,26
Y72,55081,Monroe,55
Y74,38061,Mountrail,38
KY8,21091,Hancock,21
Y83,26151,Sanilac,26
Y89,26079,Kalkaska,26
Y93,26119,Montmorency,26
Y94,26029,Charlevoix,26
Y95,26119,Montmorency,26
KZ01,12091,Okaloosa,12
KZ19,51059,Fairfax,51
KZ23,55131,Washington,55
Z24,51740,Portsmouth,51
KZ27,06037,Los Angeles,06
KZ32,45013,Beaufort,45
Z98,26139,Ottawa,26
ZEF,37171,Surry,37
ZER,42107,Schuylkill,42
L11,06037,Los Angeles,06
L18,06073,San Diego,06
L20,02290,Yukon-Koyukuk,02
L25,04015,Mohave,04
L36,06067,Sacramento,06
L37,04005,Coconino,04
L44,01065,Hale,01
L49,16075,Payette,16
L52,06079,San Luis Obispo,06
L53,06077,San Joaquin,06
L61,06027,Inyo,06
L78,06073,San Diego,06
L85,02122,Kenai Peninsula,02
L87,22017,Caddo,22
L90,06073,San Diego,06
L92,32017,Lincoln,32
L93,02261,Valdez-Cordova,02
L95,02170,Matanuska-Susitna,02
LA00,22033,East Baton Rouge,22
LA01,22039,Evangeline,22
LA02,22063,Livingston,22
LA05,22033,East Baton Rouge,22
LA07,22103,St. Tammany,22
LA09,22113,Vermilion,22
LA11,22057,Lafourche,22
LA12,22051,Jefferson,22
LA13,22105,Tangipahoa,22
LA14,22073,Ouachita,22
LA16,22099,St. Martin,22
LA18,22009,Avoyelles,22
LA19,22081,Red River,22
LA20,22079,Rapides,22
LA21,22019,Calcasieu,22
LA22,06001,Alameda,06
LA23,22021,Caldwell,22
LA24,22103,St. Tammany,22
LA25,22039,Evangeline,22
LA26,22103,St. Tammany,22
LA27,22019,Calcasieu,22
LA28,22033,East Baton Rouge,22
LA29,22115,Vernon,22
LA30,22001,Acadia,22
LA32,22053,Jefferson Davis,22
LA33,22073,Ouachita,22
LA34,22073,Ouachita,22
LA35,22079,Rapides,22
LA36,22093,St. James,22
LA37,22125,West Feliciana,22
LA38,22103,St. Tammany,22
LA39,22023,Cameron,22
LA40,22029,Concordia,22
LA41,22099,St. Martin,22
6LA2,22033,East Baton Rouge,22
LA43,22045,Iberia,22
LA44,22103,St. Tammany,22
LA45,22047,Iberville,22
LA46,22121,West Baton Rouge,22
LA47,22075,Plaquemines,22
LA48,22009,Avoyelles,22
LA49,22057,Lafourche,22
LA50,22009,Avoyelles,22
LA51,22081,Red River,22
LA53,22107,Tensas,22
LA54,22017,Caddo,22
LA55,22019,Calcasieu,22
LA56,22017,Caddo,22
LA57,22001,Acadia,22
LA59,22057,Lafourche,22
LA60,22113,Vermilion,22
LA61,22113,Vermilion,22
LA62,22023,Cameron,22
LA63,22067,Morehouse,22
LA64,22007,Assumption,22
LA65,22097,St. Landry,22
LA66,22007,Assumption,22
LA67,22125,West Feliciana,22
LA68,22001,Acadia,22
LA69,22033,East Baton Rouge,22
LA71,22053,Jefferson Davis,22
LA72,22045,Iberia,22
LA73,22109,Terrebonne,22
LA74,22101,St. Mary,22
LA75,22055,Lafayette,22
LA76,22099,St. Martin,22
LA77,22009,Avoyelles,22
LA78,22023,Cameron,22
LA79,22105,Tangipahoa,22
LA80,22051,Jefferson,22
LA82,22079,Rapides,22
LA83,22037,East Feliciana,22
LA84,22005,Ascension,22
LA86,22109,Terrebonne,22
LA87,22103,St. Tammany,22
LA90,22001,Acadia,22
LA91,22099,St. Martin,22
LA92,22109,Terrebonne,22
LA93,22071,Orleans,22
LA95,22113,Vermilion,22
LA96,22125,West Feliciana,22
LA98,22075,Plaquemines,22
LA99,22033,East Baton Rouge,22
LL01,17187,Warren,17
LL04,17063,Grundy,17
LL07,17015,Carroll,17
LL08,17011,Bureau,17
LL10,17043,DuPage,17
LL11,17043,DuPage,17
LL12,18089,Lake,18
LL13,17193,White,17
LL14,17097,Lake,17
LL22,17043,DuPage,17
LL24,17091,Kankakee,17
LL25,17099,LaSalle,17
LL26,17163,St. Clair,17
LL27,17109,McDonough,17
LL28,17007,Boone,17
LL29,17021,Christian,17
LL32,17053,Ford,17
LL34,17039,De Witt,17
LL35,17031,Cook,17
LL36,17143,Peoria,17
LL37,17143,Peoria,17
LL38,17195,Whiteside,17
LL39,17063,Grundy,17
LL42,17105,Livingston,17
LL45,17117,Macoupin,17
LL46,17053,Ford,17
LL49,17083,Jersey,17
LL51,17093,Kendall,17
LL52,17099,LaSalle,17
LL53,17089,Kane,17
LL54,17103,Lee,17
LL55,17141,Ogle,17
LL61,17195,Whiteside,17
LL64,17155,Putnam,17
LL65,17155,Putnam,17
LL74,17141,Ogle,17
LL75,17177,Stephenson,17
LL77,17013,Calhoun,17
LL78,17201,Winnebago,17
LL79,17201,Winnebago,17
LL80,17201,Winnebago,17
LL81,17201,Winnebago,17
LL82,17201,Winnebago,17
LL83,17201,Winnebago,17
LL84,17201,Winnebago,17
LL87,17007,Boone,17
LL88,17201,Winnebago,17
LL89,17201,Winnebago,17
LL90,17007,Boone,17
LL94,17201,Winnebago,17
LL95,17043,DuPage,17
LL97,17097,Lake,17
LL98,17123,Marshall,17
LS00,22033,East Baton Rouge,22
LS01,22109,Terrebonne,22
LS02,22105,Tangipahoa,22
LS06,22077,Pointe Coupee,22
LS07,22017,Caddo,22
LNQ,22075,Plaquemines,22
LS10,22019,Calcasieu,22
LS12,22075,Plaquemines,22
LS13,22055,Lafayette,22
LS14,22053,Jefferson Davis,22
LS16,22041,Franklin,22
LS18,22053,Jefferson Davis,22
LS19,22109,Terrebonne,22
LS22,22091,St. Helena,22
LS23,22055,Lafayette,22
LS24,22051,Jefferson,22
LS25,22033,East Baton Rouge,22
LS27,22079,Rapides,22
LS28,22075,Plaquemines,22
LS30,22073,Ouachita,22
LS31,22113,Vermilion,22
LS34,22099,St. Martin,22
LS35,22037,East Feliciana,22
LS36,22053,Jefferson Davis,22
LS37,22019,Calcasieu,22
LS38,22045,Iberia,22
LS39,22033,East Baton Rouge,22
LS40,22089,St. Charles,22
LS41,22017,Caddo,22
LS42,22001,Acadia,22
LS43,22109,Terrebonne,22
LS82,22089,St. Charles,22
LS47,22101,St. Mary,22
LS48,22007,Assumption,22
LS49,22047,Iberville,22
LS51,22103,St. Tammany,22
LS52,22075,Plaquemines,22
LS53,22039,Evangeline,22
LS54,22033,East Baton Rouge,22
LS55,22005,Ascension,22
LS56,22051,Jefferson,22
LS57,22095,St. John the Baptist,22
LS58,22019,Calcasieu,22
LS60,22047,Iberville,22
LS62,22101,St. Mary,22
LS64,22109,Terrebonne,22
LS65,22089,St. Charles,22
LS66,22051,Jefferson,22
LS67,22009,Avoyelles,22
LS68,22113,Vermilion,22
LS70,22053,Jefferson Davis,22
LS71,22057,Lafourche,22
LS72,22053,Jefferson Davis,22
LS73,22075,Plaquemines,22
LS74,22019,Calcasieu,22
LS75,22023,Cameron,22
LS76,22103,St. Tammany,22
LS77,22037,East Feliciana,22
LS78,22017,Caddo,22
LS79,22059,LaSalle,22
LS81,22019,Calcasieu,22
LS83,22107,Tensas,22
LS84,22057,Lafourche,22
LS85,22051,Jefferson,22
LS86,22105,Tangipahoa,22
LS88,22001,Acadia,22
LS89,22125,West Feliciana,22
LS91,22097,St. Landry,22
LS92,22105,Tangipahoa,22
LS93,22109,Terrebonne,22
LS94,22097,St. Landry,22
LS95,22079,Rapides,22
LS96,22051,Jefferson,22
LS97,22089,St. Charles,22
LS98,22085,Sabine,22
LSR,02180,Nome,02
LWD,19053,Decatur,19
M00,23011,Kennebec,23
M06,24015,Cecil,24
M10,35057,Torrance,35
M14,27035,Crow Wing,27
M26,30039,Granite,30
M28,29155,Pemiscot,29
M35,30063,Missoula,30
M38,01089,Madison,01
M49,27005,Becker,27
M57,23007,Franklin,23
M61,26103,Marquette,26
M62,30081,Ravalli,30
M69,27035,Crow Wing,27
M74,05145,White,05
M86,26005,Allegan,26
SYM,21069,Fleming,21
MA01,25021,Norfolk,25
MA02,25017,Middlesex,25
MA03,25005,Bristol,25
MA07,25005,Bristol,25
MA09,25027,Worcester,25
MA10,25017,Middlesex,25
MA11,25007,Dukes,25
MA13,25009,Essex,25
MA14,25009,Essex,25
MA15,25009,Essex,25
MA16,25027,Worcester,25
MA18,25003,Berkshire,25
MA20,25009,Essex,25
MA21,25017,Middlesex,25
MA22,25025,Suffolk,25
MA23,25001,Barnstable,25
MA25,25001,Barnstable,25
MA26,25013,Hampden,25
MA27,25021,Norfolk,25
MA28,25013,Hampden,25
MA29,25001,Barnstable,25
MA30,25027,Worcester,25
MA31,25005,Bristol,25
MA32,25027,Worcester,25
MA33,25009,Essex,25
MA34,25023,Plymouth,25
MA35,25009,Essex,25
MA36,25009,Essex,25
MA37,25001,Barnstable,25
MA38,25027,Worcester,25
MA39,25025,Suffolk,25
MA40,25027,Worcester,25
MA41,25017,Middlesex,25
MA42,25009,Essex,25
MA43,25013,Hampden,25
MA44,25007,Dukes,25
MA45,25023,Plymouth,25
MA46,25027,Worcester,25
MA47,25013,Hampden,25
MA49,25009,Essex,25
MA50,25017,Middlesex,25
MA51,25005,Bristol,25
MA52,25017,Middlesex,25
MA53,25015,Hampshire,25
MA54,25015,Hampshire,25
MA56,25017,Middlesex,25
MA57,25017,Middlesex,25
MA58,25017,Middlesex,25
MA6,25023,Plymouth,25
MA60,25023,Plymouth,25
MA63,25023,Plymouth,25
MA64,25023,Plymouth,25
MA65,25023,Plymouth,25
MA67,25013,Hampden,25
MA68,25013,Hampden,25
MA69,25017,Middlesex,25
MA70,25017,Middlesex,25
MA71,25021,Norfolk,25
MA72,25019,Nantucket,25
MA74,25017,Middlesex,25
MA75,25027,Worcester,25
MA76,25017,Middlesex,25
MA77,25003,Berkshire,25
MA78,25023,Plymouth,25
MA79,25013,Hampden,25
MA80,25013,Hampden,25
MA81,25027,Worcester,25
MA82,25005,Bristol,25
MA83,25027,Worcester,25
MA84,25003,Berkshire,25
MA85,25003,Berkshire,25
MA86,25003,Berkshire,25
MA88,25015,Hampshire,25
MA89,25027,Worcester,25
MA90,25017,Middlesex,25
MA91,25017,Middlesex,25
MA92,25017,Middlesex,25
MA93,25017,Middlesex,25
MA94,25027,Worcester,25
MA95,25013,Hampden,25
MA97,25027,Worcester,25
MA98,25009,Essex,25
MA99,25005,Bristol,25
MD00,24047,Worcester,24
MD01,24037,St. Mary's,24
MD02,24037,St. Mary's,24
MD03,24015,Cecil,24
MD04,24019,Dorchester,24
MD05,24017,Charles,24
MD06,24017,Charles,24
MD08,24025,Harford,24
MD1,24029,Kent,24
MD10,24510,Baltimore,24
MD11,24029,Kent,24
MD12,24021,Frederick,24
MD13,24005,Baltimore,24
MD14,24017,Charles,24
MD19,24035,Queen Anne's,24
MD20,24013,Carroll,24
MD21,24035,Queen Anne's,24
MD22,24003,Anne Arundel,24
MD23,24035,Queen Anne's,24
MD25,24027,Howard,24
MD27,24033,Prince George's,24
MD28,24041,Talbot,24
MD29,24041,Talbot,24
MD31,24025,Harford,24
MD32,24021,Frederick,24
MD33,24019,Dorchester,24
MD35,24045,Wicomico,24
MD36,24003,Anne Arundel,24
MD40,24005,Baltimore,24
MD42,24013,Carroll,24
MD43,24003,Anne Arundel,24
MD45,24037,St. Mary's,24
MD46,24027,Howard,24
MD47,24027,Howard,24
MD48,24005,Baltimore,24
MD49,24045,Wicomico,24
MD50,24009,Calvert,24
MD51,24029,Kent,24
MD52,24039,Somerset,24
MD55,24017,Charles,24
MD56,24013,Carroll,24
MD57,24047,Worcester,24
MD58,24031,Montgomery,24
MD59,24029,Kent,24
MD60,24005,Baltimore,24
MD61,42029,Chester,42
MD62,24035,Queen Anne's,24
MD63,24029,Kent,24
MD64,24041,Talbot,24
MD65,24001,Allegany,24
MD66,24029,Kent,24
MD69,24029,Kent,24
MD70,24035,Queen Anne's,24
MD71,24510,Baltimore,24
MD72,24033,Prince George's,24
MD73,24021,Frederick,24
MD74,24021,Frederick,24
MD75,24021,Frederick,24
MD76,24013,Carroll,24
MD77,24031,Montgomery,24
MD78,24013,Carroll,24
MD81,24003,Anne Arundel,24
MD82,24019,Dorchester,24
MD83,24017,Charles,24
MD86,24021,Frederick,24
MD88,24025,Harford,24
MD91,24035,Queen Anne's,24
MD93,24015,Cecil,24
MD95,24005,Baltimore,24
MD97,24017,Charles,24
MD99,24023,Garrett,24
ME00,23003,Aroostook,23
ME01,23005,Cumberland,23
ME02,23019,Penobscot,23
ME03,23021,Piscataquis,23
ME04,23003,Aroostook,23
ME05,23003,Aroostook,23
ME06,23029,Washington,23
ME07,23009,Hancock,23
ME08,23025,Somerset,23
ME09,23005,Cumberland,23
ME11,23017,Oxford,23
ME12,23001,Androscoggin,23
ME14,23013,Knox,23
ME16,23003,Aroostook,23
ME17,23017,Oxford,23
ME18,23021,Piscataquis,23
ME19,23003,Aroostook,23
ME2,23029,Washington,23
ME20,23025,Somerset,23
ME21,23005,Cumberland,23
ME22,23025,Somerset,23
ME23,23007,Franklin,23
ME24,23013,Knox,23
ME25,23003,Aroostook,23
ME27,23019,Penobscot,23
ME28,23005,Cumberland,23
ME3,23021,Piscataquis,23
ME30,23021,Piscataquis,23
ME32,23021,Piscataquis,23
ME33,23005,Cumberland,23
ME34,23015,Lincoln,23
ME35,23019,Penobscot,23
ME37,23005,Cumberland,23
ME38,23003,Aroostook,23
ME39,23001,Androscoggin,23
ME41,23013,Knox,23
ME42,23005,Cumberland,23
ME43,23021,Piscataquis,23
ME45,23031,York,23
ME46,23031,York,23
ME47,23025,Somerset,23
ME48,23003,Aroostook,23
ME49,23021,Piscataquis,23
ME5,23009,Hancock,23
ME51,23005,Cumberland,23
ME52,23029,Washington,23
ME55,23013,Knox,23
ME57,23031,York,23
ME58,23029,Washington,23
ME59,23015,Lincoln,23
ME6,23001,Androscoggin,23
ME60,23011,Kennebec,23
ME62,23025,Somerset,23
ME63,23017,Oxford,23
ME64,23031,York,23
ME65,23023,Sagadahoc,23
ME66,23005,Cumberland,23
ME67,23003,Aroostook,23
ME68,23019,Penobscot,23
ME69,23001,Androscoggin,23
ME70,23025,Somerset,23
ME72,23025,Somerset,23
ME74,23019,Penobscot,23
ME75,23001,Androscoggin,23
ME76,23013,Knox,23
ME77,23009,Hancock,23
ME79,23021,Piscataquis,23
ME80,23005,Cumberland,23
ME83,23031,York,23
ME84,23017,Oxford,23
ME85,23021,Piscataquis,23
ME86,23021,Piscataquis,23
ME87,23031,York,23
ME88,23029,Washington,23
ME89,23031,York,23
ME90,23031,York,23
ME91,23005,Cumberland,23
ME92,23007,Franklin,23
ME93,23031,York,23
ME95,23001,Androscoggin,23
ME96,23005,Cumberland,23
ME98,23005,Cumberland,23
MFN,02170,Matanuska-Susitna,02
84NE,31091,Hooker,31
6Y4,26103,Marquette,26
MI01,26147,St. Clair,26
MI02,26163,Wayne,26
MI05,26049,Genesee,26
MI07,26163,Wayne,26
MI08,26099,Macomb,26
MI10,26037,Clinton,26
MI11,26045,Eaton,26
MI13,26117,Montcalm,26
MI14,26161,Washtenaw,26
MI15,26147,St. Clair,26
MI18,26049,Genesee,26
MI20,26161,Washtenaw,26
MI22,26027,Cass,26
MI23,26145,Saginaw,26
MI24,26029,Charlevoix,26
MI25,26021,Berrien,26
MI27,26093,Livingston,26
MI28,26111,Midland,26
MI29,26161,Washtenaw,26
MI32,26161,Washtenaw,26
MI34,26011,Arenac,26
MI35,26025,Calhoun,26
MI40,26163,Wayne,26
MI41,26147,St. Clair,26
MI42,26121,Muskegon,26
MI44,26073,Isabella,26
MI45,26125,Oakland,26
MI46,26125,Oakland,26
MI48,26115,Monroe,26
MI49,26059,Hillsdale,26
MI52,26161,Washtenaw,26
MI53,26115,Monroe,26
MI54,26115,Monroe,26
56C,26067,Ionia,26
MI57,26099,Macomb,26
MI59,26125,Oakland,26
MI60,26079,Kalkaska,26
MI61,26163,Wayne,26
MI62,26007,Alpena,26
MI63,26081,Kent,26
MI64,26077,Kalamazoo,26
MI65,26015,Barry,26
MI66,26091,Lenawee,26
MI67,26081,Kent,26
MI68,26021,Berrien,26
MI70,26091,Lenawee,26
MI71,26127,Oceana,26
MI74,26163,Wayne,26
MI75,26009,Antrim,26
MI76,26005,Allegan,26
MI78,26139,Ottawa,26
MI80,26081,Kent,26
MI81,26125,Oakland,26
MI82,26139,Ottawa,26
MI83,26145,Saginaw,26
MI84,26159,Van Buren,26
MI85,26023,Branch,26
MI86,26121,Muskegon,26
MI87,26021,Berrien,26
MI88,26005,Allegan,26
MI90,26027,Cass,26
MI96,26163,Wayne,26
MI97,26081,Kent,26
MI98,26161,Washtenaw,26
D99,26147,St. Clair,26
MN00,27021,Cass,27
MN01,27107,Norman,27
MN02,27019,Carver,27
MN05,27007,Beltrami,27
MN06,27119,Polk,27
MN07,27003,Anoka,27
MN08,27013,Blue Earth,27
MN09,27037,Dakota,27
MN10,27053,Hennepin,27
MN11,27151,Swift,27
MN12,27057,Hubbard,27
MN13,27007,Beltrami,27
MN14,27043,Faribault,27
MN16,27137,St. Louis,27
MN17,27035,Crow Wing,27
MN18,27035,Crow Wing,27
MN19,27171,Wright,27
MN24,27003,Anoka,27
MN25,27087,Mahnomen,27
MN27,27053,Hennepin,27
MN28,27093,Meeker,27
MN31,27093,Meeker,27
MN32,27109,Olmsted,27
MN33,27137,St. Louis,27
MN34,27099,Mower,27
MN35,27137,St. Louis,27
MN36,27145,Stearns,27
MN39,27169,Winona,27
MN40,27141,Sherburne,27
MN41,27085,McLeod,27
MN42,27119,Polk,27
MN43,27065,Kanabec,27
MN44,27041,Douglas,27
MN45,27037,Dakota,27
MN47,27059,Isanti,27
MN48,27137,St. Louis,27
MN49,27131,Rice,27
MN50,27089,Marshall,27
MN52,27061,Itasca,27
MN56,27109,Olmsted,27
MN57,27115,Pine,27
MN58,27037,Dakota,27
MN59,27131,Rice,27
MN62,27085,McLeod,27
MN63,27139,Scott,27
MN65,27093,Meeker,27
MN66,27053,Hennepin,27
MN67,27139,Scott,27
MN69,27053,Hennepin,27
MN70,27015,Brown,27
MN74,27043,Faribault,27
MN75,27001,Aitkin,27
MN76,27139,Scott,27
MN77,27027,Clay,27
MN80,27053,Hennepin,27
MN81,27119,Polk,27
MN83,27071,Koochiching,27
MN85,27095,Mille Lacs,27
MN86,27057,Hubbard,27
MN87,27003,Anoka,27
MN88,27093,Meeker,27
MN89,27111,Otter Tail,27
MN90,27133,Rock,27
MN91,27141,Sherburne,27
MN92,27137,St. Louis,27
MN94,27095,Mille Lacs,27
MN95,27111,Otter Tail,27
MN99,27085,McLeod,27
MO00,29009,Barry,29
MO01,29077,Greene,29
MO03,29099,Jefferson,29
MO05,29095,Jackson,29
MO07,29139,Montgomery,29
MO08,29159,Pettis,29
MO09,29111,Lewis,29
MO10,29019,Boone,29
MO11,29173,Ralls,29
MO12,29189,St. Louis,29
MO14,29167,Polk,29
MO16,29097,Jasper,29
MO17,29005,Atchison,29
MO19,29051,Cole,29
MO2,29077,Greene,29
MO20,29217,Vernon,29
MO21,29095,Jackson,29
MO22,29097,Jasper,29
MO23,29135,Moniteau,29
MO24,29087,Holt,29
MO26,29047,Clay,29
MO27,29025,Caldwell,29
MO28,29095,Jackson,29
MO29,29037,Cass,29
MO30,29141,Morgan,29
MO31,29043,Christian,29
MO32,29009,Barry,29
MO33,29097,Jasper,29
MO35,29113,Lincoln,29
MO37,29037,Cass,29
MO38,29213,Taney,29
MO39,29113,Lincoln,29
MO40,29065,Dent,29
MO41,29113,Lincoln,29
MO43,29139,Montgomery,29
MO44,29183,St. Charles,29
MO45,29139,Montgomery,29
MO46,29163,Pike,29
MO47,29007,Audrain,29
MU43,29021,Buchanan,29
MO49,29145,Newton,29
MO5,29035,Carter,29
MO50,29031,Cape Girardeau,29
MO51,29165,Platte,29
MO54,29207,Stoddard,29
MO55,29510,St. Louis,29
MO56,29153,Ozark,29
MO57,29143,New Madrid,29
MO58,29181,Ripley,29
MO59,29113,Lincoln,29
MO60,29189,St. Louis,29
MO04,29009,Barry,29
MO63,29165,Platte,29
MO64,29209,Stone,29
MO65,29213,Taney,29
MO66,29043,Christian,29
MO67,29023,Butler,29
MO68,29077,Greene,29
MO69,29095,Jackson,29
MO7,17163,St. Clair,17
MO70,29147,Nodaway,29
MO71,29049,Clinton,29
MO72,29035,Carter,29
MO73,29223,Wayne,29
MO74,29019,Boone,29
MO75,29083,Henry,29
MO76,29169,Pulaski,29
MO77,29067,Douglas,29
MO78,29151,Osage,29
5MU9,29093,Iron,29
MO80,29229,Wright,29
MO81,29187,St. Francois,29
MO82,29199,Scotland,29
MO83,29211,Sullivan,29
MO84,29093,Iron,29
MO85,29225,Webster,29
MO86,29139,Montgomery,29
MO87,29095,Jackson,29
MO91,29510,St. Louis,29
MO92,29189,St. Louis,29
MO93,29113,Lincoln,29
MO94,29049,Clinton,29
MO96,29179,Reynolds,29
MO97,29183,St. Charles,29
MO98,29037,Cass,29
MO99,29015,Benton,29
MS01,28011,Bolivar,28
MS02,28059,Jackson,28
MS03,28011,Bolivar,28
MS05,28151,Washington,28
MS06,28163,Yazoo,28
MS07,28049,Hinds,28
MS08,28121,Rankin,28
MS09,28011,Bolivar,28
MS10,28053,Humphreys,28
MS11,28121,Rankin,28
MS13,28151,Washington,28
MS14,28009,Benton,28
MS15,28151,Washington,28
MS16,28083,Leflore,28
MS17,28047,Harrison,28
MS18,28003,Alcorn,28
MS19,28059,Jackson,28
MS21,28133,Sunflower,28
MS24,28049,Hinds,28
MS26,28039,George,28
MS27,28059,Jackson,28
MS28,28021,Claiborne,28
MS29,28089,Madison,28
MS30,28151,Washington,28
MS31,28107,Panola,28
MS32,28075,Lauderdale,28
MS35,28055,Issaquena,28
MS36,28089,Madison,28
MS37,28011,Bolivar,28
MS38,28135,Tallahatchie,28
MS39,28129,Smith,28
MS40,28051,Holmes,28
MS41,28135,Tallahatchie,28
MS42,28089,Madison,28
MS43,28149,Warren,28
MS44,28083,Leflore,28
MS45,22107,Tensas,22
MS46,28049,Hinds,28
MS47,28113,Pike,28
MS48,28109,Pearl River,28
MS49,28005,Amite,28
MS50,28077,Lawrence,28
MS51,28085,Lincoln,28
MS54,28161,Yalobusha,28
MS55,28093,Marshall,28
MS56,28095,Monroe,28
MS57,28157,Wilkinson,28
MS58,28121,Rankin,28
MS59,28021,Claiborne,28
MS60,28047,Harrison,28
MS61,28109,Pearl River,28
MS63,28095,Monroe,28
MS64,28033,DeSoto,28
MS65,28033,DeSoto,28
MS67,28047,Harrison,28
MS69,28121,Rankin,28
MS70,28099,Neshoba,28
MS71,28089,Madison,28
MS72,28059,Jackson,28
MS73,28141,Tishomingo,28
MS75,28151,Washington,28
MS76,28013,Calhoun,28
MS77,28133,Sunflower,28
MS79,28149,Warren,28
MS80,28013,Calhoun,28
MS81,28035,Forrest,28
MS82,28047,Harrison,28
MS84,28035,Forrest,28
MS85,28011,Bolivar,28
MS86,28151,Washington,28
MS87,28059,Jackson,28
MS88,28109,Pearl River,28
MS89,28047,Harrison,28
MS90,28121,Rankin,28
MS91,28049,Hinds,28
MS93,28109,Pearl River,28
MS94,28027,Coahoma,28
MS95,28011,Bolivar,28
MS96,28099,Neshoba,28
MT01,30015,Chouteau,30
MT02,30101,Toole,30
MT03,30029,Flathead,30
MT04,30105,Valley,30
MT05,30011,Carter,30
MT06,30049,Lewis and Clark,30
MT08,30071,Phillips,30
MT10,30029,Flathead,30
MT14,30093,Silver Bow,30
MT15,30049,Lewis and Clark,30
MT18,30029,Flathead,30
MT19,30047,Lake,30
MT20,30109,Wibaux,30
MT23,30063,Missoula,30
MT25,30111,Yellowstone,30
MT27,30013,Cascade,30
MT28,30029,Flathead,30
MT29,30017,Custer,30
MT30,30081,Ravalli,30
MT31,30027,Fergus,30
MT32,30081,Ravalli,30
MT33,30013,Cascade,30
MT35,30049,Lewis and Clark,30
MT37,30029,Flathead,30
MT38,30085,Roosevelt,30
MT39,30063,Missoula,30
MT49,30013,Cascade,30
MT41,30043,Jefferson,30
MT42,30031,Gallatin,30
MT43,30043,Jefferson,30
MT44,30063,Missoula,30
MT45,30011,Carter,30
MT47,30001,Beaverhead,30
MT48,30067,Park,30
MT50,30011,Carter,30
MT51,30105,Valley,30
MT52,30063,Missoula,30
MT53,30029,Flathead,30
MT54,30029,Flathead,30
MT55,30111,Yellowstone,30
MT58,30055,McCone,30
MT60,30029,Flathead,30
MT64,30061,Mineral,30
MT65,30027,Fergus,30
MT67,30039,Granite,30
MT69,30089,Sanders,30
MT70,30013,Cascade,30
MT71,30031,Gallatin,30
MT72,30081,Ravalli,30
MT76,30013,Cascade,30
MT77,30015,Chouteau,30
MT78,30089,Sanders,30
MT79,30027,Fergus,30
MT80,30055,McCone,30
MT83,30049,Lewis and Clark,30
MT86,30049,Lewis and Clark,30
MT88,30029,Flathead,30
MT94,30031,Gallatin,30
MT95,30029,Flathead,30
MT97,30089,Sanders,30
MT99,30009,Carbon,30
MTF,02090,Fairbanks North Star,02
MU00,29137,Monroe,29
MU01,29209,Stone,29
MU02,29219,Warren,29
MU04,29143,New Madrid,29
MU05,29510,St. Louis,29
MU07,29013,Bates,29
MU08,29095,Jackson,29
MU09,29147,Nodaway,29
MU10,29031,Cape Girardeau,29
MU11,29141,Morgan,29
MU14,29151,Osage,29
MU15,29123,Madison,29
MU16,29061,Daviess,29
MU17,29177,Ray,29
MU18,29219,Warren,29
MU20,29107,Lafayette,29
MU21,29073,Gasconade,29
MU23,29019,Boone,29
MU24,29213,Taney,29
MU25,29215,Texas,29
MU26,29037,Cass,29
MU27,29057,Dade,29
MU29,29023,Butler,29
MU30,29183,St. Charles,29
MU32,29019,Boone,29
0MO6,29103,Knox,29
MU34,29203,Shannon,29
MU35,29147,Nodaway,29
MU36,29029,Camden,29
MU37,29019,Boone,29
MU38,29211,Sullivan,29
MU39,29077,Greene,29
MU40,29137,Monroe,29
MU41,29009,Barry,29
MU44,29215,Texas,29
MU45,29201,Scott,29
MU47,29175,Randolph,29
MU48,29153,Ozark,29
MU49,29175,Randolph,29
MU50,29175,Randolph,29
MU51,29510,St. Louis,29
MU52,29510,St. Louis,29
MU53,29069,Dunklin,29
MU54,29115,Linn,29
MU57,29105,Laclede,29
MU58,29095,Jackson,29
MU59,29077,Greene,29
MU60,29101,Johnson,29
MU61,29037,Cass,29
MU62,29037,Cass,29
MU63,29225,Webster,29
MU64,29051,Cole,29
MU65,29187,St. Francois,29
MU66,29113,Lincoln,29
MU67,29095,Jackson,29
MU68,29073,Gasconade,29
MU69,29185,St. Clair,29
MU70,29043,Christian,29
MU72,29071,Franklin,29
MU73,29043,Christian,29
MU75,29051,Cole,29
MU76,29155,Pemiscot,29
MU77,29089,Howard,29
MU78,29169,Pulaski,29
MU79,29155,Pemiscot,29
MU84,29095,Jackson,29
MU85,29095,Jackson,29
MU86,29215,Texas,29
MU88,29023,Butler,29
MU89,29113,Lincoln,29
MU90,29095,Jackson,29
MU91,29029,Camden,29
MU92,29001,Adair,29
MU93,29105,Laclede,29
MU94,29085,Hickory,29
MU98,29009,Barry,29
U64,49037,San Juan,49
MY00,27165,Watonwan,27
MY01,27119,Polk,27
MY02,27139,Scott,27
MY06,27105,Nobles,27
MY07,27167,Wilkin,27
MY10,27055,Houston,27
MY11,27099,Mower,27
MY12,27117,Pipestone,27
MY15,27097,Morrison,27
MY18,27003,Anoka,27
MY19,27151,Swift,27
MY20,27053,Hennepin,27
MY21,27123,Ramsey,27
MY22,27095,Mille Lacs,27
MY23,27019,Carver,27
MY24,27057,Hubbard,27
MY26,27079,Le Sueur,27
MY27,27005,Becker,27
MY28,27025,Chisago,27
MY29,27005,Becker,27
MY32,27035,Crow Wing,27
MY33,27123,Ramsey,27
MY34,27139,Scott,27
MY35,27163,Washington,27
MY37,27109,Olmsted,27
MY38,27137,St. Louis,27
MY44,27067,Kandiyohi,27
MY46,27103,Nicollet,27
MY47,27145,Stearns,27
MY48,27141,Sherburne,27
MY50,27049,Goodhue,27
MY54,27007,Beltrami,27
MY55,27035,Crow Wing,27
MY56,27137,St. Louis,27
MY57,27145,Stearns,27
MY58,27151,Swift,27
MY59,27119,Polk,27
MY60,27111,Otter Tail,27
MY62,27021,Cass,27
MY64,27027,Clay,27
MY65,27053,Hennepin,27
MY66,27097,Morrison,27
MY68,27155,Traverse,27
MY72,27095,Mille Lacs,27
MY74,27141,Sherburne,27
MY76,27137,St. Louis,27
MY77,27053,Hennepin,27
MY79,27123,Ramsey,27
MY80,27091,Martin,27
MY83,27021,Cass,27
MY84,27015,Brown,27
MY86,27171,Wright,27
MY87,27145,Stearns,27
MY89,27115,Pine,27
MY90,27025,Chisago,27
MY91,27041,Douglas,27
MY92,27059,Isanti,27
MY93,27111,Otter Tail,27
MY94,27017,Carlton,27
MY95,27059,Isanti,27
MY96,27131,Rice,27
MY97,27037,Dakota,27
MY98,27027,Clay,27
MY99,27027,Clay,27
N01,35021,Harding,35
N02,35055,Taos,35
N05,34041,Warren,34
N07,34027,Morris,34
N08,37147,Pitt,37
N09,09005,Litchfield,09
32PA,42091,Montgomery,42
N15,32015,Lander,32
N16,42027,Centre,42
N17,35019,Guadalupe,35
NR32,37133,Onslow,37
N22,37133,Onslow,37
N25,36095,Schoharie,36
N26,37153,Richmond,37
N29,35053,Socorro,35
N30,42127,Wayne,42
N33,34027,Morris,34
N39,37021,Buncombe,37
N41,09005,Litchfield,09
N42,42041,Cumberland,42
N43,42095,Northampton,42
N45,36111,Ulster,36
N46,37179,Union,37
N48,42091,Montgomery,42
N50,34011,Cumberland,34
N56,36009,Cattaraugus,36
N61,37001,Alamance,37
N63,37169,Stokes,37
65NK,36001,Albany,36
N72,36071,Orange,36
N74,42027,Centre,42
N83,37081,Guilford,37
N85,34019,Hunterdon,34
N86,32031,Washoe,32
N88,37081,Guilford,37
N92,37035,Catawba,37
N95,42041,Cumberland,42
N97,37057,Davidson,37
NA01,38097,Traill,38
NA02,38035,Grand Forks,38
NA03,38009,Bottineau,38
NA05,38073,Ransom,38
NA06,38005,Benson,38
NA07,38009,Bottineau,38
NA10,38095,Towner,38
NA12,38055,McLean,38
NA13,38049,McHenry,38
NA17,38017,Cass,38
NA18,38105,Williams,38
NA21,38077,Richland,38
NA22,38011,Bowman,38
NA32,38093,Stutsman,38
NA33,38069,Pierce,38
NA38,38005,Benson,38
NA39,38101,Ward,38
NA44,38027,Eddy,38
NA49,38069,Pierce,38
NA54,38029,Emmons,38
NA55,38077,Richland,38
NA56,38077,Richland,38
NA60,38017,Cass,38
NA61,38007,Billings,38
NA63,38023,Divide,38
NA65,38099,Walsh,38
NA67,38067,Pembina,38
NA70,38027,Eddy,38
NA71,38043,Kidder,38
NA73,38049,McHenry,38
NA75,38103,Wells,38
NA79,38055,McLean,38
NA81,38097,Traill,38
NA84,38093,Stutsman,38
NA86,38091,Steele,38
NA88,38015,Burleigh,38
NA90,38055,McLean,38
27ND,38105,Williams,38
NA98,38087,Slope,38
NA99,38077,Richland,38
NBV,12005,Bay,12
NC00,37105,Lee,37
NC01,37143,Perquimans,37
NC02,37161,Rutherford,37
NC03,37151,Randolph,37
NC04,37189,Watauga,37
NC05,37119,Mecklenburg,37
NC06,37011,Avery,37
NC07,37011,Avery,37
NC08,37043,Clay,37
NC09,37097,Iredell,37
NC10,37185,Warren,37
NC11,37183,Wake,37
NC12,37013,Beaufort,37
NC13,37151,Randolph,37
NC14,37189,Watauga,37
NC15,37097,Iredell,37
NC16,37175,Transylvania,37
NC17,37031,Carteret,37
NC19,37025,Cabarrus,37
NC20,37049,Craven,37
NC21,37179,Union,37
NC22,37163,Sampson,37
NC23,37101,Johnston,37
NC24,37119,Mecklenburg,37
NC25,37159,Rowan,37
NC26,37035,Catawba,37
NC27,37027,Caldwell,37
NC28,37139,Pasquotank,37
NC29,37159,Rowan,37
NC30,37159,Rowan,37
NC31,37151,Randolph,37
NC32,37059,Davie,37
NC33,37111,McDowell,37
NC34,37135,Orange,37
NC37,37157,Rockingham,37
NC38,37035,Catawba,37
NC39,37159,Rowan,37
NC40,37145,Person,37
NC41,37025,Cabarrus,37
NC42,37197,Yadkin,37
NC43,37019,Brunswick,37
NC44,37085,Harnett,37
NC45,37083,Halifax,37
NC46,37159,Rowan,37
05N,37147,Pitt,37
NC48,37061,Duplin,37
NC49,37147,Pitt,37
NC50,37009,Ashe,37
NC51,37083,Halifax,37
NC52,37023,Burke,37
NC53,37039,Cherokee,37
NC54,37031,Carteret,37
NC55,37119,Mecklenburg,37
NC56,37181,Vance,37
NC57,37049,Craven,37
NC58,37003,Alexander,37
NC59,37003,Alexander,37
NC60,37025,Cabarrus,37
NC61,37029,Camden,37
NC62,37123,Montgomery,37
NC63,37067,Forsyth,37
NC64,37159,Rowan,37
NC65,37017,Bladen,37
NC66,37083,Halifax,37
NC67,37021,Buncombe,37
NC68,37035,Catawba,37
NC69,37163,Sampson,37
7NC,37187,Washington,37
NC71,37155,Robeson,37
NC72,37101,Johnston,37
NC73,37095,Hyde,37
NC74,37151,Randolph,37
NC75,37097,Iredell,37
NC77,37025,Cabarrus,37
NC80,37031,Carteret,37
NC81,37183,Wake,37
NC82,37017,Bladen,37
NC83,37051,Cumberland,37
NC85,37163,Sampson,37
NC86,37017,Bladen,37
NC88,37055,Dare,37
NC89,37013,Beaufort,37
NC90,37119,Mecklenburg,37
NC91,37147,Pitt,37
NC92,37063,Durham,37
NC93,37159,Rowan,37
NC94,37017,Bladen,37
NC95,37021,Buncombe,37
NC96,37085,Harnett,37
NC97,37045,Cleveland,37
NC98,37029,Camden,37
NC99,37183,Wake,37
NCL,51710,Norfolk,51
NCY,51199,York,51
ND01,38017,Cass,38
ND02,38063,Nelson,38
ND05,38053,McKenzie,38
ND07,38017,Cass,38
ND08,38083,Sheridan,38
ND09,38003,Barnes,38
ND11,38015,Burleigh,38
ND12,38029,Emmons,38
ND14,38099,Walsh,38
ND15,38065,Oliver,38
ND16,38025,Dunn,38
ND18,38075,Renville,38
ND19,38039,Griggs,38
ND20,38035,Grand Forks,38
ND21,38085,Sioux,38
ND22,38055,McLean,38
ND23,38017,Cass,38
ND24,38035,Grand Forks,38
ND25,38053,McKenzie,38
ND26,38053,McKenzie,38
ND27,38103,Wells,38
ND28,38095,Towner,38
ND30,38015,Burleigh,38
ND33,38043,Kidder,38
ND35,38003,Barnes,38
ND40,38093,Stutsman,38
ND41,38029,Emmons,38
ND42,38101,Ward,38
ND43,38101,Ward,38
ND44,38055,McLean,38
ND45,38017,Cass,38
ND46,38015,Burleigh,38
ND47,38017,Cass,38
ND48,38017,Cass,38
ND49,38077,Richland,38
ND50,38057,Mercer,38
ND52,38017,Cass,38
ND53,38017,Cass,38
ND54,38043,Kidder,38
ND55,38093,Stutsman,38
ND56,38055,McLean,38
ND59,38017,Cass,38
ND60,38035,Grand Forks,38
ND62,38089,Stark,38
ND64,38027,Eddy,38
ND65,38065,Oliver,38
ND68,38017,Cass,38
ND72,38083,Sheridan,38
ND73,38017,Cass,38
ND74,38017,Cass,38
ND75,38083,Sheridan,38
ND78,38017,Cass,38
ND81,38067,Pembina,38
ND82,38105,Williams,38
ND83,38103,Wells,38
ND84,38027,Eddy,38
ND85,38029,Emmons,38
ND86,38105,Williams,38
ND89,38093,Stutsman,38
ND90,38081,Sargent,38
ND96,38015,Burleigh,38
ND98,38015,Burleigh,38
ND99,38017,Cass,38
NE01,31181,Webster,31
NE02,31173,Thurston,31
NE03,31031,Cherry,31
NE04,31181,Webster,31
NE05,31109,Lancaster,31
NE06,31015,Boyd,31
NE08,31029,Chase,31
NE09,31119,Madison,31
NE10,31055,Douglas,31
NE12,31121,Merrick,31
NE14,31101,Keith,31
NE16,31047,Dawson,31
NE17,31093,Howard,31
NE18,31159,Seward,31
NE20,31133,Pawnee,31
NE21,31083,Harlan,31
NE22,31111,Lincoln,31
NE25,31111,Lincoln,31
NE26,31155,Saunders,31
NE28,31055,Douglas,31
NE29,31099,Kearney,31
NE30,31137,Phelps,31
NE32,31013,Box Butte,31
NE34,31033,Cheyenne,31
NE35,31169,Thayer,31
NE38,31079,Hall,31
NE40,31109,Lancaster,31
NE41,31157,Scotts Bluff,31
NE42,31109,Lancaster,31
NE43,31155,Saunders,31
NE44,31003,Antelope,31
NE48,31055,Douglas,31
NE49,31153,Sarpy,31
NE55,31147,Richardson,31
NE56,31055,Douglas,31
NE57,31067,Gage,31
NE59,31109,Lancaster,31
NE60,31109,Lancaster,31
NE62,31119,Madison,31
NE65,31159,Seward,31
NE67,31179,Wayne,31
NE68,31119,Madison,31
NE69,31025,Cass,31
NE71,31055,Douglas,31
NE75,31043,Dakota,31
NE76,31079,Hall,31
NE77,31019,Buffalo,31
NE78,31167,Stanton,31
NE79,31109,Lancaster,31
NE80,31109,Lancaster,31
NE81,31015,Boyd,31
NE82,31025,Cass,31
NE84,31081,Hamilton,31
NE86,31035,Clay,31
NE87,31129,Nuckolls,31
NE88,31109,Lancaster,31
NE90,31001,Adams,31
NE92,31067,Gage,31
NE94,31151,Saline,31
NE95,31087,Hitchcock,31
NH01,33017,Strafford,33
NH02,33001,Belknap,33
NH03,33011,Hillsborough,33
NH04,33011,Hillsborough,33
NH05,33011,Hillsborough,33
NH06,33015,Rockingham,33
NH07,33013,Merrimack,33
NH08,33007,Coos,33
NH09,33015,Rockingham,33
NH10,33003,Carroll,33
NH11,33009,Grafton,33
NH12,33013,Merrimack,33
NH13,33013,Merrimack,33
NH14,33011,Hillsborough,33
NH15,33001,Belknap,33
NH16,33011,Hillsborough,33
NH17,33011,Hillsborough,33
NH18,33003,Carroll,33
NH19,33019,Sullivan,33
NH20,33001,Belknap,33
NH21,33003,Carroll,33
NH22,33007,Coos,33
NH23,33009,Grafton,33
NH24,33009,Grafton,33
NH26,33011,Hillsborough,33
NH27,33003,Carroll,33
NH28,33011,Hillsborough,33
NH29,33009,Grafton,33
NH30,33003,Carroll,33
NH31,33003,Carroll,33
NH32,33015,Rockingham,33
NH33,33013,Merrimack,33
NH35,33015,Rockingham,33
NH36,33007,Coos,33
NH37,33011,Hillsborough,33
NH38,33003,Carroll,33
NH39,33005,Cheshire,33
NH40,33013,Merrimack,33
NH41,33011,Hillsborough,33
NH42,33011,Hillsborough,33
NH43,33015,Rockingham,33
NH44,33011,Hillsborough,33
NH45,33015,Rockingham,33
NH46,33011,Hillsborough,33
NH47,33011,Hillsborough,33
NH49,33009,Grafton,33
NH50,33015,Rockingham,33
NH51,33003,Carroll,33
NH52,33013,Merrimack,33
NH53,33011,Hillsborough,33
NH54,33015,Rockingham,33
NH55,33015,Rockingham,33
NH56,33017,Strafford,33
NH57,33015,Rockingham,33
NH58,33013,Merrimack,33
NH59,33013,Merrimack,33
NH60,33011,Hillsborough,33
NH61,33015,Rockingham,33
NH63,33015,Rockingham,33
NH65,33011,Hillsborough,33
NH67,33015,Rockingham,33
NH68,33001,Belknap,33
NH69,33003,Carroll,33
NH73,33003,Carroll,33
NH74,33013,Merrimack,33
NH75,33013,Merrimack,33
NH76,33011,Hillsborough,33
NH77,33001,Belknap,33
NH78,33011,Hillsborough,33
NH79,33015,Rockingham,33
NH80,33011,Hillsborough,33
NH81,33013,Merrimack,33
NH82,33009,Grafton,33
NH83,33013,Merrimack,33
NH84,33015,Rockingham,33
NH85,33003,Carroll,33
NH86,33013,Merrimack,33
NH87,33009,Grafton,33
NH88,33013,Merrimack,33
NH92,33009,Grafton,33
NH93,33011,Hillsborough,33
NH94,33011,Hillsborough,33
NH96,33009,Grafton,33
NH98,33015,Rockingham,33
NH99,33013,Merrimack,33
NJ00,34003,Bergen,34
NJ01,34007,Camden,34
NJ04,34007,Camden,34
NJ05,34025,Monmouth,34
NJ06,34011,Cumberland,34
NJ08,34009,Cape May,34
NJ09,34041,Warren,34
NJ10,34023,Middlesex,34
NJ12,34013,Essex,34
NJ16,34019,Hunterdon,34
NJ17,34007,Camden,34
NJ19,34005,Burlington,34
NJ20,34005,Burlington,34
NJ22,34003,Bergen,34
NJ23,34005,Burlington,34
NJ24,34005,Burlington,34
NJ25,34015,Gloucester,34
NJ26,34031,Passaic,34
NJ27,34027,Morris,34
NJ28,34025,Monmouth,34
NJ29,34023,Middlesex,34
NJ30,34033,Salem,34
NJ32,10003,New Castle,10
NJ33,34041,Warren,34
NJ35,34013,Essex,34
NJ36,34013,Essex,34
NJ37,34013,Essex,34
NJ38,34013,Essex,34
NJ40,34025,Monmouth,34
NJ41,34037,Sussex,34
NJ43,34023,Middlesex,34
NJ44,34039,Union,34
NJ46,34025,Monmouth,34
NJ47,34019,Hunterdon,34
NJ48,34001,Atlantic,34
NJ50,34019,Hunterdon,34
NJ51,34027,Morris,34
NJ53,34023,Middlesex,34
NJ54,34003,Bergen,34
NJ55,34025,Monmouth,34
NJ56,34025,Monmouth,34
NJ59,34025,Monmouth,34
NJ60,34025,Monmouth,34
NJ61,34019,Hunterdon,34
NJ62,34005,Burlington,34
NJ63,34019,Hunterdon,34
NJ65,34041,Warren,34
NJ69,34001,Atlantic,34
NJ70,34041,Warren,34
NJ71,34029,Ocean,34
NJ72,34025,Monmouth,34
NJ73,34025,Monmouth,34
NJ74,34033,Salem,34
NJ75,34023,Middlesex,34
NJ76,34023,Middlesex,34
NJ77,34041,Warren,34
NJ78,34017,Hudson,34
NJ79,34019,Hunterdon,34
NJ80,34013,Essex,34
NJ81,34011,Cumberland,34
NJ82,34039,Union,34
NJ83,36085,Richmond,36
NJ84,34033,Salem,34
NJ85,34035,Somerset,34
NJ87,34013,Essex,34
NJ88,34037,Sussex,34
NJ89,34029,Ocean,34
NJ90,34025,Monmouth,34
NJ91,34035,Somerset,34
NJ92,34013,Essex,34
NJ93,34023,Middlesex,34
NJ94,34007,Camden,34
NJ95,34019,Hunterdon,34
NJ97,34005,Burlington,34
NJ99,34025,Monmouth,34
NK0,36067,Onondaga,36
NK01,36045,Jefferson,36
NK04,36075,Oswego,36
NK05,36109,Tompkins,36
NK07,36071,Orange,36
NK08,36111,Ulster,36
NK09,36097,Schuyler,36
NK10,36101,Steuben,36
NK11,36031,Essex,36
NK13,36083,Rensselaer,36
NK14,36025,Delaware,36
NK15,36041,Hamilton,36
NK16,36089,St. Lawrence,36
NK17,36115,Washington,36
NK18,36103,Suffolk,36
NK19,36029,Erie,36
NK23,36105,Sullivan,36
NK24,36097,Schuyler,36
NK25,36063,Niagara,36
NK26,36043,Herkimer,36
NK27,36009,Cattaraugus,36
NK28,36021,Columbia,36
NK29,36025,Delaware,36
NK30,36047,Kings,36
NK31,36073,Orleans,36
NK33,36001,Albany,36
NK34,36065,Oneida,36
NK35,36011,Cayuga,36
NK37,36059,Nassau,36
NK38,36111,Ulster,36
NK39,36047,Kings,36
NK40,36119,Westchester,36
NK67,36103,Suffolk,36
NK42,36103,Suffolk,36
NK43,36001,Albany,36
NK45,36103,Suffolk,36
NK48,36103,Suffolk,36
NK49,36107,Tioga,36
NK50,36057,Montgomery,36
NK53,36015,Chemung,36
NK54,36015,Chemung,36
NK55,36067,Onondaga,36
NK56,36027,Dutchess,36
NK57,36063,Niagara,36
NK58,36029,Erie,36
NK61,36093,Schenectady,36
NK64,36001,Albany,36
NK65,36013,Chautauqua,36
NK68,36025,Delaware,36
NK71,36067,Onondaga,36
NK72,36109,Tompkins,36
NK74,36011,Cayuga,36
NK75,36089,St. Lawrence,36
NK76,36069,Ontario,36
NK77,36063,Niagara,36
NK78,36119,Westchester,36
NK79,36071,Orange,36
NK80,36063,Niagara,36
NK85,36119,Westchester,36
NK87,36029,Erie,36
NK89,36097,Schuyler,36
NK90,36119,Westchester,36
NK91,36095,Schoharie,36
NK92,36059,Nassau,36
NK95,36071,Orange,36
NK96,36027,Dutchess,36
NM00,35001,Bernalillo,35
NM01,35053,Socorro,35
NM02,35001,Bernalillo,35
NM06,35049,Santa Fe,35
NM07,35061,Valencia,35
NM08,35029,Luna,35
NM09,35029,Luna,35
NM10,35021,Harding,35
NM11,35001,Bernalillo,35
NM17,35021,Harding,35
NM40,35061,Valencia,35
NM19,35027,Lincoln,35
NM22,35051,Sierra,35
NM24,35039,Rio Arriba,35
NM25,35027,Lincoln,35
NM26,35029,Luna,35
NM27,35045,San Juan,35
NM29,35021,Harding,35
NM32,35047,San Miguel,35
NM33,35047,San Miguel,35
NM34,35035,Otero,35
NM35,35053,Socorro,35
NM36,35006,Cibola,35
NM37,35003,Catron,35
NM38,35011,De Baca,35
NM41,35003,Catron,35
NM42,35009,Curry,35
NM43,35017,Grant,35
NM45,35015,Eddy,35
NM46,35015,Eddy,35
NM47,35015,Eddy,35
NM48,35039,Rio Arriba,35
NM49,35057,Torrance,35
NM50,35001,Bernalillo,35
NM51,35051,Sierra,35
NM52,35037,Quay,35
NM53,35047,San Miguel,35
NM55,35003,Catron,35
NM56,35006,Cibola,35
NM57,35049,Santa Fe,35
NM58,35051,Sierra,35
NM62,35045,San Juan,35
NM63,35049,Santa Fe,35
NM64,35023,Hidalgo,35
NM65,35055,Taos,35
NM66,35003,Catron,35
NM68,35061,Valencia,35
NM69,35017,Grant,35
NM70,35023,Hidalgo,35
NM71,35035,Otero,35
NM73,35037,Quay,35
NM74,35006,Cibola,35
NM75,35033,Mora,35
NM77,35013,Doña Ana,35
NM78,35029,Luna,35
NM80,35003,Catron,35
NM83,35025,Lea,35
NM84,35027,Lincoln,35
NM85,35017,Grant,35
NM86,35023,Hidalgo,35
NM87,35005,Chaves,35
NM88,35061,Valencia,35
NM89,35061,Valencia,35
NM90,35023,Hidalgo,35
NM91,35006,Cibola,35
NM92,35047,San Miguel,35
NM93,35005,Chaves,35
NM94,35025,Lea,35
NM95,35015,Eddy,35
NR00,37051,Cumberland,37
NR02,37123,Montgomery,37
NR03,37113,Macon,37
NR04,37003,Alexander,37
NR06,37097,Iredell,37
NR07,37199,Yancey,37
NR13,37185,Warren,37
NR15,37019,Brunswick,37
NR20,37093,Hoke,37
NR21,37081,Guilford,37
NR22,37011,Avery,37
NR25,37013,Beaufort,37
NR27,37127,Nash,37
NR28,37163,Sampson,37
NR30,37025,Cabarrus,37
NR35,37105,Lee,37
NR37,37103,Jones,37
NR40,37147,Pitt,37
NR44,37031,Carteret,37
NR51,37065,Edgecombe,37
NR57,37101,Johnston,37
NR66,37127,Nash,37
NR68,37085,Harnett,37
NR70,37159,Rowan,37
NR72,37025,Cabarrus,37
NR76,37051,Cumberland,37
NR80,37071,Gaston,37
NR84,37185,Warren,37
NR85,37183,Wake,37
NR88,37125,Moore,37
NR89,37065,Edgecombe,37
NR91,37155,Robeson,37
NR94,37169,Stokes,37
NR99,37053,Currituck,37
NV00,32023,Nye,32
NV01,32003,Clark,32
NV02,32023,Nye,32
NV04,32007,Elko,32
NV05,32013,Humboldt,32
NV06,32013,Humboldt,32
NV07,32023,Nye,32
NV08,32007,Elko,32
NV09,32031,Washoe,32
NV12,32007,Elko,32
NV13,32031,Washoe,32
NV14,32007,Elko,32
NV15,32510,Carson City,32
NV17,32031,Washoe,32
NV18,32003,Clark,32
NV21,32003,Clark,32
NV22,32007,Elko,32
NV23,32031,Washoe,32
NV25,32003,Clark,32
NV27,32009,Esmeralda,32
NV30,32001,Churchill,32
NV31,32023,Nye,32
NV32,32003,Clark,32
NV33,32019,Lyon,32
NV34,32003,Clark,32
NV35,32001,Churchill,32
NV37,32003,Clark,32
NV38,32003,Clark,32
NV39,32027,Pershing,32
NV40,32003,Clark,32
NV45,32023,Nye,32
NV48,32003,Clark,32
NV50,32003,Clark,32
NV53,32003,Clark,32
NV54,32023,Nye,32
NV55,32005,Douglas,32
NV57,32031,Washoe,32
NV58,32031,Washoe,32
NV60,32510,Carson City,32
NV61,32003,Clark,32
NV64,32015,Lander,32
NV67,32007,Elko,32
NV69,32031,Washoe,32
NV72,32019,Lyon,32
74P,32023,Nye,32
NV75,32003,Clark,32
NV78,32031,Washoe,32
NV80,32007,Elko,32
NV81,32023,Nye,32
NV82,32017,Lincoln,32
NV83,32023,Nye,32
NV86,32003,Clark,32
NV89,32011,Eureka,32
NV91,32003,Clark,32
NV92,32003,Clark,32
NV93,32003,Clark,32
NV95,32003,Clark,32
NV96,32031,Washoe,32
NV97,32019,Lyon,32
NV98,32023,Nye,32
NY00,36029,Erie,36
NY01,36073,Orleans,36
NY02,36025,Delaware,36
NY05,36095,Schoharie,36
NY06,36073,Orleans,36
NY07,36089,St. Lawrence,36
NY08,36071,Orange,36
NY1,36021,Columbia,36
NY10,36049,Lewis,36
NY11,36117,Wayne,36
NY12,36011,Cayuga,36
NY13,36117,Wayne,36
NY15,36051,Livingston,36
NY16,36117,Wayne,36
NY17,36019,Clinton,36
NY18,36109,Tompkins,36
NY19,36067,Onondaga,36
NY20,36057,Montgomery,36
NY21,36055,Monroe,36
NY22,36047,Kings,36
NY23,36043,Herkimer,36
NY24,36063,Niagara,36
NY26,36043,Herkimer,36
NY27,36009,Cattaraugus,36
NY28,36067,Onondaga,36
NY29,36097,Schuyler,36
NY30,36105,Sullivan,36
NY31,36067,Onondaga,36
NY34,36101,Steuben,36
NY35,36111,Ulster,36
NY36,36033,Franklin,36
NY37,36091,Saratoga,36
NY40,36029,Erie,36
NY42,36011,Cayuga,36
NY43,36111,Ulster,36
NY44,36119,Westchester,36
NY45,36103,Suffolk,36
NY46,36027,Dutchess,36
NY47,36087,Rockland,36
NY48,36025,Delaware,36
NY49,36029,Erie,36
NY50,36035,Fulton,36
NY51,36057,Montgomery,36
NY52,36085,Richmond,36
NY54,36039,Greene,36
NY55,36109,Tompkins,36
NY57,36065,Oneida,36
NY59,36065,Oneida,36
NY61,36041,Hamilton,36
NY62,36065,Oneida,36
NY63,36115,Washington,36
NY64,36035,Fulton,36
NY66,36035,Fulton,36
NY67,36067,Onondaga,36
NY68,36043,Herkimer,36
NY69,36045,Jefferson,36
NY70,36051,Livingston,36
NY72,36067,Onondaga,36
NY73,36017,Chenango,36
NY74,36039,Greene,36
NY76,36009,Cattaraugus,36
NY77,36001,Albany,36
NY79,36121,Wyoming,36
NY80,36029,Erie,36
NY82,36083,Rensselaer,36
NY83,36031,Essex,36
NY87,36057,Montgomery,36
NY88,36057,Montgomery,36
NY89,36013,Chautauqua,36
NY9,36041,Hamilton,36
NY90,36073,Orleans,36
NY91,36053,Madison,36
NY94,36027,Dutchess,36
NY96,36075,Oswego,36
NY97,36019,Clinton,36
NY99,36013,Chautauqua,36
O01,36029,Erie,36
O03,42011,Berks,42
O06,06007,Butte,06
O12,39107,Mercer,39
O13,40009,Beckham,40
O14,40051,Grady,40
O18,40097,Mayes,40
O19,06023,Humboldt,06
O21,06023,Humboldt,06
O33,06023,Humboldt,06
O38,40131,Rogers,40
O39,06035,Lassen,06
O44,40027,Cleveland,40
O45,40139,Texas,40
O55,06035,Lassen,06
CN63,06107,Tulare,06
O64,40131,Rogers,40
O74,39065,Hardin,39
O85,06089,Shasta,06
OA00,39059,Guernsey,39
OA03,39017,Butler,39
OA04,39063,Hancock,39
OA05,39017,Butler,39
OA07,39007,Ashtabula,39
OA08,39049,Franklin,39
OA09,39097,Madison,39
OA10,39015,Brown,39
OA11,39149,Shelby,39
OA12,39165,Warren,39
OA14,39157,Tuscarawas,39
OA15,39017,Butler,39
OA16,39061,Hamilton,39
OA17,39033,Crawford,39
OA18,39153,Summit,39
OA19,39151,Stark,39
OA22,39061,Hamilton,39
OA26,39129,Pickaway,39
OA33,39061,Hamilton,39
OA51,39159,Union,39
OA52,39049,Franklin,39
OA85,39119,Muskingum,39
OA86,39097,Madison,39
OG00,41031,Jefferson,41
OG01,41003,Benton,41
OG02,41067,Washington,41
OG03,41007,Clatsop,41
OG05,41017,Deschutes,41
OG06,41037,Lake,41
OG07,41061,Union,41
OG09,41059,Umatilla,41
OG10,41043,Linn,41
OG11,41051,Multnomah,41
OG12,41013,Crook,41
OG13,41029,Jackson,41
OG14,41023,Grant,41
OG15,41017,Deschutes,41
OG16,41043,Linn,41
OG19,41031,Jefferson,41
OG20,41005,Clackamas,41
OG21,41013,Crook,41
1OG1,41019,Douglas,41
OG23,41071,Yamhill,41
OG24,41019,Douglas,41
OG25,41029,Jackson,41
OG27,41001,Baker,41
OG28,41043,Linn,41
OG29,41005,Clackamas,41
OG30,41005,Clackamas,41
OG31,41029,Jackson,41
OG32,41039,Lane,41
OG33,41059,Umatilla,41
OG34,41067,Washington,41
OG35,41031,Jefferson,41
OG36,41039,Lane,41
OG37,41047,Marion,41
OG38,41071,Yamhill,41
OG39,41023,Grant,41
OG40,41019,Douglas,41
OG41,41019,Douglas,41
OG42,41059,Umatilla,41
OG43,41065,Wasco,41
OG44,41071,Yamhill,41
OG45,41001,Baker,41
OG46,41067,Washington,41
OG47,41001,Baker,41
OG48,41039,Lane,41
OG49,41003,Benton,41
OG50,41045,Malheur,41
OG51,41031,Jefferson,41
OG52,41053,Polk,41
OG53,41025,Harney,41
OG54,41065,Wasco,41
OG55,41071,Yamhill,41
OG56,41007,Clatsop,41
OG57,41039,Lane,41
OG58,41029,Jackson,41
OG62,41019,Douglas,41
OG63,41067,Washington,41
OG64,41039,Lane,41
OH01,39049,Franklin,39
OH03,39085,Lake,39
OH04,39083,Knox,39
OH05,39153,Summit,39
OH07,39151,Stark,39
OH08,39077,Huron,39
OH09,39083,Knox,39
OH10,39151,Stark,39
OH12,39089,Licking,39
OH13,39029,Columbiana,39
OH15,39151,Stark,39
OH18,39175,Wyandot,39
OH19,39137,Putnam,39
OH21,39033,Crawford,39
OH22,39169,Wayne,39
OH23,39009,Athens,39
OH25,39041,Delaware,39
OH27,39029,Columbiana,39
OH28,39071,Highland,39
OH29,39099,Mahoning,39
OH30,39025,Clermont,39
OH31,39165,Warren,39
OH34,39037,Darke,39
OH36,39119,Muskingum,39
OH38,39167,Washington,39
OH40,39041,Delaware,39
OH42,39083,Knox,39
OH43,39045,Fairfield,39
OH44,39041,Delaware,39
OH45,39173,Wood,39
OH91,39141,Ross,39
OH47,39141,Ross,39
OH48,39099,Mahoning,39
OH49,39061,Hamilton,39
OH52,39049,Franklin,39
OH53,39049,Franklin,39
OH54,39049,Franklin,39
OH58,39165,Warren,39
OH59,39113,Montgomery,39
OH60,39137,Putnam,39
OH61,39045,Fairfield,39
OH62,39145,Scioto,39
OH63,39113,Montgomery,39
OH64,39113,Montgomery,39
OH65,39025,Clermont,39
OH66,39025,Clermont,39
OH68,39061,Hamilton,39
OH69,39071,Highland,39
OH70,39061,Hamilton,39
6CM,39083,Knox,39
OH72,39079,Jackson,39
OH73,39051,Fulton,39
OH75,39065,Hardin,39
OH76,39043,Erie,39
OH77,39027,Clinton,39
OH78,39109,Miami,39
OH79,39043,Erie,39
OH80,39165,Warren,39
OH82,39119,Muskingum,39
OH83,39003,Allen,39
OH84,39003,Allen,39
OH85,39167,Washington,39
OH89,39167,Washington,39
OH92,39119,Muskingum,39
OH93,39159,Union,39
OH96,39015,Brown,39
OH97,39055,Geauga,39
OI01,39073,Hocking,39
OI06,39109,Miami,39
OI11,39019,Carroll,39
OI22,39093,Lorain,39
OI23,39093,Lorain,39
OI24,39083,Knox,39
OI25,39141,Ross,39
OI27,39167,Washington,39
OI28,39117,Morrow,39
OI31,39085,Lake,39
OI32,39133,Portage,39
OI34,39057,Greene,39
OI35,39095,Lucas,39
OI36,39135,Preble,39
OI37,39113,Montgomery,39
OI38,39091,Logan,39
OI40,39025,Clermont,39
OI41,39133,Portage,39
OI43,39035,Cuyahoga,39
OI44,39095,Lucas,39
OI45,39153,Summit,39
OI47,39049,Franklin,39
OI48,39143,Sandusky,39
OI49,39041,Delaware,39
OI50,39035,Cuyahoga,39
OI51,39035,Cuyahoga,39
OI52,39057,Greene,39
OI53,39095,Lucas,39
OI54,39095,Lucas,39
OI55,39169,Wayne,39
OI56,39089,Licking,39
OI57,39015,Brown,39
OI58,39151,Stark,39
OI59,39105,Meigs,39
OI60,39139,Richland,39
OI61,39049,Franklin,39
OI62,39055,Geauga,39
OI63,39045,Fairfield,39
OI65,39151,Stark,39
OI68,39169,Wayne,39
OI69,39085,Lake,39
OI72,39171,Williams,39
OI73,39057,Greene,39
OI75,39137,Putnam,39
OI76,39099,Mahoning,39
OI77,39173,Wood,39
OI79,39143,Sandusky,39
OI80,39035,Cuyahoga,39
OI81,39099,Mahoning,39
OI82,39079,Jackson,39
OI83,39035,Cuyahoga,39
OI85,39041,Delaware,39
OI86,39133,Portage,39
OI87,39043,Erie,39
OI88,39077,Huron,39
OI89,39135,Preble,39
OI91,39057,Greene,39
OI93,39035,Cuyahoga,39
OI94,21117,Kenton,21
OI95,39049,Franklin,39
OI96,39049,Franklin,39
OI97,39049,Franklin,39
OI98,39035,Cuyahoga,39
OK00,40081,Lincoln,40
OK01,40147,Washington,40
OK02,40087,McClain,40
OK04,40091,McIntosh,40
OK06,40021,Cherokee,40
OK07,40031,Comanche,40
OK08,40031,Comanche,40
OK09,40019,Carter,40
OK11,40137,Stephens,40
OK12,40033,Cotton,40
OK13,40111,Okmulgee,40
OK15,40131,Rogers,40
1OK,40047,Garfield,40
OK17,40019,Carter,40
OK18,40097,Mayes,40
OK19,40109,Oklahoma,40
OK20,40131,Rogers,40
OK21,40097,Mayes,40
OK23,40019,Carter,40
OK24,40019,Carter,40
OK25,40101,Muskogee,40
OK26,40047,Garfield,40
OK27,40135,Sequoyah,40
OK28,40069,Johnston,40
OK29,40085,Love,40
OK30,40097,Mayes,40
OK31,40085,Love,40
OK33,40101,Muskogee,40
OK34,40135,Sequoyah,40
OK35,40077,Latimer,40
OK37,40131,Rogers,40
OK38,40103,Noble,40
OK39,40007,Beaver,40
OK41,40143,Tulsa,40
OK42,40073,Kingfisher,40
OK43,40151,Woods,40
OK45,40143,Tulsa,40
OK46,40053,Grant,40
OK47,40053,Grant,40
OK49,40113,Osage,40
OK51,40073,Kingfisher,40
OK52,40135,Sequoyah,40
OK53,40143,Tulsa,40
OK54,40151,Woods,40
OK55,40109,Oklahoma,40
OK57,40109,Oklahoma,40
OK58,40143,Tulsa,40
OK60,40051,Grady,40
OK62,40019,Carter,40
OK63,40137,Stephens,40
OK65,40119,Payne,40
OK67,40137,Stephens,40
OK68,40013,Bryan,40
OK71,40047,Garfield,40
OK72,40093,Major,40
OK73,40111,Okmulgee,40
OK74,40121,Pittsburg,40
OK75,40087,McClain,40
OK76,40143,Tulsa,40
OK77,40015,Caddo,40
OK78,40131,Rogers,40
OK79,40033,Cotton,40
OK80,40123,Pontotoc,40
OK82,40065,Jackson,40
OK84,40097,Mayes,40
OK85,40069,Johnston,40
OK86,40081,Lincoln,40
OK92,40063,Hughes,40
OK93,40143,Tulsa,40
OK94,40131,Rogers,40
OK95,40041,Delaware,40
OK96,40081,Lincoln,40
OK97,40137,Stephens,40
OL00,40049,Garvin,40
OL02,41059,Umatilla,41
OL03,40069,Johnston,40
OL05,41005,Clackamas,41
OL06,40037,Creek,40
OL07,40015,Caddo,40
OL08,40129,Roger Mills,40
OL09,40075,Kiowa,40
OL10,40011,Blaine,40
OL11,40013,Bryan,40
OL14,40041,Delaware,40
OL15,40109,Oklahoma,40
OL16,40109,Oklahoma,40
OL17,40001,Adair,40
OL18,40011,Blaine,40
OL19,40063,Hughes,40
OL20,40145,Wagoner,40
OL21,40071,Kay,40
OL22,40143,Tulsa,40
OL24,40083,Logan,40
OL25,40093,Major,40
OL26,40023,Choctaw,40
OL27,40085,Love,40
OL28,40017,Canadian,40
OL29,40031,Comanche,40
OL30,40125,Pottawatomie,40
OL31,40145,Wagoner,40
OL32,40145,Wagoner,40
OL34,40077,Latimer,40
OL35,40037,Creek,40
OL36,40113,Osage,40
OL37,40069,Johnston,40
OL38,40079,Le Flore,40
OL39,40081,Lincoln,40
OL40,40119,Payne,40
OL42,40079,Le Flore,40
OL44,40009,Beckham,40
OL45,40017,Canadian,40
OL46,40009,Beckham,40
OL47,40133,Seminole,40
OL48,40101,Muskogee,40
OL49,40051,Grady,40
OL50,40057,Harmon,40
OL51,40055,Greer,40
6OK7,40035,Craig,40
OL54,40019,Carter,40
OL55,40119,Payne,40
OL56,40083,Logan,40
OL60,40145,Wagoner,40
OL68,40037,Creek,40
OL99,02122,Kenai Peninsula,02
6R7,02150,Kodiak Island,02
OLI,02185,North Slope,02
OMU9,29053,Cooper,29
OOH,02105,Hoonah-Angoon,02
OR00,41067,Washington,41
OR02,41013,Crook,41
OR04,41017,Deschutes,41
OR05,41071,Yamhill,41
OR06,41029,Jackson,41
OR07,41023,Grant,41
OR08,41025,Harney,41
OR09,41025,Harney,41
OR10,41025,Harney,41
OR11,41001,Baker,41
OR12,16003,Adams,16
OR13,41023,Grant,41
OR14,41045,Malheur,41
OR15,41017,Deschutes,41
OR17,41023,Grant,41
OR18,41059,Umatilla,41
OR20,41003,Benton,41
OR21,41043,Linn,41
OR22,41043,Linn,41
OR23,41007,Clatsop,41
OR25,41047,Marion,41
OR27,41067,Washington,41
OR28,41067,Washington,41
OR30,41017,Deschutes,41
OR33,41035,Klamath,41
OR34,41017,Deschutes,41
OR35,41005,Clackamas,41
OR37,41067,Washington,41
OR38,41047,Marion,41
OR39,41003,Benton,41
OR40,41005,Clackamas,41
OR41,41005,Clackamas,41
OR43,41027,Hood River,41
OR45,41039,Lane,41
OR46,41021,Gilliam,41
OR47,41039,Lane,41
OR49,41011,Coos,41
OR50,41051,Multnomah,41
OR51,41043,Linn,41
OR52,41003,Benton,41
OR53,41065,Wasco,41
OR54,41043,Linn,41
OR55,41003,Benton,41
OR57,41039,Lane,41
OR59,41071,Yamhill,41
OR61,41067,Washington,41
OR63,41007,Clatsop,41
OR64,41063,Wallowa,41
OR65,41005,Clackamas,41
OR66,41005,Clackamas,41
OR68,41047,Marion,41
OR69,41039,Lane,41
OR70,41001,Baker,41
OR72,41005,Clackamas,41
OR73,41015,Curry,41
OR74,41015,Curry,41
OR75,41001,Baker,41
OR78,41043,Linn,41
OR81,41067,Washington,41
OR83,16087,Washington,16
OR86,41047,Marion,41
OR87,41047,Marion,41
OR88,41033,Josephine,41
OR89,41069,Wheeler,41
OR90,41071,Yamhill,41
OR91,16003,Adams,16
OR93,41041,Lincoln,41
OR94,41043,Linn,41
OR95,41053,Polk,41
OR96,41029,Jackson,41
OR99,41029,Jackson,41
P09,42019,Butler,42
P15,42123,Warren,42
P18,04013,Maricopa,04
P27,06107,Tulare,06
P34,42067,Juniata,42
6P7,42005,Armstrong,42
P45,42051,Fayette,42
P72,42101,Philadelphia,42
P91,42077,Lehigh,42
P96,42081,Lycoming,42
MI09,26077,Kalamazoo,26
P98,42001,Adams,42
P99,42051,Fayette,42
PA01,42039,Crawford,42
PA02,42049,Erie,42
PA03,42101,Philadelphia,42
PA04,42065,Jefferson,42
PA05,42017,Bucks,42
PA06,02020,Anchorage,02
PA08,42055,Franklin,42
PA09,42069,Lackawanna,42
PA10,42033,Clearfield,42
PA11,42001,Adams,42
PA12,42071,Lancaster,42
PA14,42001,Adams,42
PA15,34041,Warren,34
NK12,36101,Steuben,36
PA19,42115,Susquehanna,42
03G,42049,Erie,42
PA21,42085,Mercer,42
PA24,42129,Westmoreland,42
PA25,42011,Berks,42
PA26,42077,Lehigh,42
PA27,42077,Lehigh,42
PA28,42129,Westmoreland,42
PA29,42129,Westmoreland,42
PA30,42025,Carbon,42
PA31,42075,Lebanon,42
PA32,42107,Schuylkill,42
PA33,42015,Bradford,42
PA35,42011,Berks,42
PA36,42017,Bucks,42
PA37,42107,Schuylkill,42
PA39,42109,Snyder,42
PA40,42037,Columbia,42
PA41,42019,Butler,42
PA45,42081,Lycoming,42
PA46,42085,Mercer,42
PA47,42001,Adams,42
PA48,42041,Cumberland,42
PA49,42103,Pike,42
PA50,42037,Columbia,42
PA51,42001,Adams,42
PA52,42049,Erie,42
PA53,42069,Lackawanna,42
PA54,42127,Wayne,42
PA55,42041,Cumberland,42
PA56,42019,Butler,42
PA57,42085,Mercer,42
PA58,42055,Franklin,42
PA59,42125,Washington,42
PA60,42055,Franklin,42
PA61,42091,Montgomery,42
PA62,42101,Philadelphia,42
PA63,42003,Allegheny,42
PA64,42027,Centre,42
PA65,42077,Lehigh,42
PA67,42125,Washington,42
PA68,42095,Northampton,42
PA70,42029,Chester,42
PA71,42113,Sullivan,42
PA72,42133,York,42
PA73,42133,York,42
PA74,42043,Dauphin,42
PA75,42117,Tioga,42
PA77,34019,Hunterdon,34
PA79,42017,Bucks,42
PA80,42095,Northampton,42
PA81,42055,Franklin,42
PA82,42069,Lackawanna,42
PA84,42133,York,42
PA86,42015,Bradford,42
PA87,42077,Lehigh,42
PA88,42051,Fayette,42
PA91,42083,McKean,42
PA92,42011,Berks,42
PA93,42005,Armstrong,42
PA94,42085,Mercer,42
PA95,42043,Dauphin,42
PA97,42123,Warren,42
PA99,42025,Carbon,42
37AA,02185,North Slope,02
AKA,02016,Aleutians West,02
1AK3,02013,Aleutians East,02
AK23,02016,Aleutians West,02
AK7,02068,Denali,02
AHP,02220,Sitka,02
BLG,02122,Kenai Peninsula,02
BVK,02188,Northwest Arctic,02
37AK,02164,Lake and Peninsula,02
AK78,02185,North Slope,02
8AK7,02185,North Slope,02
BCV,02020,Anchorage,02
CFK,02050,Bethel,02
Z84,02068,Denali,02
CRC,02290,Yukon-Koyukuk,02
26AK,02013,Aleutians East,02
0AA1,02282,Yakutat,02
DEE,02188,Northwest Arctic,02
DGG,02188,Northwest Arctic,02
MDM,02158,Kusilvak,02
DUY,02050,Bethel,02
ENM,02158,Kusilvak,02
EWU,02050,Bethel,02
AFE,02198,Prince of Wales-Hyder,02
FKK,02290,Yukon-Koyukuk,02
TNW,02290,Yukon-Koyukuk,02
AFM,02188,Northwest Arctic,02
FSP,02290,Yukon-Koyukuk,02
GGV,02050,Bethel,02
IGT,02050,Bethel,02
GSZ,02180,Nome,02
HLA,02290,Yukon-Koyukuk,02
HRR,02068,Denali,02
PAI,06037,Los Angeles,06
EII,02164,Lake and Peninsula,02
INR,02068,Denali,02
IWK,02180,Nome,02
AJC,02164,Lake and Peninsula,02
JZZ,02070,Dillingham,02
IIK,02050,Bethel,02
UBW,02185,North Slope,02
AKW,02198,Prince of Wales-Hyder,02
2A3,02150,Kodiak Island,02
LHD,02020,Anchorage,02
TPO,02164,Lake and Peninsula,02
AK71,02185,North Slope,02
AK15,02185,North Slope,02
MBA,02070,Dillingham,02
MHM,02290,Yukon-Koyukuk,02
15Z,02261,Valdez-Cordova,02
5NN,02164,Lake and Peninsula,02
A14,02070,Dillingham,02
OUL,02013,Aleutians East,02
PBV,02016,Aleutians West,02
PEV,02164,Lake and Peninsula,02
PNP,02164,Lake and Peninsula,02
AQH,02050,Bethel,02
AQT,02185,North Slope,02
TER,02180,Nome,02
TTW,02068,Denali,02
UUO,02170,Matanuska-Susitna,02
7AK,02013,Aleutians East,02
AWI,02185,North Slope,02
IEM,02261,Valdez-Cordova,02
IYS,02170,Matanuska-Susitna,02
AK03,02185,North Slope,02
PXK,02261,Valdez-Cordova,02
6A8,02290,Yukon-Koyukuk,02
C05,02261,Valdez-Cordova,02
01AA,02050,Bethel,02
Z09,02050,Bethel,02
9K2,02164,Lake and Peninsula,02
2A9,02158,Kusilvak,02
F02,02050,Bethel,02
D76,02188,Northwest Arctic,02
6K8,02240,Southeast Fairbanks,02
HIK,15003,Honolulu,15
PN00,42091,Montgomery,42
PN01,42003,Allegheny,42
PN02,42031,Clarion,42
PN03,42091,Montgomery,42
PN05,42021,Cambria,42
PN07,42079,Luzerne,42
PN08,42063,Indiana,42
PN09,42105,Potter,42
PN10,42015,Bradford,42
PN11,42073,Lawrence,42
PN13,42065,Jefferson,42
PN14,42019,Butler,42
PN15,42105,Potter,42
PN16,42019,Butler,42
PN18,42049,Erie,42
PN19,42005,Armstrong,42
PN20,42011,Berks,42
PN22,42083,McKean,42
PN23,42003,Allegheny,42
PN24,42005,Armstrong,42
PN25,42005,Armstrong,42
PN26,42003,Allegheny,42
PN27,42085,Mercer,42
PN28,42017,Bucks,42
PN30,42061,Huntingdon,42
PN31,42085,Mercer,42
PN32,42063,Indiana,42
PN34,42029,Chester,42
PN35,42057,Fulton,42
PN36,42063,Indiana,42
PN37,42007,Beaver,42
PN38,42003,Allegheny,42
PN40,42049,Erie,42
PN42,42063,Indiana,42
PN44,42091,Montgomery,42
PN45,42079,Luzerne,42
PN46,42129,Westmoreland,42
PN48,42077,Lehigh,42
PN49,42005,Armstrong,42
PN50,42011,Berks,42
PN51,42039,Crawford,42
PN52,42029,Chester,42
PN53,42021,Cambria,42
PN54,42015,Bradford,42
PN55,42051,Fayette,42
PN57,42063,Indiana,42
PN59,42005,Armstrong,42
PN60,42025,Carbon,42
PN61,42003,Allegheny,42
PN62,42125,Washington,42
PN63,42091,Montgomery,42
PN64,42061,Huntingdon,42
PN65,42129,Westmoreland,42
PN66,42129,Westmoreland,42
PN68,42073,Lawrence,42
PN69,42029,Chester,42
PN70,42067,Juniata,42
PN71,42067,Juniata,42
PN72,42021,Cambria,42
PN73,42061,Huntingdon,42
PN74,42015,Bradford,42
PN75,42079,Luzerne,42
PN76,42121,Venango,42
PN77,42005,Armstrong,42
PN78,42003,Allegheny,42
PN79,42125,Washington,42
PN80,42003,Allegheny,42
PN81,42043,Dauphin,42
PN82,42077,Lehigh,42
PN84,42019,Butler,42
PN86,42107,Schuylkill,42
PN87,42079,Luzerne,42
PN89,42047,Elk,42
PN90,42105,Potter,42
PN91,42117,Tioga,42
PN94,42043,Dauphin,42
PN95,42125,Washington,42
PN98,42111,Somerset,42
PN99,42085,Mercer,42
PO1,30085,Roosevelt,30
MI06,26147,St. Clair,26
PS01,42017,Bucks,42
PS02,42041,Cumberland,42
PS03,42017,Bucks,42
PS04,42003,Allegheny,42
PS05,42049,Erie,42
PS06,42109,Snyder,42
PS07,42107,Schuylkill,42
PS08,42133,York,42
PS10,42051,Fayette,42
PS11,42087,Mifflin,42
PS12,42025,Carbon,42
PS13,42045,Delaware,42
PS14,42043,Dauphin,42
PS15,42013,Blair,42
PS16,42091,Montgomery,42
PS17,42029,Chester,42
PS18,42083,McKean,42
PS19,42045,Delaware,42
PS20,42107,Schuylkill,42
PS21,42097,Northumberland,42
PS22,42079,Luzerne,42
PS24,42051,Fayette,42
PS26,42003,Allegheny,42
PS27,42111,Somerset,42
PS28,42101,Philadelphia,42
PS29,42017,Bucks,42
PS30,42029,Chester,42
PS31,42011,Berks,42
PS33,42077,Lehigh,42
PS34,42091,Montgomery,42
PS36,42063,Indiana,42
PS37,42081,Lycoming,42
PS38,42011,Berks,42
PS39,42063,Indiana,42
PS40,42079,Luzerne,42
PS41,42085,Mercer,42
PS43,42073,Lawrence,42
PS44,42013,Blair,42
PS45,42133,York,42
PS46,42017,Bucks,42
PS48,42079,Luzerne,42
58PA,42111,Somerset,42
PS50,42115,Susquehanna,42
PS51,42043,Dauphin,42
PS52,42111,Somerset,42
PS54,42017,Bucks,42
PS55,42101,Philadelphia,42
PS56,42001,Adams,42
PS57,42027,Centre,42
PS58,42071,Lancaster,42
PS59,42069,Lackawanna,42
PS60,42011,Berks,42
PS61,42123,Warren,42
PS64,42039,Crawford,42
PS65,42045,Delaware,42
PS66,42031,Clarion,42
PS67,42125,Washington,42
PS68,42017,Bucks,42
PS69,42033,Clearfield,42
PS70,42107,Schuylkill,42
PS71,42017,Bucks,42
PS72,42029,Chester,42
PS73,42035,Clinton,42
PS74,42095,Northampton,42
PS75,42101,Philadelphia,42
PS78,42003,Allegheny,42
PS80,42017,Bucks,42
PS81,42015,Bradford,42
PS82,42069,Lackawanna,42
PS83,42091,Montgomery,42
PS84,42017,Bucks,42
PS85,42037,Columbia,42
PS90,42001,Adams,42
PS91,42021,Cambria,42
PS92,42075,Lebanon,42
PS95,42107,Schuylkill,42
PS99,42107,Schuylkill,42
R03,41037,Lake,41
R33,41041,Lincoln,41
RC0,30063,Missoula,30
RI01,44003,Kent,44
RI02,44007,Providence,44
RI06,44005,Newport,44
RI07,44005,Newport,44
RI08,44009,Washington,44
RI11,44003,Kent,44
RI13,44009,Washington,44
RI15,44007,Providence,44
RI16,44003,Kent,44
RI21,44005,Newport,44
RI23,44009,Washington,44
RI25,44007,Providence,44
RI26,44007,Providence,44
RI28,44007,Providence,44
RI30,44009,Washington,44
S00,30105,Valley,30
S04,30063,Missoula,30
S09,30089,Sanders,30
S18,53009,Clallam,53
S28,38079,Rolette,38
S30,41043,Linn,41
S31,53055,San Juan,53
S35,53047,Okanogan,53
S37,42071,Lancaster,42
S43,53061,Snohomish,53
S49,41045,Malheur,41
S51,06015,Del Norte,06
S60,53033,King,53
S66,16027,Canyon,16
S68,16035,Clearwater,16
S74,06077,San Joaquin,06
S76,16055,Kootenai,16
S77,16079,Shoshone,16
S79,45051,Horry,45
S81,16085,Valley,16
S82,16049,Idaho,16
S86,53061,Snohomish,53
S88,53033,King,53
S89,16061,Lewis,16
S90,16049,Idaho,16
S92,16049,Idaho,16
S93,53037,Kittitas,53
SC00,45083,Spartanburg,45
SC02,45013,Beaufort,45
SC03,45017,Calhoun,45
SC04,45091,York,45
SC06,45019,Charleston,45
SC07,45017,Calhoun,45
SC09,45027,Clarendon,45
SC10,45051,Horry,45
SC11,45079,Richland,45
SC12,45049,Hampton,45
SC13,45063,Lexington,45
SC14,45063,Lexington,45
SC15,45029,Colleton,45
SC16,45031,Darlington,45
SC17,45075,Orangeburg,45
SC18,45063,Lexington,45
SC19,45031,Darlington,45
SC20,45003,Aiken,45
SC21,45051,Horry,45
SC22,45079,Richland,45
SC23,45063,Lexington,45
SC24,45073,Oconee,45
SC25,45085,Sumter,45
SC26,45073,Oconee,45
SC27,45061,Lee,45
SC29,45041,Florence,45
SC30,45003,Aiken,45
SC31,45057,Lancaster,45
SC32,45073,Oconee,45
SC34,45007,Anderson,45
SC35,45009,Bamberg,45
SC37,45015,Berkeley,45
SC38,45027,Clarendon,45
SC39,45083,Spartanburg,45
SC40,45083,Spartanburg,45
SC41,45027,Clarendon,45
SC42,45019,Charleston,45
SC43,45045,Greenville,45
SC44,45055,Kershaw,45
SC45,45063,Lexington,45
SC46,45003,Aiken,45
SC47,45045,Greenville,45
SC48,45027,Clarendon,45
SC51,45019,Charleston,45
SC53,45077,Pickens,45
SC54,45083,Spartanburg,45
SC55,45029,Colleton,45
SC56,45059,Laurens,45
SC59,45045,Greenville,45
SC60,45041,Florence,45
SC61,45025,Chesterfield,45
SC62,45049,Hampton,45
SC63,45039,Fairfield,45
SC64,45075,Orangeburg,45
SC65,45019,Charleston,45
55SC,45091,York,45
SC68,45013,Beaufort,45
SC69,45009,Bamberg,45
SC71,45019,Charleston,45
SC72,45083,Spartanburg,45
SC73,45071,Newberry,45
SC74,45013,Beaufort,45
SC75,45077,Pickens,45
SC76,45057,Lancaster,45
SC77,45079,Richland,45
SC78,45045,Greenville,45
SC79,45057,Lancaster,45
SC81,45001,Abbeville,45
SC82,45045,Greenville,45
SC83,45001,Abbeville,45
SC85,45023,Chester,45
SC86,45077,Pickens,45
SC87,45075,Orangeburg,45
SC88,45021,Cherokee,45
SC89,45033,Dillon,45
SC90,45017,Calhoun,45
SC91,45075,Orangeburg,45
SC92,45001,Abbeville,45
SC94,45041,Florence,45
SC95,45003,Aiken,45
SC96,45073,Oconee,45
SC97,45045,Greenville,45
SC98,45015,Berkeley,45
9SC,45063,Lexington,45
SD00,46127,Union,46
SD01,46111,Sanborn,46
SD03,46079,Lake,46
SD04,46093,Meade,46
SD05,46013,Brown,46
SD06,46049,Faulk,46
SD07,46055,Haakon,46
SD09,46015,Brule,46
SD1,02122,Kenai Peninsula,02
SD13,46115,Spink,46
SD14,46075,Jones,46
SD15,46127,Union,46
SD17,46109,Roberts,46
SD18,46103,Pennington,46
SD19,46077,Kingsbury,46
SD20,46029,Codington,46
SD21,46117,Stanley,46
SD22,46099,Minnehaha,46
SD23,46047,Fall River,46
SD24,46093,Meade,46
SD26,46093,Meade,46
SD27,46047,Fall River,46
SD30,46053,Gregory,46
SD32,46013,Brown,46
SD33,46063,Harding,46
SD35,46093,Meade,46
SD36,46041,Dewey,46
SD40,46103,Pennington,46
SD41,46031,Corson,46
SD43,46005,Beadle,46
SD44,46015,Brule,46
SD45,46115,Spink,46
SD46,46099,Minnehaha,46
SD47,46041,Dewey,46
SD48,46105,Perkins,46
SD49,46013,Brown,46
SD50,46065,Hughes,46
SD52,46035,Davison,46
SD53,46027,Clay,46
SD54,46013,Brown,46
SD55,46005,Beadle,46
SD57,46117,Stanley,46
SD58,46053,Gregory,46
SD61,46009,Bon Homme,46
SD65,46109,Roberts,46
SD67,46101,Moody,46
SD68,46047,Fall River,46
SD69,46071,Jackson,46
SD71,46047,Fall River,46
SD72,46093,Meade,46
SD74,38029,Emmons,38
SD76,46063,Harding,46
SD78,46085,Lyman,46
SD80,46129,Walworth,46
SD83,46077,Kingsbury,46
SD86,46033,Custer,46
SD87,46023,Charles Mix,46
SD90,46081,Lawrence,46
SD92,46035,Davison,46
SD93,46069,Hyde,46
SD94,46051,Grant,46
SD96,46125,Turner,46
SD98,46093,Meade,46
SH1,28035,Forrest,28
SN00,20169,Saline,20
SN01,20103,Leavenworth,20
SN02,20181,Sherman,20
SN03,20137,Norton,20
SN04,20017,Chase,20
SN05,20079,Harvey,20
07S,20015,Butler,20
SN08,20079,Harvey,20
SN09,20143,Ottawa,20
SN10,20191,Sumner,20
SN11,20125,Montgomery,20
M64,20119,Meade,20
SN13,20173,Sedgwick,20
SN18,20015,Butler,20
SN20,20015,Butler,20
SN21,20045,Douglas,20
SN22,20103,Leavenworth,20
SN29,20145,Pawnee,20
SN30,20117,Marshall,20
SN31,20035,Cowley,20
SN32,20191,Sumner,20
SN33,20027,Clay,20
SN34,20173,Sedgwick,20
SN35,20091,Johnson,20
SN36,20191,Sumner,20
SN37,20017,Chase,20
SN38,20045,Douglas,20
SN40,20173,Sedgwick,20
SN41,20037,Crawford,20
SN42,20059,Franklin,20
SN44,20125,Montgomery,20
SN45,20045,Douglas,20
SN46,20015,Butler,20
SN47,20197,Wabaunsee,20
SN50,20037,Crawford,20
SN52,20015,Butler,20
SN53,20205,Wilson,20
SN54,20091,Johnson,20
SN55,20055,Finney,20
SN57,20059,Franklin,20
SN58,20015,Butler,20
SN59,20091,Johnson,20
SN60,20103,Leavenworth,20
SN61,20173,Sedgwick,20
SN62,20173,Sedgwick,20
SN64,20173,Sedgwick,20
SN65,20173,Sedgwick,20
SN68,20173,Sedgwick,20
SN69,20011,Bourbon,20
SN70,20077,Harper,20
SN72,20003,Anderson,20
SN73,20169,Saline,20
SN74,20051,Ellis,20
SN75,20013,Brown,20
SN76,20155,Reno,20
SN78,20121,Miami,20
SN81,20209,Wyandotte,20
SN83,20103,Leavenworth,20
SN85,20059,Franklin,20
SN88,20121,Miami,20
SN90,20087,Jefferson,20
SN91,20073,Greenwood,20
SN92,20161,Riley,20
SN94,20025,Clark,20
SN95,20155,Reno,20
SN97,20189,Stevens,20
SN98,20081,Haskell,20
SN99,20149,Pottawatomie,20
SS1,55031,Douglas,55
SXS,01031,Coffee,01
T13,48139,Ellis,48
T14,48231,Hunt,48
T22,48029,Bexar,48
T25,48213,Henderson,48
T26,48481,Wharton,48
T29,48181,Grayson,48
T32,48181,Grayson,48
33XA,48397,Rockwall,48
T44,02150,Kodiak Island,02
T48,48231,Hunt,48
T57,48113,Dallas,48
T58,48121,Denton,48
T66,02170,Matanuska-Susitna,02
T71,48123,DeWitt,48
T73,45057,Lancaster,45
T76,48497,Wise,48
T79,48039,Brazoria,48
T80,48085,Collin,48
T87,48121,Denton,48
T94,48029,Bexar,48
T95,48167,Galveston,48
TA00,48353,Nolan,48
TA01,48251,Johnson,48
TA02,48497,Wise,48
TA05,48349,Navarro,48
TA06,48223,Hopkins,48
TA07,48291,Liberty,48
TA08,48231,Hunt,48
TA11,48139,Ellis,48
TA13,48111,Dallam,48
TA14,48201,Harris,48
TA15,48089,Colorado,48
TA16,48125,Dickens,48
TA17,48477,Washington,48
TA18,48257,Kaufman,48
TA19,48367,Parker,48
44TT,48201,Harris,48
TA23,48289,Leon,48
TA24,48333,Mills,48
TA25,48133,Eastland,48
TA26,48139,Ellis,48
TA30,48167,Galveston,48
TA31,48271,Kinney,48
TA33,48157,Fort Bend,48
TA34,48507,Zavala,48
TA37,48467,Van Zandt,48
TA38,48441,Taylor,48
TA39,48089,Colorado,48
TA41,48141,El Paso,48
TA43,48373,Polk,48
TA44,48247,Jim Hogg,48
TA46,48257,Kaufman,48
TA47,48121,Denton,48
TA48,48121,Denton,48
NM05,35013,Doña Ana,35
TA51,48367,Parker,48
TA52,48385,Real,48
TA53,48031,Blanco,48
TA57,48309,McLennan,48
TA58,48127,Dimmit,48
TA59,48237,Jack,48
TA61,48423,Smith,48
TA64,48043,Brewster,48
TA65,48363,Palo Pinto,48
TA66,48019,Bandera,48
TA67,48303,Lubbock,48
TA69,48113,Dallas,48
TA70,48001,Anderson,48
TA71,48257,Kaufman,48
TA73,48265,Kerr,48
TA74,48039,Brazoria,48
TA75,48287,Lee,48
TA78,48193,Hamilton,48
TA79,48303,Lubbock,48
TA80,48181,Grayson,48
TA81,48465,Val Verde,48
TA84,48127,Dimmit,48
TA86,48467,Van Zandt,48
TA87,48497,Wise,48
TA89,48333,Mills,48
TA91,48075,Childress,48
TA93,48181,Grayson,48
TA94,48113,Dallas,48
TA96,48201,Harris,48
TA97,48157,Fort Bend,48
TA98,48201,Harris,48
TE00,48409,San Patricio,48
TE01,48289,Leon,48
20T,48251,Johnson,48
TE03,48471,Walker,48
TE06,48147,Fannin,48
TE07,48481,Wharton,48
TE08,48353,Nolan,48
TE09,48039,Brazoria,48
TE10,48077,Clay,48
TE11,48157,Fort Bend,48
TE13,48325,Medina,48
TE14,48453,Travis,48
TE15,48327,Menard,48
TE16,48251,Johnson,48
TE17,48309,McLennan,48
TE18,48423,Smith,48
TE19,48457,Tyler,48
TE20,48085,Collin,48
TE21,48019,Bandera,48
TE22,48113,Dallas,48
TE23,48029,Bexar,48
TE24,48121,Denton,48
TE26,48013,Atascosa,48
TE27,48127,Dimmit,48
TE28,48201,Harris,48
TE29,48479,Webb,48
TE30,48439,Tarrant,48
TE31,48113,Dallas,48
TE32,48479,Webb,48
TE34,48367,Parker,48
TE36,48285,Lavaca,48
TE37,48435,Sutton,48
TE38,48373,Polk,48
TE39,48097,Cooke,48
TE40,48139,Ellis,48
TE41,48339,Montgomery,48
TE42,48355,Nueces,48
TE43,48113,Dallas,48
TE45,48251,Johnson,48
TE46,48391,Refugio,48
TE47,48217,Hill,48
TE48,48281,Lampasas,48
TE49,48201,Harris,48
TE50,48139,Ellis,48
TE51,48187,Guadalupe,48
TE52,48251,Johnson,48
55E,48237,Jack,48
TE57,48325,Medina,48
TE58,48297,Live Oak,48
TE59,48091,Comal,48
TE60,48091,Comal,48
TE62,48355,Nueces,48
TE63,48311,McMullen,48
TE64,48285,Lavaca,48
TE65,48439,Tarrant,48
TE66,48085,Collin,48
TE67,48493,Wilson,48
TE68,48181,Grayson,48
TE69,48157,Fort Bend,48
TE71,48015,Austin,48
TE73,48245,Jefferson,48
TE74,48379,Rains,48
TE75,48287,Lee,48
TE76,48497,Wise,48
TE77,48039,Brazoria,48
TE78,48463,Uvalde,48
TE79,48121,Denton,48
TE80,48439,Tarrant,48
TE81,48121,Denton,48
TE82,48397,Rockwall,48
TE83,48507,Zavala,48
TE84,48309,McLennan,48
TE85,48339,Montgomery,48
TE86,48187,Guadalupe,48
TE87,48409,San Patricio,48
TE88,48039,Brazoria,48
TE90,48019,Bandera,48
TE91,48073,Cherokee,48
TE93,48367,Parker,48
TE94,48453,Travis,48
TE97,48171,Gillespie,48
TE98,48163,Frio,48
TE99,48217,Hill,48
TF8,17031,Cook,17
TN00,47147,Robertson,47
TN01,47157,Shelby,47
TN03,47065,Hamilton,47
TN04,47163,Sullivan,47
TN05,47113,Madison,47
TN06,47149,Rutherford,47
TN07,47003,Bedford,47
TN08,47001,Anderson,47
TN10,47173,Union,47
TN11,47067,Hancock,47
TN12,47117,Marshall,47
TN14,47149,Rutherford,47
TN15,47003,Bedford,47
TN16,47017,Carroll,47
TN17,47123,Monroe,47
TN18,47157,Shelby,47
TN19,47145,Roane,47
TN20,47009,Blount,47
TN21,47101,Lewis,47
TN22,47081,Hickman,47
TN23,47125,Montgomery,47
TN25,47157,Shelby,47
TN28,47157,Shelby,47
TN29,47157,Shelby,47
TN30,47107,McMinn,47
TN31,47141,Putnam,47
TN32,47105,Loudon,47
TN33,47037,Davidson,47
TN34,47037,Davidson,47
TN35,47037,Davidson,47
TN36,47097,Lauderdale,47
TN37,47069,Hardeman,47
TN39,47051,Franklin,47
TN40,47013,Campbell,47
TN42,47115,Marion,47
TN43,47157,Shelby,47
TN44,47013,Campbell,47
TN46,47079,Henry,47
TN48,47183,Weakley,47
TN49,47189,Wilson,47
TN50,47115,Marion,47
TN52,47051,Franklin,47
TN53,47125,Montgomery,47
TN55,47037,Davidson,47
TN56,47035,Cumberland,47
TN57,47163,Sullivan,47
TN58,47167,Tipton,47
TN60,47085,Humphreys,47
TN61,47157,Shelby,47
TN64,47107,McMinn,47
TN65,47149,Rutherford,47
TN66,47007,Bledsoe,47
TN67,47051,Franklin,47
TN69,47157,Shelby,47
TN70,47157,Shelby,47
TN71,47105,Loudon,47
TN74,47105,Loudon,47
TN76,47079,Henry,47
TN77,47021,Cheatham,47
TN79,47037,Davidson,47
TN80,47141,Putnam,47
TN83,47149,Rutherford,47
TN84,47037,Davidson,47
TN85,47175,Van Buren,47
TN87,47009,Blount,47
TN88,47185,White,47
TN89,47153,Sequatchie,47
TN90,47065,Hamilton,47
TN91,47179,Washington,47
TN92,47037,Davidson,47
TN94,47093,Knox,47
TN96,47189,Wilson,47
TN97,47149,Rutherford,47
TN98,47093,Knox,47
TS00,48439,Tarrant,48
TS02,48237,Jack,48
TS03,48035,Bosque,48
TS04,48465,Val Verde,48
TS06,48113,Dallas,48
TS07,48201,Harris,48
TS08,48239,Jackson,48
TS09,48245,Jefferson,48
TS10,48245,Jefferson,48
TS11,48231,Hunt,48
TS12,48321,Matagorda,48
TS14,48093,Comanche,48
TS15,48377,Presidio,48
TS16,48449,Titus,48
TS17,48201,Harris,48
TS18,48299,Llano,48
TS21,48169,Garza,48
TS23,48453,Travis,48
TS26,48201,Harris,48
TS27,48089,Colorado,48
TS29,48309,McLennan,48
TS30,48487,Wilbarger,48
TS32,48203,Harrison,48
TS33,48201,Harris,48
TS34,48201,Harris,48
TS35,48291,Liberty,48
TS36,48171,Gillespie,48
TS37,48201,Harris,48
TS38,48039,Brazoria,48
TS39,48153,Floyd,48
TS43,48321,Matagorda,48
TS44,48473,Waller,48
TS45,48039,Brazoria,48
5TX,48367,Parker,48
TS48,48245,Jefferson,48
TS49,48199,Hardin,48
TS50,48167,Galveston,48
TS52,48201,Harris,48
TS53,48141,El Paso,48
TS54,48223,Hopkins,48
TS55,48091,Comal,48
TS56,48439,Tarrant,48
TS57,48497,Wise,48
TS58,48121,Denton,48
TS59,48141,El Paso,48
TS60,48113,Dallas,48
TS61,48425,Somervell,48
TS63,48085,Collin,48
TS64,48113,Dallas,48
TS65,48451,Tom Green,48
TS66,48303,Lubbock,48
TS67,48091,Comal,48
TS68,48061,Cameron,48
TS69,48131,Duval,48
TS71,48139,Ellis,48
TS72,48213,Henderson,48
TS74,48121,Denton,48
TS76,48171,Gillespie,48
TS78,48295,Lipscomb,48
TS82,48201,Harris,48
TS83,48201,Harris,48
TS85,48181,Grayson,48
TS86,48157,Fort Bend,48
TS89,48221,Hood,48
TS92,48027,Bell,48
TS93,48201,Harris,48
TS94,48061,Cameron,48
TS96,48481,Wharton,48
TS97,48355,Nueces,48
TT00,48089,Colorado,48
TT05,48493,Wilson,48
TT06,48385,Real,48
TT07,48083,Coleman,48
TT10,48275,Knox,48
TT11,48223,Hopkins,48
TT12,48425,Somervell,48
TT15,48147,Fannin,48
TT16,48363,Palo Pinto,48
TT18,48015,Austin,48
TT19,48291,Liberty,48
TT20,48313,Madison,48
TT21,48497,Wise,48
TT26,48105,Crockett,48
TT27,48263,Kent,48
TT29,48277,Lamar,48
TT31,48283,La Salle,48
TT32,48085,Collin,48
TT33,48375,Potter,48
TT34,48465,Val Verde,48
TT35,48209,Hays,48
TT36,48395,Robertson,48
TT37,48315,Marion,48
TT40,48503,Young,48
TT41,48471,Walker,48
TT44,48277,Lamar,48
TT45,48187,Guadalupe,48
TT46,48395,Robertson,48
TT47,48085,Collin,48
TT48,47089,Jefferson,47
TT50,48155,Foard,48
TT53,48043,Brewster,48
TT54,48171,Gillespie,48
TT56,48001,Anderson,48
TT57,48333,Mills,48
TT60,48299,Llano,48
TT61,48027,Bell,48
TT62,48469,Victoria,48
TT65,48015,Austin,48
TT66,48349,Navarro,48
TT73,48467,Van Zandt,48
TT74,48237,Jack,48
TT75,48339,Montgomery,48
TT80,48053,Burnet,48
TT83,48299,Llano,48
TT86,48143,Erath,48
TT87,48137,Edwards,48
TT94,48137,Edwards,48
TT98,48181,Grayson,48
TT99,48231,Hunt,48
TX00,48059,Callahan,48
TX03,48217,Hill,48
TX04,48477,Washington,48
TX05,48453,Travis,48
TX06,48121,Denton,48
TX07,48465,Val Verde,48
TX08,48439,Tarrant,48
TX10,48355,Nueces,48
TX13,48393,Roberts,48
TX17,48213,Henderson,48
TX18,48113,Dallas,48
TX19,48387,Red River,48
TX20,48253,Jones,48
TX21,48009,Archer,48
TX22,48121,Denton,48
TX23,48053,Burnet,48
TX24,48423,Smith,48
TX25,48001,Anderson,48
TX26,48453,Travis,48
TX29,48139,Ellis,48
TX30,48439,Tarrant,48
TX31,48173,Glasscock,48
T38,48121,Denton,48
TX34,48367,Parker,48
TX35,48387,Red River,48
TX37,48497,Wise,48
TX38,48295,Lipscomb,48
TX39,48097,Cooke,48
TX40,48213,Henderson,48
TX41,48031,Blanco,48
TX42,48473,Waller,48
TX43,48467,Van Zandt,48
TX44,48141,El Paso,48
TX45,48309,McLennan,48
TX46,48251,Johnson,48
TX47,48147,Fannin,48
TX48,48035,Bosque,48
TX50,48121,Denton,48
TX51,48349,Navarro,48
TX52,48035,Bosque,48
TX53,48113,Dallas,48
TX55,48113,Dallas,48
TX56,48131,Duval,48
TX57,48061,Cameron,48
TX58,48439,Tarrant,48
TX59,48231,Hunt,48
TX60,48113,Dallas,48
TX62,48499,Wood,48
TX63,48445,Terry,48
TX64,48497,Wise,48
TX65,48121,Denton,48
TX66,48167,Galveston,48
TX67,48251,Johnson,48
TX69,48029,Bexar,48
TX70,48015,Austin,48
TX74,48251,Johnson,48
TX75,48395,Robertson,48
TX78,48251,Johnson,48
TX79,48283,La Salle,48
TX81,48097,Cooke,48
TX82,48035,Bosque,48
TX83,48439,Tarrant,48
TX86,48201,Harris,48
TX87,48013,Atascosa,48
TX91,48113,Dallas,48
TX93,48425,Somervell,48
TX94,48097,Cooke,48
TX96,48121,Denton,48
TX97,48035,Bosque,48
35TT,48251,Johnson,48
TX99,48017,Bailey,48
U37,16011,Bingham,16
U41,16033,Clark,16
U45,16039,Elmore,16
U46,16023,Butte,16
U48,16013,Blaine,16
U51,16029,Caribou,16
U53,16043,Fremont,16
U54,16085,Valley,16
U60,16085,Valley,16
U61,16037,Custer,16
U65,16013,Blaine,16
U72,16037,Custer,16
U74,32011,Eureka,32
U84,16085,Valley,16
U86,16025,Camas,16
U87,16013,Blaine,16
U88,16015,Boise,16
U91,16073,Owyhee,16
U92,16023,Butte,16
U93,16025,Camas,16
U94,16053,Jerome,16
U97,16023,Butte,16
U98,16015,Boise,16
U99,16063,Lincoln,16
31CO,08125,Yuma,08
3A5,32019,Lyon,32
48ID,16003,Adams,16
CO33,08041,El Paso,08
51AR,05047,Franklin,05
19CA,06037,Los Angeles,06
7CO2,08085,Montrose,08
Z99,53077,Yakima,53
60MD,24031,Montgomery,24
5PA4,42029,Chester,42
50IN,18107,Montgomery,18
5II5,18129,Posey,18
86KS,20063,Gove,20
87NC,37051,Cumberland,37
XS62,48097,Cooke,48
03NJ,34031,Passaic,34
65NJ,34017,Hudson,34
GA13,13245,Richmond,13
MI16,26053,Gogebic,26
OH88,39075,Holmes,39
Z21,13089,DeKalb,13
68XA,48021,Bastrop,48
CW0,30005,Blaine,30
BB0,30005,Blaine,30
BW8,30005,Blaine,30
FA1,12069,Lake,12
7MI2,26021,Berrien,26
1GA7,13261,Sumter,13
9TN3,47091,Johnson,47
SFS,06081,San Mateo,06
1CN1,06059,Orange,06
0AA5,02170,Matanuska-Susitna,02
0FA9,12117,Seminole,12
64KY,21067,Fayette,21
A41,02185,North Slope,02
63IN,18175,Washington,18
6PN0,42003,Allegheny,42
CN66,06079,San Luis Obispo,06
9NM9,35051,Sierra,35
15CN,06031,Kings,06
3KY6,21195,Pike,21
29NC,37135,Orange,37
19CL,06019,Fresno,06
CA14,06099,Stanislaus,06
CA10,06043,Mariposa,06
17CA,06077,San Joaquin,06
45CA,06085,Santa Clara,06
OK03,40031,Comanche,40
0OH5,39139,Richland,39
25LA,22063,Livingston,22
AK45,02170,Matanuska-Susitna,02
IA52,19105,Jones,19
77WI,55081,Monroe,55
85XA,48121,Denton,48
3MN3,27151,Swift,27
14OK,40063,Hughes,40
7CO4,08073,Lincoln,08
3OH7,39117,Morrow,39
LS32,22033,East Baton Rouge,22
5AK4,02261,Valdez-Cordova,02
2C9,39095,Lucas,39
M16,27021,Cass,27
57FL,12057,Hillsborough,12
34MN,27077,Lake of the Woods,27
73TA,48061,Cameron,48
M42,30045,Judith Basin,30
II9,18065,Henry,18
M47,26129,Ogemaw,26
PG1,23019,Penobscot,23
1IL2,17043,DuPage,17
03TA,48329,Midland,48
CO67,08123,Weld,08
3CA3,06011,Colusa,06
95AK,02170,Matanuska-Susitna,02
TUCK,05023,Cleburne,05
5MZ,05085,Lonoke,05
REAPERS,05145,White,05
NC18,37091,Hertford,37
4WI3,55005,Barron,55
MN29,27137,St. Louis,27
11MN,27053,Hennepin,27
67IN,18115,Ohio,18
96PA,42035,Clinton,42
7VA7,51760,Richmond,51
WA81,53011,Clark,53
MA87,25025,Suffolk,25
MALLETT,05029,Conway,05
C12,35007,Colfax,35
73T,48113,Dallas,48
FD40,12093,Okeechobee,12
02AZ,04021,Pinal,04
UT18,49025,Kane,49
7WA6,41047,Marion,41
0MI1,26125,Oakland,26
OH37,39061,Hamilton,39
01OR,41061,Union,41
CA02,06045,Mendocino,06
4TE1,48349,Navarro,48
1TS9,48465,Val Verde,48
WA21,53063,Spokane,53
29PA,42007,Beaver,42
22NR,37183,Wake,37
IA03,19103,Johnson,19
MN23,27071,Koochiching,27
VA22,51121,Montgomery,51
63KS,20131,Nemaha,20
26OK,40133,Seminole,40
30KS,20155,Reno,20
05NC,37031,Carteret,37
62AZ,04012,La Paz,04
OR32,41025,Harney,41
10CL,06059,Orange,06
4FL4,12115,Sarasota,12
27KY,21067,Fayette,21
FD10,12105,Polk,12
MO95,29057,Dade,29
MO13,29119,McDonald,29
3OH3,39009,Athens,39
8GA4,13245,Richmond,13
21CO,08005,Arapahoe,08
OH55,39167,Washington,39
TX73,48071,Chambers,48
7KY5,21121,Knox,21
TN38,47015,Cannon,47
10MO,29027,Callaway,29
WI88,55073,Marathon,55
23OH,39011,Auglaize,39
OH81,39023,Clark,39
90OK,40133,Seminole,40
38NC,37157,Rockingham,37
33MI,26133,Osceola,26
09TA,48147,Fannin,48
7TS4,48213,Henderson,48
1KS,20107,Linn,20
06NJ,34023,Middlesex,34
4IL6,17081,Jefferson,17
12NJ,34027,Morris,34
MD80,24045,Wicomico,24
52CA,06073,San Diego,06
4NC3,37051,Cumberland,37
OR31,41067,Washington,41
81KY,21213,Simpson,21
MN84,27151,Swift,27
WI66,55025,Dane,55
70TE,48085,Collin,48
ME44,23015,Lincoln,23
7TS9,48369,Parmer,48
04OH,39103,Medina,39
TA42,48477,Washington,48
70TA,48289,Leon,48
5AL4,01021,Chilton,01
OH02,39029,Columbiana,39
4VA2,51069,Frederick,51
69KY,21061,Edmonson,21
81TX,48499,Wood,48
3KY0,21049,Clark,21
2TS9,48467,Van Zandt,48
8TA4,48367,Parker,48
ND10,38025,Dunn,38
WI74,55091,Pepin,55
8TE6,48141,El Paso,48
0TX7,48085,Collin,48
5MD4,24011,Caroline,24
CN22,06019,Fresno,06
8OH6,39139,Richland,39
22TA,48217,Hill,48
3MI1,26165,Wexford,26
4OK0,40073,Kingfisher,40
ID09,16039,Elmore,16
29OK,40015,Caddo,40
7PA7,42127,Wayne,42
0TS0,48031,Blanco,48
MI12,26115,Monroe,26
OH14,39047,Fayette,39
9OK9,40109,Oklahoma,40
7TA6,48267,Kimble,48
IL85,17089,Kane,17
9TS5,48453,Travis,48
76TA,48281,Lampasas,48
IL27,17039,De Witt,17
AK48,02170,Matanuska-Susitna,02
05M,49049,Utah,49
85TA,48251,Johnson,48
LS26,22105,Tangipahoa,22
82TE,48303,Lubbock,48
ID10,16027,Canyon,16
0TS9,48179,Gray,48
7TS7,48307,McCulloch,48
2OK1,40069,Johnston,40
68IL,17075,Iroquois,17
ND36,38101,Ward,38
LS20,22041,Franklin,22
LS15,22041,Franklin,22
7PA6,42115,Susquehanna,42
IL68,17063,Grundy,17
50WI,55101,Racine,55
6IL7,17021,Christian,17
VA15,51810,Virginia Beach,51
FA75,12095,Orange,12
89IL,17019,Champaign,17
96MN,27117,Pipestone,27
MN68,27059,Isanti,27
7WI7,55103,Richland,55
11ID,16049,Idaho,16
70WI,55039,Fond du Lac,55
TN13,47173,Union,47
15LA,22017,Caddo,22
7TS3,48259,Kendall,48
GA15,13031,Bulloch,13
MI94,26055,Grand Traverse,26
0MI8,26163,Wayne,26
00TX,48467,Van Zandt,48
26OH,39077,Huron,39
MN37,27053,Hennepin,27
CT04,09003,Hartford,09
5TS7,48375,Potter,48
MN53,27033,Cottonwood,27
NH48,33011,Hillsborough,33
FD75,12101,Pasco,12
TA29,48249,Jim Wells,48
4GA0,13261,Sumter,13
77KS,20015,Butler,20
TA36,48025,Bee,48
00AR,20143,Ottawa,20
88IL,17147,Piatt,17
XS73,48041,Brazos,48
3AL4,01003,Baldwin,01
4AL2,01009,Blount,01
AK42,02020,Anchorage,02
82AK,02122,Kenai Peninsula,02
8AK4,02130,Ketchikan Gateway,02
3AK0,02130,Ketchikan Gateway,02
AR30,05093,Mississippi,05
AZ69,04019,Pima,04
BE1,04013,Maricopa,04
AZ11,04007,Gila,04
NM04,35029,Luna,35
5TN0,47043,Dickson,47
IL55,17099,LaSalle,17
74IL,17203,Woodford,17
AZ04,04021,Pinal,04
74CA,06005,Amador,06
MU22,29186,Ste. Genevieve,29
52AK,02170,Matanuska-Susitna,02
4TN5,47179,Washington,47
ID67,16015,Boise,16
14LA,22105,Tangipahoa,22
4TN1,47121,Meigs,47
LS29,22015,Bossier,22
TA10,48273,Kleberg,48
UT06,49005,Cache,49
44MN,27165,Watonwan,27
MA17,25025,Suffolk,25
2LA8,22103,St. Tammany,22
69OH,39057,Greene,39
57OR,41005,Clackamas,41
IL83,17103,Lee,17
IL76,17011,Bureau,17
5IN8,18085,Kosciusko,18
73OK,40069,Johnston,40
FD01,12057,Hillsborough,12
IL53,17103,Lee,17
7IL9,17099,LaSalle,17
TA85,48187,Guadalupe,48
71LA,22001,Acadia,22
NH97,33019,Sullivan,33
TA62,48141,El Paso,48
MI21,26099,Macomb,26
1MS9,28091,Marion,28
SD59,46025,Clark,46
20LS,22001,Acadia,22
80OK,40087,McClain,40
IN40,18089,Lake,18
1MI7,26073,Isabella,26
VA49,51165,Rockingham,51
MI73,26065,Ingham,26
IL49,17125,Mason,17
24TN,47031,Coffee,47
00U,30003,Big Horn,30
75CL,06037,Los Angeles,06
AK53,02050,Bethel,02
F15,12127,Volusia,12
TA92,48439,Tarrant,48
MN82,27085,McLeod,27
77TA,48231,Hunt,48
IA60,19043,Clayton,19
8AL7,01089,Madison,01
34OK,40073,Kingfisher,40
NE64,31111,Lincoln,31
OH41,39071,Highland,39
26CO,08095,Phillips,08
12OK,40095,Marshall,40
17LA,22019,Calcasieu,22
57FD,12083,Marion,12
MN64,27129,Renville,27
96OH,39139,Richland,39
CO1,08025,Crowley,08
MU31,29063,DeKalb,29
7MI4,26155,Shiawassee,26
UT01,49005,Cache,49
35OK,40073,Kingfisher,40
53WI,55035,Eau Claire,55
11K,20133,Neosho,20
GA01,13139,Hall,13
16NY,36115,Washington,36
MN72,27145,Stearns,27
NH25,33013,Merrimack,33
2MN5,27035,Crow Wing,27
2MS2,28109,Pearl River,28
TA99,48113,Dallas,48
8Y8,19063,Emmet,19
AZ06,04027,Yuma,04
NE45,31041,Custer,31
WI61,55049,Iowa,55
6MN1,27143,Sibley,27
OK69,40037,Creek,40
MU03,29115,Linn,29
IN77,18063,Hendricks,18
8VA1,51029,Buckingham,51
1MN1,27037,Dakota,27
2MS3,28087,Lowndes,28
65TS,48137,Edwards,48
MU28,29009,Barry,29
02TS,48013,Atascosa,48
0OH2,39157,Tuscarawas,39
MI51,26139,Ottawa,26
WI54,55111,Sauk,55
11KS,20035,Cowley,20
29KS,20173,Sedgwick,20
SD73,46099,Minnehaha,46
24KS,20173,Sedgwick,20
FA82,12069,Lake,12
90TS,48015,Austin,48
3TA1,48443,Terrell,48
NE51,31003,Antelope,31
74MN,27063,Jackson,27
VT95,50017,Orange,50
81TS,48093,Comanche,48
1AL9,01003,Baldwin,01
OK99,40047,Garfield,40
1MN4,27053,Hennepin,27
5OH7,39017,Butler,39
71TS,48403,Sabine,48
TS13,48173,Glasscock,48
45VA,51153,Prince William,51
OK10,40015,Caddo,40
46OK,40015,Caddo,40
58WI,55027,Dodge,55
4AL0,01125,Tuscaloosa,01
4AL5,01071,Jackson,01
1AL3,01101,Montgomery,01
2AL0,01081,Lee,01
AL30,01043,Cullman,01
4AL3,01003,Baldwin,01
8AK0,02090,Fairbanks North Star,02
0AK8,02261,Valdez-Cordova,02
1OK2,40015,Caddo,40
1OK6,40015,Caddo,40
32OK,40015,Caddo,40
FL65,12037,Franklin,12
OK50,40111,Okmulgee,40
NY32,36109,Tompkins,36
FA93,12047,Hamilton,12
TX0,48239,Jackson,48
76IN,18157,Tippecanoe,18
1TX0,48053,Burnet,48
10TS,48401,Rusk,48
OK64,40087,McClain,40
37KS,20113,McPherson,20
30TS,48055,Caldwell,48
55TE,48167,Galveston,48
14AR,05143,Washington,05
CO08,08125,Yuma,08
1AR4,05087,Madison,05
PA38,42051,Fayette,42
19PN,42071,Lancaster,42
61OK,40051,Grady,40
1NY2,36029,Erie,36
17A,05015,Carroll,05
57AR,05081,Little River,05
2AR1,05047,Franklin,05
74OK,40083,Logan,40
1AR3,05045,Faulkner,05
OK81,40051,Grady,40
HI02,15009,Maui,15
UT27,49013,Duchesne,49
84OK,40137,Stephens,40
12NY,36043,Herkimer,36
OK87,40041,Delaware,40
1LA6,22073,Ouachita,22
OH98,39063,Hancock,39
18FA,12093,Okeechobee,12
12FA,12009,Brevard,12
48NY,36069,Ontario,36
NE83,31081,Hamilton,31
TS99,48225,Houston,48
0CA0,06019,Fresno,06
9MN9,27053,Hennepin,27
ID11,16049,Idaho,16
46AR,05007,Benton,05
TE72,48067,Cass,48
1WI2,55125,Vilas,55
TS42,48029,Bexar,48
AZ09,04025,Yavapai,04
TS81,48145,Falls,48
68MN,27067,Kandiyohi,27
7ME,23003,Aroostook,23
3KY7,21067,Fayette,21
9OH0,39015,Brown,39
IN58,18109,Morgan,18
70PA,42041,Cumberland,42
OH20,39089,Licking,39
NV24,32003,Clark,32
OH94,39059,Guernsey,39
3VG6,51001,Accomack,51
8NY7,36065,Oneida,36
FD21,12095,Orange,12
7PA0,42107,Schuylkill,42
06TS,48095,Concho,48
1NJ3,34027,Morris,34
FA03,12009,Brevard,12
NY03,36103,Suffolk,36
3LA5,22033,East Baton Rouge,22
NR24,37069,Franklin,37
42TE,48157,Fort Bend,48
46TE,48431,Sterling,48
FL14,12103,Pinellas,12
LA94,22015,Bossier,22
VA90,51093,Isle of Wight,51
1XS0,48249,Jim Wells,48
63TX,48349,Navarro,48
10WA,53039,Klickitat,53
11WI,55105,Rock,55
2TS5,48101,Cottle,48
7MN5,27135,Roseau,27
68TX,48453,Travis,48
OH86,39043,Erie,39
SD29,46027,Clay,46
2OK3,40051,Grady,40
TS79,48295,Lipscomb,48
FD95,12121,Suwannee,12
1TN1,47119,Maury,47
98KY,21235,Whitley,21
FD59,12101,Pasco,12
MN97,27119,Polk,27
LA10,22079,Rapides,22
SD2,46039,Deuel,46
13TA,48085,Collin,48
CO13,08035,Douglas,08
15OK,40033,Cotton,40
TS98,48201,Harris,48
8WI7,55085,Oneida,55
CN35,06065,Riverside,06
21PA,42089,Monroe,42
TX89,48157,Fort Bend,48
17VA,51800,Suffolk,51
MO48,29073,Gasconade,29
OK88,40105,Nowata,40
0OK8,40137,Stephens,40
TS84,48219,Hockley,48
NY53,36065,Oneida,36
77MI,26081,Kent,26
FD43,12095,Orange,12
FD32,12113,Santa Rosa,12
FD68,12069,Lake,12
SD77,46067,Hutchinson,46
FL05,12095,Orange,12
MN78,27145,Stearns,27
92OK,40051,Grady,40
OK91,40137,Stephens,40
OK89,40051,Grady,40
8MN9,27153,Todd,27
MT16,30057,Madison,30
AZ49,04015,Mohave,04
07FD,12086,Miami-Dade,12
2OK8,40069,Johnston,40
3OK2,40011,Blaine,40
3VG4,51117,Mecklenburg,51
44OK,40041,Delaware,40
4OK2,40051,Grady,40
54MO,29113,Lincoln,29
2PA2,42107,Schuylkill,42
3PA3,42077,Lehigh,42
1DA,41063,Wallowa,41
5TA7,48209,Hays,48
86MN,27029,Clearwater,27
5OH0,39025,Clermont,39
48OH,39035,Cuyahoga,39
4OK6,40083,Logan,40
79WA,53069,Wahkiakum,53
OH87,39041,Delaware,39
NM14,35059,Union,35
CA30,06059,Orange,06
NY14,36111,Ulster,36
93MO,29179,Reynolds,29
73MN,27137,St. Louis,27
NV99,32033,White Pine,32
21MN,27029,Clearwater,27
XS10,48029,Bexar,48
5NC3,37025,Cabarrus,37
XS02,48183,Gregg,48
76MI,26103,Marquette,26
17MN,27083,Lyon,27
WI71,55109,St. Croix,55
09IL,17163,St. Clair,17
XS06,48279,Lamb,48
57CA,06059,Orange,06
25FD,12095,Orange,12
OH24,39169,Wayne,39
NY33,36117,Wayne,36
2TS6,48277,Lamar,48
OL12,40103,Noble,40
29OR,41013,Crook,41
49OH,39049,Franklin,39
4OK1,40039,Custer,40
9NJ9,34015,Gloucester,34
98CL,06065,Riverside,06
NM13,35055,Taos,35
JY11,34007,Camden,34
69MI,26037,Clinton,26
62MI,26127,Oceana,26
03MO,29177,Ray,29
5OH6,39159,Union,39
25NJ,34027,Morris,34
3MN4,27033,Cottonwood,27
NM1,35031,McKinley,35
07LA,22079,Rapides,22
XS04,48439,Tarrant,48
08WA,53067,Thurston,53
NY04,36059,Nassau,36
0FL6,12005,Bay,12
MI39,26139,Ottawa,26
71OH,39017,Butler,39
AL00,01005,Barbour,01
0AR3,05059,Hot Spring,05
1QK,20063,Gove,20
12MN,27061,Itasca,27
M99,26037,Clinton,26
NE89,31089,Holt,31
3NY1,36053,Madison,36
GA77,13047,Catoosa,13
GA97,13153,Houston,13
5IL8,17011,Bureau,17
5IN2,18141,St. Joseph,18
5KS6,20149,Pottawatomie,20
5PA8,42091,Montgomery,42
NC84,37083,Halifax,37
6TN5,47055,Giles,47
81OH,39155,Trumbull,39
05OK,40015,Caddo,40
13WA,53007,Chelan,53
PA07,42041,Cumberland,42
XS42,48085,Collin,48
XS53,48367,Parker,48
XS74,48321,Matagorda,48
XS95,48285,Lavaca,48
AA05,02164,Lake and Peninsula,02
1AR8,05119,Pulaski,05
CA80,06047,Merced,06
97CA,06113,Yolo,06
07CT,09005,Litchfield,09
GA07,13261,Sumter,13
IN39,18111,Newton,18
MT17,30013,Cascade,30
8OK4,40047,Garfield,40
8OK6,40081,Lincoln,40
60OK,40015,Caddo,40
30OK,40073,Kingfisher,40
7OK8,40137,Stephens,40
2OK0,40137,Stephens,40
IL74,17111,McHenry,17
45KS,20133,Neosho,20
98ME,23027,Waldo,23
CT30,09005,Litchfield,09
46ME,23029,Washington,23
AZ66,04011,Greenlee,04
CO26,08123,Weld,08
25LL,17089,Kane,17
86WI,55127,Walworth,55
IN27,18131,Pulaski,18
TX1,48001,Anderson,48
84MI,26139,Ottawa,26
WA32,53033,King,53
90FA,12069,Lake,12
NH34,33011,Hillsborough,33
ME50,23019,Penobscot,23
P17,42009,Bedford,42
IL29,17137,Morgan,17
CA17,06065,Riverside,06
6Y5,26095,Luce,26
5WI9,55043,Grant,55
77TE,48159,Franklin,48
4PS2,42091,Montgomery,42
35AR,05145,White,05
0LA6,22055,Lafayette,22
GA12,13115,Floyd,13
ME94,23031,York,23
MA66,25025,Suffolk,25
LS09,22001,Acadia,22
AZ71,04015,Mohave,04
85XS,48225,Houston,48
88XS,48083,Coleman,48
40FA,12069,Lake,12
20OH,39155,Trumbull,39
0ID,16029,Caribou,16
01OK,40143,Tulsa,40
24MI,26015,Barry,26
15TX,48181,Grayson,48
44XS,48265,Kerr,48
4XS8,48453,Travis,48
7XS5,48065,Carson,48
8XS0,48307,McCulloch,48
3TX8,48171,Gillespie,48
8XS1,48339,Montgomery,48
94XS,48469,Victoria,48
XS29,48135,Ector,48
6OK5,40107,Okfuskee,40
28X,48179,Gray,48
MN93,27171,Wright,27
MO42,29029,Camden,29
6MN3,27171,Wright,27
HSFIDCL,32031,Washoe,32
0PA0,42067,Juniata,42
1FL4,12103,Pinellas,12
24NY,36059,Nassau,36
2PA0,42041,Cumberland,42
32FL,12069,Lake,12
71XS,48281,Lampasas,48
76XS,48149,Fayette,48
7NC0,37053,Currituck,37
8XS3,48249,Jim Wells,48
93XS,48367,Parker,48
99XS,48085,Collin,48
ID08,16003,Adams,16
0F3,19059,Dickinson,19
MT62,30057,Madison,30
NC78,37035,Catawba,37
UT07,49037,San Juan,49
76NR,37093,Hoke,37
4NC2,37101,Johnston,37
3MN5,27021,Cass,27
93WI,55065,Lafayette,55
WA39,53055,San Juan,53
7OK1,40083,Logan,40
7XS2,48201,Harris,48
4PA7,42071,Lancaster,42
IN84,18109,Morgan,18
9PA1,42115,Susquehanna,42
MO18,29077,Greene,29
UT08,49035,Salt Lake,49
60XS,48415,Scurry,48
SN51,20155,Reno,20
NY85,36071,Orange,36
LA52,22001,Acadia,22
02AR,05109,Pike,05
7IL5,17019,Champaign,17
WI90,55075,Marinette,55
MT21,30049,Lewis and Clark,30
01TS,48293,Limestone,48
OK40,40051,Grady,40
17OK,40051,Grady,40
MT07,30053,Lincoln,30
25MI,26037,Clinton,26
17Q,20115,Marion,20
FL73,12095,Orange,12
98VA,51107,Loudoun,51
MT22,30039,Granite,30
82FL,12073,Leon,12
3OH5,39165,Warren,39
68FL,12073,Leon,12
FL63,12097,Osceola,12
WA41,53033,King,53
PA43,42019,Butler,42
PA78,42101,Philadelphia,42
22AK,02170,Matanuska-Susitna,02
2AR8,05031,Craighead,05
08AR,05081,Little River,05
43NY,36067,Onondaga,36
6OH3,39135,Preble,39
3OK6,40007,Beaver,40
9OK4,40013,Bryan,40
73XS,48173,Glasscock,48
0XA0,48497,Wise,48
3IL8,17113,McLean,17
IN73,18057,Hamilton,18
OH17,39109,Miami,39
NM15,35028,Los Alamos,35
NY78,36077,Otsego,36
1FA2,12095,Orange,12
8M3,30031,Gallatin,30
IL58,17011,Bureau,17
MD07,54057,Mineral,54
5IN7,18053,Grant,18
94WI,55011,Buffalo,55
4FL6,12127,Volusia,12
02MT,30083,Richland,30
03MT,30111,Yellowstone,30
F81,40107,Okfuskee,40
79TX,48035,Bosque,48
OR8,16049,Idaho,16
02OK,40053,Grant,40
OR9,41063,Wallowa,41
0OK2,40113,Osage,40
06KY,21081,Grant,21
2FL5,12095,Orange,12
IN04,18127,Porter,18
39KS,20099,Labette,20
I00,18181,White,18
49AL,01003,Baldwin,01
5FL6,12093,Okeechobee,12
66OH,39025,Clermont,39
AL01,01107,Pickens,01
FL06,12097,Osceola,12
IA18,19109,Kossuth,19
NDV,11001,District of Columbia,11
IA43,19077,Guthrie,19
ID42,16073,Owyhee,16
D47,16037,Custer,16
PA44,42043,Dauphin,42
NV77,32031,Washoe,32
TN27,47117,Marshall,47
TN26,47189,Wilson,47
11PA,42091,Montgomery,42
NY38,36059,Nassau,36
9KS,20097,Kiowa,20
48OK,40053,Grant,40
19LA,22115,Vernon,22
ID34,16077,Power,16
CA75,06111,Ventura,06
37AR,05101,Newton,05
45MI,26049,Genesee,26
45NJ,34021,Mercer,34
42AK,02185,North Slope,02
88IN,18129,Posey,18
1LA2,22037,East Feliciana,22
32TE,48339,Montgomery,48
45LA,22075,Plaquemines,22
10LS,22039,Evangeline,22
0VA0,51061,Fauquier,51
MU06,29121,Macon,29
16KY,21015,Boone,21
01PA,42129,Westmoreland,42
67TA,48209,Hays,48
6WI3,55127,Walworth,55
7OH7,39005,Ashland,39
NM12,35023,Hidalgo,35
OR29,41035,Klamath,41
W66,53009,Clallam,53
32NV,32003,Clark,32
72KS,20105,Lincoln,20
MT24,30007,Broadwater,30
1CA2,06065,Riverside,06
NV20,32007,Elko,32
00OH,39061,Hamilton,39
3FL9,12071,Lee,12
ME26,23021,Piscataquis,23
16VA,51015,Augusta,51
65WI,55093,Pierce,55
AL99,01089,Madison,01
MI43,26013,Baraga,26
46LA,22035,East Carroll,22
NV19,32027,Pershing,32
3IL5,17175,Stark,17
9OH6,39105,Meigs,39
OR42,41013,Crook,41
NM21,35049,Santa Fe,35
OR44,41029,Jackson,41
5TX5,48453,Travis,48
ID8,16085,Valley,16
23LS,22033,East Baton Rouge,22
NJ02,34007,Camden,34
SC67,45003,Aiken,45
IN89,18169,Wabash,18
ND58,38077,Richland,38
4OH5,39153,Summit,39
CA34,06113,Yolo,06
CA96,06019,Fresno,06
44CA,06083,Santa Barbara,06
33CA,06109,Tuolumne,06
VG45,51760,Richmond,51
OH32,39151,Stark,39
58MN,27171,Wright,27
IA21,19015,Boone,19
MT57,30111,Yellowstone,30
LS87,22075,Plaquemines,22
WA56,53031,Jefferson,53
1AK9,02240,Southeast Fairbanks,02
6OK3,40093,Major,40
IN69,18149,Starke,18
TE33,48265,Kerr,48
IA50,19037,Chickasaw,19
MN46,27103,Nicollet,27
LS03,22097,St. Landry,22
LS63,22097,St. Landry,22
MI26,26093,Livingston,26
MU13,29147,Nodaway,29
55CA,06001,Alameda,06
90MN,27095,Mille Lacs,27
WA17,53031,Jefferson,53
5OK6,40147,Washington,40
5OK8,40039,Custer,40
IN67,18141,St. Joseph,18
NV10,32003,Clark,32
MI8,26033,Chippewa,26
57VA,51035,Carroll,51
LA03,22001,Acadia,22
83MN,27031,Cook,27
ID52,16059,Lemhi,16
FD73,12085,Martin,12
43TS,48311,McMullen,48
57CO,08069,Larimer,08
4TN6,47141,Putnam,47
39VA,51770,Roanoke,51
MI4,26033,Chippewa,26
CN67,06111,Ventura,06
5LA9,22097,St. Landry,22
VA97,51029,Buckingham,51
95LL,17203,Woodford,17
WN22,53001,Adams,53
85MO,29225,Webster,29
9LA7,22101,St. Mary,22
0WI6,55043,Grant,55
4IS1,17067,Hancock,17
SC01,45001,Abbeville,45
5VA9,51590,Danville,51
NM23,35035,Otero,35
NM39,35001,Bernalillo,35
8OK7,40051,Grady,40
2GA6,13121,Fulton,13
MN98,27127,Redwood,27
82OH,39171,Williams,39
4VG3,51105,Lee,51
MT13,30111,Yellowstone,30
NV16,32003,Clark,32
VT33,50021,Rutland,50
NY93,36071,Orange,36
MI93,26005,Allegan,26
5GA9,13045,Carroll,13
IN13,18089,Lake,18
SC80,45019,Charleston,45
9OK8,40073,Kingfisher,40
7OK4,40039,Custer,40
AK51,02060,Bristol Bay,02
GA36,13039,Camden,13
MD85,24037,St. Mary's,24
0AA4,02290,Yukon-Koyukuk,02
43CN,06031,Kings,06
KHLM,26139,Ottawa,26
VT21,50001,Addison,50
36IA,19075,Grundy,19
ID57,16069,Nez Perce,16
KRSP,24021,Frederick,24
33TX,48201,Harris,48
41TX,48411,San Saba,48
WA76,53077,Yakima,53
TX32,48363,Palo Pinto,48
WT03,53071,Walla Walla,53
14ME,23011,Kennebec,23
21FD,12097,Osceola,12
NH91,33003,Carroll,33
NH70,33003,Carroll,33
7MO8,29013,Bates,29
77FA,12011,Broward,12
99TA,48325,Medina,48
IN37,18105,Monroe,18
7KS8,20177,Shawnee,20
80AR,05107,Phillips,05
MI37,26053,Gogebic,26
XA73,48029,Bexar,48
4AR9,05129,Searcy,05
03FL,12071,Lee,12
12TA,48251,Johnson,48
19ND,38101,Ward,38
37CN,06011,Colusa,06
48LA,22001,Acadia,22
49FL,12089,Nassau,12
66FL,12057,Hillsborough,12
OR77,41047,Marion,41
NE53,31013,Box Butte,31
MT61,30029,Flathead,30
OK14,40075,Kiowa,40
TN09,47159,Smith,47
WY41,56003,Big Horn,56
7TA4,48161,Freestone,48
2CO1,08013,Boulder,08
38FA,12105,Polk,12
48TS,48137,Edwards,48
9KS3,20057,Ford,20
MI17,26091,Lenawee,26
5KY6,21177,Muhlenberg,21
ID89,16059,Lemhi,16
TA49,48213,Henderson,48
XS16,48149,Fayette,48
PA13,42089,Monroe,42
0WI5,55091,Pepin,55
3IL2,17157,Randolph,17
0MN6,27035,Crow Wing,27
26GA,13055,Chattooga,13
CO79,08035,Douglas,08
MT75,30111,Yellowstone,30
ND38,38101,Ward,38
MT36,30043,Jefferson,30
4TN9,47039,Decatur,47
83NJ,34007,Camden,34
MT92,30095,Stillwater,30
73LA,22031,De Soto,22
07TE,48097,Cooke,48
53LA,22099,St. Martin,22
98NH,33003,Carroll,33
NH64,33003,Carroll,33
MI38,26061,Houghton,26
OH95,39129,Pickaway,39
TE02,48143,Erath,48
TE35,48035,Bosque,48
TE54,48451,Tom Green,48
TS87,48413,Schleicher,48
TX85,48401,Rusk,48
MO02,29029,Camden,29
8MN4,27127,Redwood,27
17XA,48013,Atascosa,48
1UT9,49053,Washington,49
29AZ,04013,Maricopa,04
2VA9,51093,Isle of Wight,51
59PA,42115,Susquehanna,42
IN12,18041,Fayette,18
4OR1,41031,Jefferson,41
2KY0,21003,Allen,21
3TN2,47173,Union,47
1LA9,22045,Iberia,22
24CO,08011,Bent,08
VA44,51810,Virginia Beach,51
VT54,50001,Addison,50
WA97,53043,Lincoln,53
71TA,48481,Wharton,48
BPK9,12087,Monroe,12
VT24,50001,Addison,50
2KS4,20167,Russell,20
01WI,55073,Marathon,55
5IL7,17075,Iroquois,17
61KS,20073,Greenwood,20
7AK0,02170,Matanuska-Susitna,02
AK80,02170,Matanuska-Susitna,02
IL54,17117,Macoupin,17
47OH,39049,Franklin,39
MN26,27025,Chisago,27
NE85,31035,Clay,31
TS31,48439,Tarrant,48
XS17,48349,Navarro,48
O62,41063,Wallowa,41
FL25,12086,Miami-Dade,12
22IN,18003,Allen,18
2OR5,41005,Clackamas,41
3TN4,47153,Sequatchie,47
55FL,12035,Flagler,12
3MS2,28033,DeSoto,28
7KY3,21049,Clark,21
7MO5,29153,Ozark,29
FA10,12086,Miami-Dade,12
CO32,08021,Conejos,08
IN47,18057,Hamilton,18
MI19,26145,Saginaw,26
MT93,30107,Wheatland,30
ND29,38097,Traill,38
TX11,48479,Webb,48
LS90,22073,Ouachita,22
IA49,19159,Ringgold,19
NJ03,34013,Essex,34
10AR,05069,Jefferson,05
44CL,06011,Colusa,06
IN9,18085,Kosciusko,18
IA51,19195,Worth,19
0OH7,39049,Franklin,39
1TN2,47185,White,47
35PN,42035,Clinton,42
74LA,22005,Ascension,22
PA85,42015,Bradford,42
VG44,51029,Buckingham,51
NM30,35003,Catron,35
2AL4,01115,St. Clair,01
73FL,12009,Brevard,12
CD02,08029,Delta,08
MN30,27013,Blue Earth,27
XS37,48397,Rockwall,48
2FL8,12053,Hernando,12
24WI,55013,Burnett,55
47IL,17141,Ogle,17
76WI,55105,Rock,55
CD08,08085,Montrose,08
24DC,11001,District of Columbia,11
MI99,26125,Oakland,26
01TA,48053,Burnet,48
0FL5,12069,Lake,12
26AL,01097,Mobile,01
2LA3,22097,St. Landry,22
29WI,55113,Sawyer,55
AZ60,04027,Yuma,04
45TA,48325,Medina,48
46AZ,04007,Gila,04
55OH,39153,Summit,39
62LA,22113,Vermilion,22
63AZ,04013,Maricopa,04
MO36,29013,Bates,29
MO62,29013,Bates,29
MT85,30111,Yellowstone,30
MT87,30041,Hill,30
8GA0,13121,Fulton,13
TA88,48491,Williamson,48
TS28,48171,Gillespie,48
3OK1,40147,Washington,40
24GA,13121,Fulton,13
68KY,21035,Calloway,21
I45,16069,Nez Perce,16
8AL8,01003,Baldwin,01
37GA,13117,Forsyth,13
53TX,48231,Hunt,48
65KS,20149,Pottawatomie,20
02NJ,34039,Union,34
TA45,48093,Comanche,48
52TE,48439,Tarrant,48
IL73,17001,Adams,17
84FL,12031,Duval,12
94GA,13139,Hall,13
07MI,26115,Monroe,26
0MN9,27111,Otter Tail,27
34TA,48231,Hunt,48
3VA6,51153,Prince William,51
47MI,26055,Grand Traverse,26
58FL,12001,Alachua,12
85MN,27073,Lac qui Parle,27
IL96,17001,Adams,17
TS77,48463,Uvalde,48
4IN2,18029,Dearborn,18
24MN,27057,Hubbard,27
MI72,26093,Livingston,26
18WI,55007,Bayfield,55
68TA,48049,Brown,48
CO30,08001,Adams,08
3FL4,12107,Putnam,12
OR71,41053,Polk,41
63TA,48491,Williamson,48
TX54,48021,Bastrop,48
45AZ,04015,Mohave,04
O99,06027,Inyo,06
3TE7,48497,Wise,48
WI04,55069,Lincoln,55
1FL,12111,St. Lucie,12
IN7,18089,Lake,18
1M6,30075,Powder River,30
IN6,18091,LaPorte,18
UT29,49005,Cache,49
OK98,40149,Washita,40
08TE,48265,Kerr,48
PA34,42095,Northampton,42
MT81,30063,Missoula,30
WY19,56035,Sublette,56
MT40,30111,Yellowstone,30
TE25,48271,Kinney,48
38TA,48053,Burnet,48
WA20,53047,Okanogan,53
9AR9,05031,Craighead,05
UT50,49021,Iron,49
1FD2,12103,Pinellas,12
8NC5,37025,Cabarrus,37
TX98,48113,Dallas,48
UT48,49027,Millard,49
CO77,08039,Elbert,08
31MI,26133,Osceola,26
ID70,16025,Camas,16
95MN,27091,Martin,27
GA93,13113,Fayette,13
VA80,51640,Galax,51
UT94,49003,Box Elder,49
TF9,49009,Daggett,49
2TE8,48443,Terrell,48
NM2,35043,Sandoval,35
FL76,12095,Orange,12
89CA,06079,San Luis Obispo,06
10X,48271,Kinney,48
62TX,48463,Uvalde,48
9AZ2,04015,Mohave,04
CO66,08123,Weld,08
GA19,13179,Liberty,13
LS59,22109,Terrebonne,22
XA84,48201,Harris,48
UT02,49025,Kane,49
UT37,49039,Sanpete,49
9TS3,48479,Webb,48
XA83,48201,Harris,48
TS40,48127,Dimmit,48
OH00,39079,Jackson,39
42FA,12031,Duval,12
6FA7,12031,Duval,12
79MI,26059,Hillsdale,26
81AR,05031,Craighead,05
40TS,48273,Kleberg,48
LS11,22035,East Carroll,22
3IN3,18021,Clay,18
3MI5,26125,Oakland,26
OR62,16069,Nez Perce,16
TE56,48109,Culberson,48
6XS4,48473,Waller,48
85AZ,04013,Maricopa,04
7TE1,48149,Fayette,48
TT13,48021,Bastrop,48
94FA,12005,Bay,12
46TS,48317,Martin,48
TT68,48431,Sterling,48
LA81,22015,Bossier,22
19ME,23003,Aroostook,23
13TX,48035,Bosque,48
XA68,48435,Sutton,48
CO14,08003,Alamosa,08
4PA0,42095,Northampton,42
0MI5,26101,Manistee,26
15SC,45045,Greenville,45
30PA,42129,Westmoreland,42
41OH,39149,Shelby,39
89TE,48439,Tarrant,48
CO69,08037,Eagle,08
IA05,19145,Page,19
IN26,18137,Ripley,18
MI58,26001,Alcona,26
OR19,41033,Josephine,41
SC33,45059,Laurens,45
SC50,45063,Lexington,45
SC93,45077,Pickens,45
VG41,51041,Chesterfield,51
XA64,48251,Johnson,48
0MI0,26129,Ogemaw,26
2MI7,26065,Ingham,26
0IN,18039,Elkhart,18
49WI,55027,Dodge,55
50KS,20099,Labette,20
64WI,55001,Adams,55
81WI,55045,Green,55
8FL5,12091,Okaloosa,12
AZ72,04025,Yavapai,04
IN0,18151,Steuben,18
IN2,18151,Steuben,18
IN5,18087,LaGrange,18
IN50,18143,Scott,18
IN95,18173,Warrick,18
MI50,26161,Washtenaw,26
MT46,30043,Jefferson,30
SD08,46123,Tripp,46
WI02,55021,Columbia,55
XA65,48439,Tarrant,48
13R,08103,Rio Blanco,08
31II,18155,Switzerland,18
92FL,12095,Orange,12
7NY8,36057,Montgomery,36
5TX9,48439,Tarrant,48
15XA,48031,Blanco,48
39AL,01129,Washington,01
TA82,48313,Madison,48
TS80,48127,Dimmit,48
54CA,06065,Riverside,06
TA56,48249,Jim Wells,48
1XS4,48319,Mason,48
TT91,48267,Kimble,48
2TA9,48137,Edwards,48
AL03,01065,Hale,01
3GE9,13095,Dougherty,13
0FD4,12063,Jackson,12
1OR5,41061,Union,41
23FD,12053,Hernando,12
2WA2,53025,Grant,53
3WA6,53027,Grays Harbor,53
5WA2,53073,Whatcom,53
60TA,48401,Rusk,48
76KS,20079,Harvey,20
55CL,06011,Colusa,06
7FD1,12055,Highlands,12
7WA7,53041,Lewis,53
90CO,08103,Rio Blanco,08
AZ77,04013,Maricopa,04
FL36,12043,Glades,12
IA76,19121,Madison,19
OR79,41017,Deschutes,41
OR85,41013,Crook,41
MT89,30029,Flathead,30
LS50,22029,Concordia,22
28TS,48027,Bell,48
TA22,48209,Hays,48
03IA,19137,Montgomery,19
06IN,18105,Monroe,18
15FD,12071,Lee,12
20WA,53067,Thurston,53
23XA,48167,Galveston,48
2GA3,13153,Houston,13
2GA4,13117,Forsyth,13
2GE9,13121,Fulton,13
31NJ,34007,Camden,34
11TA,48499,Wood,48
4MN7,27021,Cass,27
59KS,20001,Allen,20
68KS,20159,Rice,20
93WA,53073,Whatcom,53
CL90,06037,Los Angeles,06
CO70,08123,Weld,08
MN03,27171,Wright,27
MO61,29041,Chariton,29
SC58,45025,Chesterfield,45
SC66,45083,Spartanburg,45
TA12,48473,Waller,48
TA54,48431,Sterling,48
TE44,48231,Hunt,48
TS20,48097,Cooke,48
TS47,48493,Wilson,48
31NY,36119,Westchester,36
45TE,48029,Bexar,48
8MI8,26023,Branch,26
61ME,23015,Lincoln,23
CA93,06111,Ventura,06
18CN,06075,San Francisco,06
OR58,41007,Clatsop,41
WA05,53031,Jefferson,53
97WT,53035,Kitsap,53
9AK9,02122,Kenai Peninsula,02
06AN,02122,Kenai Peninsula,02
AK07,02122,Kenai Peninsula,02
XS79,48053,Burnet,48
5XA6,48327,Menard,48
2TA0,48053,Burnet,48
6TS2,48497,Wise,48
2FA7,12109,St. Johns,12
6TA4,48201,Harris,48
49TA,48051,Burleson,48
TE89,48479,Webb,48
8XS2,48077,Clay,48
MT3,30027,Fergus,30
WH0,30027,Fergus,30
4KS,20007,Barber,20
35X,48497,Wise,48
02TX,48347,Nacogdoches,48
XS39,48381,Randall,48
25TE,48349,Navarro,48
29KY,21037,Campbell,21
35TE,48171,Gillespie,48
TX84,48037,Bowie,48
44NJ,34029,Ocean,34
BGS,06033,Lake,06
BBR,06035,Lassen,06
10NV,32003,Clark,32
12UT,49037,San Juan,49
5WA5,53077,Yakima,53
99VA,51127,New Kent,51
CO49,08101,Pueblo,08
IA26,19161,Sac,19
TE95,48141,El Paso,48
57WA,53065,Stevens,53
TX76,48201,Harris,48
UT59,49021,Iron,49
UT60,49043,Summit,49
WI80,55081,Monroe,55
6CA7,06073,San Diego,06
0TA1,48201,Harris,48
OL33,40027,Cleveland,40
05HI,15001,Hawaii,15
3TS5,48045,Briscoe,48
3FL,12097,Osceola,12
35PA,42009,Bedford,42
LA17,22043,Grant,22
33TE,48181,Grayson,48
89TX,48167,Galveston,48
0NC1,37033,Caswell,37
23MI,26029,Charlevoix,26
1FD5,12086,Miami-Dade,12
4MI0,26091,Lenawee,26
4MN0,27137,St. Louis,27
4MN8,27139,Scott,27
55MI,26163,Wayne,26
5MI3,26155,Shiawassee,26
85WA,53009,Clallam,53
MN79,27137,St. Louis,27
OR76,41005,Clackamas,41
OR82,41043,Linn,41
TN99,47157,Shelby,47
65TA,48439,Tarrant,48
65VA,51003,Albemarle,51
70FL,12086,Miami-Dade,12
TT59,48201,Harris,48
21TE,48481,Wharton,48
AK96,02164,Lake and Peninsula,02
T37,48333,Mills,48
14FD,12086,Miami-Dade,12
76PA,42107,Schuylkill,42
7MO6,29105,Laclede,29
IA12,19107,Keokuk,19
IA39,19119,Lyon,19
OR56,41013,Crook,41
TS75,48185,Grimes,48
86MT,30029,Flathead,30
MT98,30067,Park,30
1SC3,45073,Oconee,45
45TX,48039,Brazoria,48
TX09,48459,Upshur,48
NM16,35017,Grant,35
CL73,06059,Orange,06
36WA,53039,Klickitat,53
A001,23019,Penobscot,23
0WA3,53057,Skagit,53
3CA5,06037,Los Angeles,06
53KY,21067,Fayette,21
55KY,21059,Daviess,21
68OR,41039,Lane,41
70MO,29101,Johnson,29
8KS,20159,Rice,20
89KY,21037,Campbell,21
LS08,22109,Terrebonne,22
MI77,26021,Berrien,26
OK16,40005,Atoka,40
9VA6,51145,Powhatan,51
TE70,48153,Floyd,48
TA40,48067,Cass,48
6TX3,48183,Gregg,48
56FA,12011,Broward,12
25MY,27053,Hennepin,27
FL91,12086,Miami-Dade,12
3FL6,12053,Hernando,12
74CN,06079,San Luis Obispo,06
59AL,01097,Mobile,01
75AL,01097,Mobile,01
20FA,12019,Clay,12
35NY,36059,Nassau,36
3T9,48377,Presidio,48
1MI1,26093,Livingston,26
5CO6,08109,Saguache,08
ID06,16039,Elmore,16
4D2,16059,Lemhi,16
66ID,16049,Idaho,16
O29,16049,Idaho,16
1TE2,48339,Montgomery,48
2FA3,12091,Okaloosa,12
IN4,18003,Allen,18
00TA,48245,Jefferson,48
11TN,47177,Warren,47
28AL,01051,Elmore,01
36NC,37035,Catawba,37
5AZ1,04015,Mohave,04
58TE,48181,Grayson,48
31TA,48339,Montgomery,48
5MO7,29009,Barry,29
78LA,22057,Lafourche,22
84KY,21069,Fleming,21
AL85,01081,Lee,01
35AZ,04003,Cochise,04
CO86,08069,Larimer,08
IA38,19033,Cerro Gordo,19
UT70,49053,Washington,49
UT76,49057,Weber,49
VA36,51187,Warren,51
MO9,29109,Lawrence,29
TA76,48333,Mills,48
CO83,08003,Alamosa,08
MU96,29510,St. Louis,29
UT57,49045,Tooele,49
MI00,26099,Macomb,26
XA58,48073,Cherokee,48
7OK5,40009,Beckham,40
VA86,51095,James City,51
GA34,13277,Tift,13
3MN8,27049,Goodhue,27
OH16,39015,Brown,39
71NJ,34007,Camden,34
31LL,17141,Ogle,17
73CO,08055,Huerfano,08
CO39,08039,Elbert,08
IA22,19135,Monroe,19
8TE0,48345,Motley,48
FL56,12011,Broward,12
07ID,16017,Bonner,16
2IL6,17183,Vermilion,17
0KY9,21017,Bourbon,21
4M4,26057,Gratiot,26
LC0,30005,Blaine,30
3FA1,12057,Hillsborough,12
XS36,48415,Scurry,48
3FA9,12095,Orange,12
3FD1,12083,Marion,12
58XA,48137,Edwards,48
6FA6,12101,Pasco,12
MN15,27139,Scott,27
8KY3,21213,Simpson,21
MO52,29055,Crawford,29
TX49,48005,Angelina,48
TS51,48057,Calhoun,48
90PN,42021,Cambria,42
50NM,35043,Sandoval,35
7TE8,48283,La Salle,48
92TX,48281,Lampasas,48
1TX1,48439,Tarrant,48
IS18,17203,Woodford,17
ID15,16081,Teton,16
28GA,13225,Peach,13
6MN7,27049,Goodhue,27
42MI,26145,Saginaw,26
47MO,29161,Phelps,29
46MO,29105,Laclede,29
TN24,47181,Wayne,47
OR24,41047,Marion,41
51XA,48085,Collin,48
38TX,48113,Dallas,48
NV03,32005,Douglas,32
56M,26155,Shiawassee,26
HD6,26147,St. Clair,26
11OK,40109,Oklahoma,40
2FD8,12015,Charlotte,12
88TE,48441,Taylor,48
AL04,01103,Morgan,01
IA15,19065,Fayette,19
IA68,19163,Scott,19
IN21,18131,Pulaski,18
MO15,29077,Greene,29
11WY,56011,Crook,56
62NR,37025,Cabarrus,37
85TN,47123,Monroe,47
90MS,28151,Washington,28
NE36,31041,Custer,31
NR82,37047,Columbus,37
25OK,40137,Stephens,40
5R5,36121,Wyoming,36
VA20,51001,Accomack,51
WY61,56001,Albany,56
2CO2,08003,Alamosa,08
IA42,19013,Black Hawk,19
0TX8,48089,Colorado,48
CA74,06077,San Joaquin,06
7CO1,08077,Mesa,08
1TA1,48417,Shackelford,48
45GA,13255,Spalding,13
IL09,17031,Cook,17
IA06,19167,Sioux,19
2LL3,17107,Logan,17
IN32,18131,Pulaski,18
LA42,22063,Livingston,22
21IN,18123,Perry,18
XS92,48041,Brazos,48
6TX1,48319,Mason,48
9NC0,37119,Mecklenburg,37
49MI,26007,Alpena,26
36MI,26121,Muskegon,26
MA62,25007,Dukes,25
13OH,39109,Miami,39
07FL,12017,Citrus,12
0KY6,21099,Hart,21
7S2,30069,Petroleum,30
11C,26077,Kalamazoo,26
1KS5,20103,Leavenworth,20
7FL3,12031,Duval,12
8MI5,26093,Livingston,26
DE22,10005,Sussex,10
MU99,29161,Phelps,29
NM18,35029,Luna,35
NM54,35003,Catron,35
NY41,36117,Wayne,36
30XS,48177,Gonzales,48
57MI,26055,Grand Traverse,26
TN51,47145,Roane,47
VA65,51163,Rockbridge,51
17KS,20169,Saline,20
53IL,17155,Putnam,17
LA58,22071,Orleans,22
5IL4,17189,Washington,17
5KY9,21125,Laurel,21
5MD3,24043,Washington,24
5KY3,21151,Madison,21
95MU,29055,Crawford,29
9KY6,21013,Bell,21
6WI6,55129,Washburn,55
7NC8,37189,Watauga,37
14MT,30041,Hill,30
68OH,39145,Scioto,39
3WA9,53009,Clallam,53
6TX2,48463,Uvalde,48
TX36,48035,Bosque,48
71TT,48355,Nueces,48
TS25,48091,Comal,48
TS46,48299,Llano,48
3PS6,42011,Berks,42
0TA8,48319,Mason,48
0TE3,48201,Harris,48
41VA,51179,Stafford,51
WV68,54003,Berkeley,54
0CA1,06001,Alameda,06
7CO5,08005,Arapahoe,08
39AR,05085,Lonoke,05
75GA,13021,Bibb,13
7IL6,17043,DuPage,17
GA42,13087,Decatur,13
FL40,12027,DeSoto,12
06WI,55075,Marinette,55
0CO5,08039,Elbert,08
02FL,12057,Hillsborough,12
10NY,36031,Essex,36
13FD,12105,Polk,12
27AK,02170,Matanuska-Susitna,02
5MN8,27035,Crow Wing,27
8MI0,26017,Bay,26
99MI,26115,Monroe,26
1LS4,22071,Orleans,22
IA47,19033,Cerro Gordo,19
IA61,19121,Madison,19
IA62,19089,Howard,19
TN54,47179,Washington,47
87LA,22099,St. Martin,22
45XA,48085,Collin,48
09XA,48029,Bexar,48
21XA,48029,Bexar,48
XA49,48121,Denton,48
43CO,08029,Delta,08
CO29,08045,Garfield,08
CO81,08123,Weld,08
IL35,17203,Woodford,17
1LA4,22017,Caddo,22
IL33,17065,Hamilton,17
14FL,12103,Pinellas,12
14IN,18039,Elkhart,18
19TE,48277,Lamar,48
02MN,27059,Isanti,27
06MN,27061,Itasca,27
19OH,39005,Ashland,39
1OH7,39061,Hamilton,39
1OI7,39017,Butler,39
2MI3,26057,Gratiot,26
3KS1,20131,Nemaha,20
40MO,29053,Cooper,29
41MN,27139,Scott,27
4KS4,20035,Cowley,20
63PA,42095,Northampton,42
85LA,22033,East Baton Rouge,22
95XS,48201,Harris,48
GA65,13211,Morgan,13
IA65,19097,Jackson,19
ID45,16069,Nez Perce,16
OR84,41013,Crook,41
OR92,41059,Umatilla,41
SC05,45015,Berkeley,45
TA68,48491,Williamson,48
XA35,48231,Hunt,48
11NY,36027,Dutchess,36
60CO,08045,Garfield,08
VG93,51059,Fairfax,51
MN38,27147,Steele,27
MS20,28121,Rankin,28
7MO7,29011,Barton,29
2OK6,40035,Craig,40
OK44,40105,Nowata,40
74TA,48209,Hays,48
3PA1,42071,Lancaster,42
TN93,47125,Montgomery,47
21UT,49045,Tooele,49
52NK,36065,Oneida,36
1UT,49057,Weber,49
2UT,49057,Weber,49
UT91,49053,Washington,49
09UT,49037,San Juan,49
OH99,39125,Paulding,39
38MU,29097,Jasper,29
86MU,29109,Lawrence,29
74GA,13077,Coweta,13
24FD,12097,Osceola,12
NV36,32023,Nye,32
OR67,41043,Linn,41
T34,48167,Galveston,48
10IN,18055,Greene,18
33PA,42003,Allegheny,42
5KS2,20043,Doniphan,20
86KY,21037,Campbell,21
89MN,27097,Morrison,27
IA75,19013,Black Hawk,19
IA77,19153,Polk,19
ID39,16037,Custer,16
MU42,29095,Jackson,29
OR98,41023,Grant,41
NM59,35025,Lea,35
1MO2,29159,Pettis,29
NE15,31063,Frontier,31
VA67,51071,Giles,51
20SC,45019,Charleston,45
5TX1,48319,Mason,48
12MS,28049,Hinds,28
IN68,18177,Wayne,18
OH06,39069,Henry,39
18IN,18099,Marshall,18
27TX,48149,Fayette,48
28IN,18003,Allen,18
73G,26139,Ottawa,26
2MI4,26135,Oscoda,26
32IN,18115,Ohio,18
4MI3,26005,Allegan,26
5MI4,26049,Genesee,26
75OH,39023,Clark,39
80LA,22009,Avoyelles,22
AL15,01059,Franklin,01
WA70,53027,Grays Harbor,53
NM60,35006,Cibola,35
MD84,24017,Charles,24
OK05,40035,Craig,40
6IL3,17147,Piatt,17
3AL7,01121,Talladega,01
MO06,29209,Stone,29
35CN,06099,Stanislaus,06
33MN,27115,Pine,27
75XS,48489,Willacy,48
82TA,48451,Tom Green,48
92XA,48469,Victoria,48
42ID,16015,Boise,16
41GE,13223,Paulding,13
7CO3,08035,Douglas,08
58T,48497,Wise,48
85OH,39173,Wood,39
C61,26117,Montcalm,26
ID76,16085,Valley,16
34NJ,34011,Cumberland,34
1FA4,12031,Duval,12
81CA,06029,Kern,06
NV56,32003,Clark,32
53XA,48039,Brazoria,48
GA46,13039,Camden,13
LL59,17163,St. Clair,17
0MS7,28047,Harrison,28
59TN,47095,Lake,47
VA77,51147,Prince Edward,51
8TX6,48319,Mason,48
73TX,48471,Walker,48
19OK,40123,Pontotoc,40
6TE4,48387,Red River,48
20PA,42081,Lycoming,42
MI91,26023,Branch,26
08TS,48217,Hill,48
MD26,24013,Carroll,24
5VA4,51101,King William,51
43VA,51059,Fairfax,51
3SD6,46029,Codington,46
9PA3,42073,Lawrence,42
67TX,48379,Rains,48
63NC,37101,Johnston,37
0IL3,17019,Champaign,17
0KS2,20035,Cowley,20
96TS,48467,Van Zandt,48
IA07,19195,Worth,19
IA14,19001,Adair,19
IA66,19013,Black Hawk,19
ID93,16083,Twin Falls,16
TA20,48215,Hidalgo,48
TX16,48181,Grayson,48
UT62,49043,Summit,49
03VA,51177,Spotsylvania,51
4WI6,55023,Crawford,55
NM03,35055,Taos,35
2TN3,47117,Marshall,47
25PA,42125,Washington,42
TX28,48035,Bosque,48
TA35,48425,Somervell,48
T28,48497,Wise,48
3PS3,42095,Northampton,42
43AS,05107,Phillips,05
51AS,05107,Phillips,05
26AS,05107,Phillips,05
22C,26117,Montcalm,26
2GA7,13031,Bulloch,13
2IL4,17097,Lake,17
2IL5,17031,Cook,17
3IL7,17203,Woodford,17
57AK,02170,Matanuska-Susitna,02
5KS4,20011,Bourbon,20
6KS1,20111,Lyon,20
6KS3,20173,Sedgwick,20
7KS7,20025,Clark,20
AK64,02170,Matanuska-Susitna,02
CO91,08041,El Paso,08
NE24,31153,Sarpy,31
OH90,39013,Belmont,39
6AR5,05085,Lonoke,05
TX90,48481,Wharton,48
TS05,48391,Refugio,48
TS90,48463,Uvalde,48
AR69,05007,Benton,05
90MI,26099,Macomb,26
OK83,40067,Jefferson,40
39PA,42055,Franklin,42
36MS,28151,Washington,28
41D,26125,Oakland,26
37FD,12053,Hernando,12
77TX,48367,Parker,48
8MI1,26049,Genesee,26
FL23,12113,Santa Rosa,12
MI56,26089,Leelanau,26
MI69,26097,Mackinac,26
MU46,29037,Cass,29
OH56,39089,Licking,39
TX77,48453,Travis,48
SC84,45063,Lexington,45
UT40,49041,Sevier,49
72MN,27073,Lac qui Parle,27
MN71,27121,Pope,27
WA11,53061,Snohomish,53
WA58,53031,Jefferson,53
TX88,48133,Eastland,48
OR03,41061,Union,41
26CL,06073,San Diego,06
24OH,39113,Montgomery,39
OA35,39057,Greene,39
57XS,48059,Callahan,48
09MN,27123,Ramsey,27
0IA6,19089,Howard,19
CA54,06037,Los Angeles,06
18SC,45081,Saluda,45
21MO,29215,Texas,29
22NE,31055,Douglas,31
2IA7,19049,Dallas,19
54MN,27007,Beltrami,27
6IL0,17143,Peoria,17
6IL6,17095,Knox,17
72XS,48387,Red River,48
I24,17203,Woodford,17
8IL6,17203,Woodford,17
9IL3,17203,Woodford,17
AL31,01097,Mobile,01
MI47,26077,Kalamazoo,26
MO89,29099,Jefferson,29
PN39,42029,Chester,42
SD42,46103,Pennington,46
TA27,48499,Wood,48
TS70,48349,Navarro,48
TX12,48101,Cottle,48
38IL,17099,LaSalle,17
17FD,12107,Putnam,12
94IL,17119,Madison,17
FD82,12011,Broward,12
IA80,19005,Allamakee,19
NC47,37183,Wake,37
TX33,48201,Harris,48
0MN5,27083,Lyon,27
16MN,27021,Cass,27
19TS,48131,Duval,48
37MN,27127,Redwood,27
3OH2,39015,Brown,39
41IL,17097,Lake,17
43PN,42049,Erie,42
4PS7,42101,Philadelphia,42
62TS,48497,Wise,48
NC35,37193,Wilkes,37
PN43,42115,Susquehanna,42
SD62,46103,Pennington,46
VA63,51015,Augusta,51
ID90,16027,Canyon,16
54LA,22069,Natchitoches,22
64MS,28151,Washington,28
04AZ,04015,Mohave,04
07AZ,04013,Maricopa,04
0KS3,20035,Cowley,20
17AZ,04013,Maricopa,04
20AZ,04015,Mohave,04
3PN8,42029,Chester,42
6MO9,29121,Macon,29
76MU,29175,Randolph,29
7PS4,42025,Carbon,42
84OH,39023,Clark,39
84TA,48027,Bell,48
9NE6,31005,Arthur,31
AL06,01041,Crenshaw,01
FL26,12071,Lee,12
FL79,12086,Miami-Dade,12
IA94,19069,Franklin,19
ID83,16069,Nez Perce,16
ND92,38055,McLean,38
NE52,31147,Richardson,31
NE73,31089,Holt,31
NK47,36101,Steuben,36
SC36,45083,Spartanburg,45
TA83,48469,Victoria,48
03AN,02170,Matanuska-Susitna,02
98AA,02122,Kenai Peninsula,02
09AN,02122,Kenai Peninsula,02
27PN,42095,Northampton,42
3GA7,13269,Taylor,13
5AR8,05015,Carroll,05
5FD5,12095,Orange,12
6FL2,12109,St. Johns,12
6KS6,20121,Miami,20
98IA,19127,Marshall,19
9OH9,39035,Cuyahoga,39
MI04,26049,Genesee,26
MI33,26163,Wayne,26
TN45,47007,Bledsoe,47
VA59,51173,Smyth,51
4IN0,18009,Blackford,18
24NR,37109,Lincoln,37
92MD,24031,Montgomery,24
IA02,19071,Fremont,19
1GA6,13273,Terrell,13
20CT,09013,Tolland,09
8FL9,12113,Santa Rosa,12
9OH4,39093,Lorain,39
AL73,01073,Jefferson,01
LA04,22041,Franklin,22
LS46,22003,Allen,22
MT82,30039,Granite,30
OR97,41043,Linn,41
TS41,48463,Uvalde,48
7FD3,12086,Miami-Dade,12
05TN,47157,Shelby,47
22XA,48193,Hamilton,48
GA49,13071,Colquitt,13
VG10,51760,Richmond,51
08IL,17037,DeKalb,17
14MA,25015,Hampshire,25
43FL,12069,Lake,12
70MN,27057,Hubbard,27
7FL2,12101,Pasco,12
8FD8,12115,Sarasota,12
CA48,06037,Los Angeles,06
FL83,12005,Bay,12
FL46,12095,Orange,12
MT26,30029,Flathead,30
MT68,30057,Madison,30
XS46,48175,Goliad,48
5NY3,36063,Niagara,36
FL47,12099,Palm Beach,12
0FL4,12115,Sarasota,12
34FL,12107,Putnam,12
40FL,12015,Charlotte,12
AZ19,04003,Cochise,04
54TT,48491,Williamson,48
70TX,48323,Maverick,48
NV88,32013,Humboldt,32
20NV,32031,Washoe,32
TE61,48227,Howard,48
34PA,42043,Dauphin,42
52TN,47003,Bedford,47
5FL9,12127,Volusia,12
FL03,12119,Sumter,12
76MO,29167,Polk,29
51LA,22105,Tangipahoa,22
65GA,13121,Fulton,13
5GA1,13033,Burke,13
70GA,13111,Fannin,13
I26,17161,Rock Island,17
GA02,13293,Upson,13
OR80,41063,Wallowa,41
NV11,32007,Elko,32
ID31,16085,Valley,16
OR60,41029,Jackson,41
TN59,47157,Shelby,47
TN62,47187,Williamson,47
WA69,53051,Pend Oreille,53
XS22,48077,Clay,48
8GA5,13267,Tattnall,13
54FD,12095,Orange,12
IA28,19075,Grundy,19
36MN,27037,Dakota,27
75OK,40097,Mayes,40
WA47,53057,Skagit,53
6IA6,19185,Wayne,19
LS21,22001,Acadia,22
62KT,21065,Estill,21
OR16,41045,Malheur,41
57IL,17197,Will,17
LA89,22057,Lafourche,22
IN97,18003,Allen,18
23MO,29041,Chariton,29
0MN1,27139,Scott,27
AN0,02122,Kenai Peninsula,02
O48,16069,Nez Perce,16
O68,16049,Idaho,16
00XS,48131,Duval,48
49NE,31055,Douglas,31
8TX5,48043,Brewster,48
CO98,08059,Jefferson,08
NV26,32001,Churchill,32
MT66,30081,Ravalli,30
OR01,41063,Wallowa,41
WY02,56021,Laramie,56
WY08,56039,Teton,56
98IN,18091,LaPorte,18
54NY,36071,Orange,36
9NC6,37093,Hoke,37
MN04,27019,Carver,27
34LS,22103,St. Tammany,22
04KS,20025,Clark,20
03WI,55089,Ozaukee,55
07WI,55127,Walworth,55
08WI,55009,Brown,55
0KS6,20051,Ellis,20
14FA,12073,Leon,12
4PA3,42027,Centre,42
5MI8,26125,Oakland,26
84IL,17085,Jo Daviess,17
AZ68,04007,Gila,04
CO94,08055,Huerfano,08
ID63,16045,Gem,16
MT56,30111,Yellowstone,30
NR92,37031,Carteret,37
NV44,32019,Lyon,32
NV49,32031,Washoe,32
TA28,48489,Willacy,48
WI48,55039,Fond du Lac,55
29TA,48085,Collin,48
21TX,48277,Lamar,48
67KY,21117,Kenton,21
85TS,48113,Dallas,48
ID50,16059,Lemhi,16
NV28,32021,Mineral,32
XA45,48171,Gillespie,48
XS05,48497,Wise,48
04MO,29095,Jackson,29
05MO,29103,Knox,29
20KS,20157,Republic,20
2WI2,55139,Winnebago,55
32NK,36087,Rockland,36
92KY,21049,Clark,21
IA20,19181,Warren,19
FA77,12009,Brevard,12
NK63,36121,Wyoming,36
NM20,35029,Luna,35
TA63,48373,Polk,48
TE55,48291,Liberty,48
TN73,47149,Rutherford,47
14MO,29085,Hickory,29
23NE,31067,Gage,31
31WI,55135,Waupaca,55
6VA7,51630,Fredericksburg,51
7MI5,26161,Washtenaw,26
NV29,32023,Nye,32
MN20,27061,Itasca,27
NV47,32013,Humboldt,32
NV68,32013,Humboldt,32
19TX,48491,Williamson,48
60LA,22065,Madison,22
MS62,28055,Issaquena,28
50MN,27011,Big Stone,27
13MN,27019,Carver,27
1FD0,12035,Flagler,12
3MN1,27095,Mille Lacs,27
3WI7,55101,Racine,55
8MN8,27021,Cass,27
MN21,27045,Fillmore,27
29IL,17099,LaSalle,17
76A,05067,Jackson,05
CO99,08035,Douglas,08
I01,18087,LaGrange,18
15MO,29027,Callaway,29
24FA,12069,Lake,12
26FA,12057,Hillsborough,12
31MN,27039,Dodge,27
4PN9,42111,Somerset,42
IN09,18059,Hancock,18
FA31,12086,Miami-Dade,12
PA22,42129,Westmoreland,42
WA99,53045,Mason,53
MS33,28135,Tallahatchie,28
19MO,29161,Phelps,29
30GA,13035,Butts,13
3NY9,36063,Niagara,36
ID97,16037,Custer,16
OR26,41047,Marion,41
PS35,42133,York,42
WI75,55131,Washington,55
3PS2,42009,Bedford,42
4WA6,53009,Clallam,53
64OH,39165,Warren,39
99FL,12033,Escambia,12
AN05,02090,Fairbanks North Star,02
FD13,12005,Bay,12
IN16,18089,Lake,18
PN56,42037,Columbia,42
VA89,51057,Essex,51
83KS,20015,Butler,20
9AR4,05119,Pulaski,05
19IN,18113,Noble,18
TX01,48453,Travis,48
29NY,36087,Rockland,36
4PN4,42081,Lycoming,42
75NJ,34015,Gloucester,34
CL18,06037,Los Angeles,06
CL88,06037,Los Angeles,06
MT34,30031,Gallatin,30
OK66,40119,Payne,40
PN83,42107,Schuylkill,42
TN41,47179,Washington,47
TN68,47159,Smith,47
CO04,08123,Weld,08
69WA,53007,Chelan,53
WY37,56035,Sublette,56
7PA4,42065,Jefferson,42
AL72,01089,Madison,01
CO28,08017,Cheyenne,08
MN54,27061,Itasca,27
MO88,29019,Boone,29
1MI6,26161,Washtenaw,26
4WN4,55089,Ozaukee,55
1WA7,53033,King,53
30ID,16013,Blaine,16
36NY,36089,St. Lawrence,36
26MO,29049,Clinton,29
6AL3,01117,Shelby,01
44AR,05125,Saline,05
4PS6,42017,Bucks,42
25TX,48339,Montgomery,48
3FA2,12101,Pasco,12
9AL9,01089,Madison,01
74XS,48037,Bowie,48
75KS,20099,Labette,20
9AL0,01103,Morgan,01
NY86,36065,Oneida,36
TN75,47057,Grainger,47
TN78,47065,Hamilton,47
XA39,48029,Bexar,48
TA03,48167,Galveston,48
82ME,23003,Aroostook,23
14OR,41013,Crook,41
55D,26151,Sanilac,26
4MI8,26151,Sanilac,26
MI03,26063,Huron,26
08IN,18053,Grant,18
1MT4,30029,Flathead,30
81TE,48049,Brown,48
5AR4,05095,Monroe,05
93OH,39055,Geauga,39
2SD3,46045,Edmunds,46
OL23,40073,Kingfisher,40
OK61,40109,Oklahoma,40
29MD,24019,Dorchester,24
47AR,05119,Pulaski,05
60OH,39085,Lake,39
87OH,39007,Ashtabula,39
94MO,29095,Jackson,29
97OH,39085,Lake,39
IN19,18089,Lake,18
MN73,27061,Itasca,27
OK90,40137,Stephens,40
PN29,42071,Lancaster,42
PN33,42001,Adams,42
PS42,42105,Potter,42
SD25,46093,Meade,46
TA60,48491,Williamson,48
TE05,48357,Ochiltree,48
TE92,48121,Denton,48
9TX2,48303,Lubbock,48
18MI,26025,Calhoun,26
2KS3,20119,Meade,20
30IN,18023,Clinton,18
44MO,29151,Osage,29
57MO,29125,Maries,29
65AR,05063,Independence,05
6MI8,26021,Berrien,26
72WI,55065,Lafayette,55
99KY,21049,Clark,21
MY17,27049,Goodhue,27
OK32,40027,Cleveland,40
07TN,47097,Lauderdale,47
0KY3,21081,Grant,21
00TN,47189,Wilson,47
0KY2,21231,Wayne,21
4MD5,24009,Calvert,24
4PA9,42091,Montgomery,42
87KS,20167,Russell,20
FD23,12119,Sumter,12
MT63,30049,Lewis and Clark,30
NH66,33015,Rockingham,33
OK56,40027,Cleveland,40
TX14,48477,Washington,48
2PS6,42027,Centre,42
34IN,18003,Allen,18
51SC,45091,York,45
5PS4,42053,Forest,42
AZ42,04015,Mohave,04
CO09,08123,Weld,08
NM28,35001,Bernalillo,35
NY58,42127,Wayne,42
OR48,41033,Josephine,41
TA77,48339,Montgomery,48
UT99,49049,Utah,49
WY45,56021,Laramie,56
0AK,02158,Kusilvak,02
CO92,08023,Costilla,08
NM99,35039,Rio Arriba,35
11GA,13295,Walker,13
15AZ,04017,Navajo,04
24LA,22005,Ascension,22
26IL,17027,Clinton,17
72NY,36043,Herkimer,36
76NJ,34021,Mercer,34
AL61,01077,Lauderdale,01
CN10,06037,Los Angeles,06
CT31,09013,Tolland,09
FA14,12097,Osceola,12
VG65,51131,Northampton,51
MT96,30049,Lewis and Clark,30
MT84,30047,Lake,30
TA72,48029,Bexar,48
TN47,47089,Jefferson,47
TN81,47161,Stewart,47
OH50,39035,Cuyahoga,39
22MN,27061,Itasca,27
28IA,19113,Linn,19
30AZ,04009,Graham,04
3VG5,51143,Pittsylvania,51
3FA4,12095,Orange,12
4MN2,27077,Lake of the Woods,27
52MO,29101,Johnson,29
5KS3,20163,Rooks,20
6CO5,08087,Morgan,08
8MI2,26065,Ingham,26
MI92,26065,Ingham,26
MI36,26089,Leelanau,26
MS92,28143,Tunica,28
PA23,42025,Carbon,42
PS23,42067,Juniata,42
XA00,48231,Hunt,48
XS89,48231,Hunt,48
05UT,49053,Washington,49
14TA,48485,Wichita,48
1CA8,06049,Modoc,06
28IL,17111,McHenry,17
2KY8,21067,Fayette,21
3KY2,21067,Fayette,21
4KY0,21231,Wayne,21
4KY3,21215,Spencer,21
4MI9,26081,Kent,26
71MN,27085,McLeod,27
7MI9,26081,Kent,26
95MO,29009,Barry,29
MY43,27151,Swift,27
OH74,39053,Gallia,39
OL04,40021,Cherokee,40
VG31,51035,Carroll,51
1MI4,26145,Saginaw,26
95NE,31107,Knox,31
83MS,28121,Rankin,28
NC36,37053,Currituck,37
20MN,27053,Hennepin,27
34AZ,04027,Yuma,04
4KY8,21175,Morgan,21
4AR4,05021,Clay,05
5KY2,21211,Shelby,21
77VA,51067,Franklin,51
7VA5,51031,Campbell,51
80NC,37023,Burke,37
8MN1,27081,Lincoln,27
CA36,06081,San Mateo,06
CA45,06113,Yolo,06
NM31,35045,San Juan,35
TA90,48221,Hood,48
26LA,22113,Vermilion,22
60WN,53039,Klickitat,53
TN95,47095,Lake,47
87TN,47131,Obion,47
NE39,31141,Platte,31
03CO,08109,Saguache,08
2AK7,02170,Matanuska-Susitna,02
2ID7,16075,Payette,16
2SD8,46099,Minnehaha,46
53WA,53005,Benton,53
6KY7,21115,Johnson,21
73TS,48413,Schleicher,48
76TX,48201,Harris,48
7KS6,20161,Riley,20
9AL6,01069,Houston,01
AL47,01003,Baldwin,01
CN96,06093,Siskiyou,06
NC76,37149,Polk,37
TE12,48031,Blanco,48
TN86,47125,Montgomery,47
87MS,28081,Lee,28
11OR,41035,Klamath,41
57PN,42117,Tioga,42
36AZ,04021,Pinal,04
3FD4,12109,St. Johns,12
42TS,48171,Gillespie,48
47CN,06089,Shasta,06
4PN8,42001,Adams,42
56MO,29027,Callaway,29
78AR,05089,Marion,05
AL68,01033,Colbert,01
AL80,01073,Jefferson,01
MT73,30045,Judith Basin,30
ND32,38039,Griggs,38
NM61,35037,Quay,35
TA95,48205,Hartley,48
VA26,51710,Norfolk,51
VA34,51199,York,51
27CO,08069,Larimer,08
21TN,47093,Knox,47
2MO5,29081,Harrison,29
33IA,19139,Muscatine,19
5FD3,12081,Manatee,12
70OH,39155,Trumbull,39
7OK7,40139,Texas,40
CO61,08043,Fremont,08
SD38,46103,Pennington,46
7XA1,48355,Nueces,48
TT23,48061,Cameron,48
5NK6,36057,Montgomery,36
62TN,47171,Unicoi,47
6MO8,29043,Christian,29
7S1,45005,Allendale,45
01TX,48503,Young,48
47TN,47037,Davidson,47
78VA,51075,Goochland,51
8MO4,29123,Madison,29
9WN6,55117,Sheboygan,55
IL46,17197,Will,17
NR01,37173,Swain,37
MI79,26029,Charlevoix,26
NY39,36013,Chautauqua,36
4VA4,51199,York,51
53TS,48085,Collin,48
59CO,08123,Weld,08
6KS7,20155,Reno,20
7IL3,17111,McHenry,17
75NC,37081,Guilford,37
81FD,12097,Osceola,12
88OK,40137,Stephens,40
CL48,06037,Los Angeles,06
FA07,12093,Okeechobee,12
MD96,24041,Talbot,24
NY75,36121,Wyoming,36
TX95,48453,Travis,48
VA33,51063,Floyd,51
VA91,51770,Roanoke,51
WV47,54067,Nicholas,54
2MO8,29039,Cedar,29
2NK5,36065,Oneida,36
42IN,18113,Noble,18
43CA,06073,San Diego,06
90AR,05031,Craighead,05
8IL3,17139,Moultrie,17
OH51,39037,Darke,39
PA83,42041,Cumberland,42
13TT,48325,Medina,48
38MS,28053,Humphreys,28
21OR,41059,Umatilla,41
38AZ,04025,Yavapai,04
40OR,41029,Jackson,41
53AZ,04015,Mohave,04
64MN,27021,Cass,27
75CO,08123,Weld,08
7MN0,27005,Becker,27
93AR,05149,Yell,05
CD05,08055,Huerfano,08
FA63,12053,Hernando,12
MY88,27105,Nobles,27
PN47,42017,Bucks,42
PN85,42027,Centre,42
WA60,53037,Kittitas,53
XA28,48423,Smith,48
XA81,48147,Fannin,48
XA82,48453,Travis,48
XS63,48029,Bexar,48
SD28,46065,Hughes,46
10KY,21219,Todd,21
1IN8,18003,Allen,18
3UT7,49051,Wasatch,49
7MD6,24047,Worcester,24
OI21,39141,Ross,39
07PA,42049,Erie,42
SC49,45009,Bamberg,45
UT73,49053,Washington,49
UT77,49017,Garfield,49
VA38,51810,Virginia Beach,51
VA47,51165,Rockingham,51
VA51,51195,Wise,51
VA53,51103,Lancaster,51
VA74,51109,Louisa,51
UT00,49025,Kane,49
UT03,49017,Garfield,49
UT04,49019,Grand,49
UT05,49035,Salt Lake,49
UT09,49007,Carbon,49
UT10,49049,Utah,49
UT11,49035,Salt Lake,49
UT12,49021,Iron,49
UT13,49035,Salt Lake,49
UT14,49003,Box Elder,49
UT15,49021,Iron,49
UT16,49057,Weber,49
UT17,49017,Garfield,49
UT19,49035,Salt Lake,49
UT21,49035,Salt Lake,49
UT22,49005,Cache,49
UT23,49035,Salt Lake,49
UT24,49025,Kane,49
UT25,49037,San Juan,49
UT26,49017,Garfield,49
UT28,49021,Iron,49
UT30,49025,Kane,49
UT31,49035,Salt Lake,49
UT32,49047,Uintah,49
UT33,49035,Salt Lake,49
UT34,49045,Tooele,49
UT35,49049,Utah,49
UT36,49053,Washington,49
UT38,49019,Grand,49
UT39,49011,Davis,49
UT41,49049,Utah,49
UT42,49019,Grand,49
UT43,49021,Iron,49
UT44,49011,Davis,49
UT45,49035,Salt Lake,49
UT46,49045,Tooele,49
UT47,49053,Washington,49
UT49,49027,Millard,49
UT51,49049,Utah,49
UT52,49053,Washington,49
UT53,49037,San Juan,49
UT54,49053,Washington,49
UT55,49035,Salt Lake,49
UT56,49049,Utah,49
UT58,49047,Uintah,49
UT61,49013,Duchesne,49
UT63,49035,Salt Lake,49
UT64,49035,Salt Lake,49
UT65,49045,Tooele,49
UT66,49035,Salt Lake,49
UT67,49047,Uintah,49
UT69,49047,Uintah,49
UT71,49045,Tooele,49
UT72,49019,Grand,49
UT74,49037,San Juan,49
UT75,49019,Grand,49
UT78,49049,Utah,49
UT79,49047,Uintah,49
UT80,49021,Iron,49
UT81,49037,San Juan,49
UT82,49021,Iron,49
UT83,49013,Duchesne,49
UT84,49035,Salt Lake,49
UT85,49049,Utah,49
UT86,49045,Tooele,49
UT87,49035,Salt Lake,49
UT89,49005,Cache,49
UT90,49005,Cache,49
UT92,49047,Uintah,49
UT95,49035,Salt Lake,49
UT97,49055,Wayne,49
UT98,49035,Salt Lake,49
UT9,49049,Utah,49
VA00,51015,Augusta,51
VA02,51089,Henry,51
VA03,51019,Bedford,51
VA04,51023,Botetourt,51
VA06,51063,Floyd,51
VA07,51185,Tazewell,51
VA08,51103,Lancaster,51
VA10,51121,Montgomery,51
VA11,51173,Smyth,51
VA12,51089,Henry,51
VA13,51031,Campbell,51
VA17,51171,Shenandoah,51
VA19,51003,Albemarle,51
VA21,51003,Albemarle,51
VA23,51193,Westmoreland,51
VA24,51011,Appomattox,51
VA25,51117,Mecklenburg,51
VA27,51141,Patrick,51
VA28,51037,Charlotte,51
VA29,51047,Culpeper,51
VA30,51047,Culpeper,51
VA31,51133,Northumberland,51
VA32,51171,Shenandoah,51
VA35,51149,Prince George,51
VA39,51149,Prince George,51
VA40,51083,Halifax,51
VA41,51001,Accomack,51
VA42,51179,Stafford,51
VA46,51069,Frederick,51
VA48,51067,Franklin,51
VA50,51085,Hanover,51
VA52,51165,Rockingham,51
VA54,51059,Fairfax,51
VA55,51023,Botetourt,51
VA56,51093,Isle of Wight,51
VA57,51099,King George,51
VA58,51171,Shenandoah,51
VA60,51107,Loudoun,51
VA61,51107,Loudoun,51
VA62,51107,Loudoun,51
VA66,51061,Fauquier,51
VA68,51019,Bedford,51
VA70,51073,Gloucester,51
VA72,51089,Henry,51
VA73,51041,Chesterfield,51
VA78,51181,Surry,51
VA79,51061,Fauquier,51
VA81,51109,Louisa,51
VA82,51059,Fairfax,51
VA83,51023,Botetourt,51
VA85,51045,Craig,51
8VA9,51153,Prince William,51
VA88,51710,Norfolk,51
VA92,51001,Accomack,51
VA93,51171,Shenandoah,51
VA94,51145,Powhatan,51
VA96,51125,Nelson,51
VA98,51133,Northumberland,51
VA99,51133,Northumberland,51
VBW,51165,Rockingham,51
VG01,51037,Charlotte,51
VG02,51087,Henrico,51
VG03,51550,Chesapeake,51
VG04,51199,York,51
VG05,51075,Goochland,51
VG06,51009,Amherst,51
VG07,51047,Culpeper,51
VG08,51121,Montgomery,51
VG09,51131,Northampton,51
VG11,51093,Isle of Wight,51
VG12,51137,Orange,51
VG13,51103,Lancaster,51
VG14,51171,Shenandoah,51
VG15,51103,Lancaster,51
VG16,51141,Patrick,51
VG17,51041,Chesterfield,51
VG18,51171,Shenandoah,51
VG19,51001,Accomack,51
VG20,51001,Accomack,51
VG22,51125,Nelson,51
VG24,51085,Hanover,51
VG25,51019,Bedford,51
VG27,51019,Bedford,51
VG28,51175,Southampton,51
VG29,51159,Richmond,51
VG30,51131,Northampton,51
VG32,51029,Buckingham,51
VG33,51131,Northampton,51
VG34,51117,Mecklenburg,51
VG35,51650,Hampton,51
VG36,51037,Charlotte,51
VG37,51800,Suffolk,51
VG40,51067,Franklin,51
VG42,51149,Prince George,51
VG43,51137,Orange,51
VG46,51067,Franklin,51
VG47,51770,Roanoke,51
VG48,51199,York,51
VG49,51057,Essex,51
VG50,51195,Wise,51
VG51,51800,Suffolk,51
VG52,51125,Nelson,51
VG53,51067,Franklin,51
VG54,51165,Rockingham,51
VG55,51171,Shenandoah,51
VG56,51001,Accomack,51
VG57,51061,Fauquier,51
VG58,51067,Franklin,51
VG59,51155,Pulaski,51
VG62,51770,Roanoke,51
VG63,51075,Goochland,51
VG64,51101,King William,51
VG67,51031,Campbell,51
VG68,51041,Chesterfield,51
VG94,51117,Mecklenburg,51
VKX,24033,Prince George's,24
VT01,50007,Chittenden,50
VT03,50001,Addison,50
VT04,50003,Bennington,50
VT06,50025,Windham,50
VT08,50017,Orange,50
VT09,50001,Addison,50
VT10,50001,Addison,50
VT11,50001,Addison,50
VT12,50007,Chittenden,50
VT13,50027,Windsor,50
VT14,50001,Addison,50
VT15,50013,Grand Isle,50
VT16,50021,Rutland,50
VT17,50027,Windsor,50
VT18,50015,Lamoille,50
VT19,50019,Orleans,50
VT20,50021,Rutland,50
VT22,50007,Chittenden,50
VT23,50007,Chittenden,50
VT25,50007,Chittenden,50
VT26,50013,Grand Isle,50
VT27,50007,Chittenden,50
VT28,50001,Addison,50
VT30,50023,Washington,50
VT31,50017,Orange,50
VT32,50025,Windham,50
VT34,50025,Windham,50
VT36,50007,Chittenden,50
VT37,50027,Windsor,50
VT38,50013,Grand Isle,50
VT39,50015,Lamoille,50
VT40,50009,Essex,50
VT42,50015,Lamoille,50
VT43,50025,Windham,50
VT44,50015,Lamoille,50
VT45,50007,Chittenden,50
VT46,50013,Grand Isle,50
VT47,50025,Windham,50
VT50,50011,Franklin,50
VT51,50007,Chittenden,50
VT52,50007,Chittenden,50
VT53,50001,Addison,50
VT55,50017,Orange,50
VT56,50005,Caledonia,50
VT57,50007,Chittenden,50
VT58,50013,Grand Isle,50
VT59,50003,Bennington,50
VT60,50021,Rutland,50
VT61,50021,Rutland,50
VT62,50023,Washington,50
VT63,50019,Orleans,50
VT64,50015,Lamoille,50
VT65,50023,Washington,50
VT70,50019,Orleans,50
VT72,50007,Chittenden,50
VT73,50001,Addison,50
VT76,50001,Addison,50
VT8,50007,Chittenden,50
VT80,50001,Addison,50
VT88,50001,Addison,50
VT96,50007,Chittenden,50
W00,24033,Prince George's,24
W04,53027,Grays Harbor,53
W09,53071,Walla Walla,53
W10,53029,Island,53
W12,53047,Okanogan,53
W13,51015,Augusta,51
W16,53061,Snohomish,53
W19,55025,Dane,55
W20,53025,Grant,53
W23,55137,Waushara,55
W24,51680,Lynchburg,51
W26,55009,Brown,55
W27,53015,Cowlitz,53
W29,24035,Queen Anne's,24
W33,53055,San Juan,53
W34,55087,Outagamie,55
W36,53033,King,53
W37,53053,Pierce,53
W39,53055,San Juan,53
W42,24025,Harford,24
W48,24005,Baltimore,24
W49,53055,San Juan,53
W50,24031,Montgomery,24
W52,53011,Clark,53
W55,53033,King,53
W56,53011,Clark,53
W57,36091,Saratoga,36
W58,53011,Clark,53
W73,42001,Adams,42
W75,51119,Middlesex,51
W87,26115,Monroe,26
W88,37081,Guilford,37
WA00,53039,Klickitat,53
WA01,53049,Pacific,53
WA02,53057,Skagit,53
WA03,53073,Whatcom,53
WA04,53061,Snohomish,53
8W5,53035,Kitsap,53
WA06,53033,King,53
WA07,53057,Skagit,53
WA08,53043,Lincoln,53
WA09,53055,San Juan,53
WA12,53073,Whatcom,53
WA13,53007,Chelan,53
WA14,53021,Franklin,53
WA15,53025,Grant,53
WA16,53027,Grays Harbor,53
WA18,53055,San Juan,53
WA19,53033,King,53
WN04,53063,Spokane,53
WA23,53065,Stevens,53
WA24,53021,Franklin,53
WA25,53061,Snohomish,53
WA26,53077,Yakima,53
WA27,53033,King,53
WA28,53033,King,53
WA29,53011,Clark,53
WA30,53075,Whitman,53
WA31,53061,Snohomish,53
WA33,53055,San Juan,53
WA34,53073,Whatcom,53
WA35,53055,San Juan,53
WA37,53037,Kittitas,53
WA38,53033,King,53
WA40,53061,Snohomish,53
WA42,53031,Jefferson,53
WA43,53061,Snohomish,53
WA45,53031,Jefferson,53
WA46,53011,Clark,53
WA49,53063,Spokane,53
WA50,53053,Pierce,53
WA51,53025,Grant,53
WA52,53065,Stevens,53
WA53,53033,King,53
WA54,53033,King,53
WA55,53033,King,53
WA57,53065,Stevens,53
WA93,53073,Whatcom,53
WA59,53009,Clallam,53
WA61,53035,Kitsap,53
WA62,53063,Spokane,53
WA63,53011,Clark,53
WA65,53035,Kitsap,53
WA66,53039,Klickitat,53
WA67,53011,Clark,53
WA68,53031,Jefferson,53
WA71,53033,King,53
WA72,53065,Stevens,53
WA73,53065,Stevens,53
WA74,53025,Grant,53
WA75,53033,King,53
WA77,53033,King,53
WA78,53059,Skamania,53
WA79,53011,Clark,53
WA80,53011,Clark,53
81W,53055,San Juan,53
WA82,53061,Snohomish,53
WA83,53055,San Juan,53
WA84,53033,King,53
WA85,53033,King,53
WA86,53033,King,53
WA87,53011,Clark,53
WA88,53073,Whatcom,53
WA89,53005,Benton,53
WA90,53073,Whatcom,53
WA91,53063,Spokane,53
WA92,53053,Pierce,53
WA94,53033,King,53
WA95,53041,Lewis,53
WA96,53035,Kitsap,53
WA98,53007,Chelan,53
WI00,55073,Marathon,55
WI01,55059,Kenosha,55
WI03,55101,Racine,55
WI05,55033,Dunn,55
WI06,55071,Manitowoc,55
WI07,55027,Dodge,55
WI08,55089,Ozaukee,55
WI09,55133,Waukesha,55
WI10,55031,Douglas,55
WI11,55105,Rock,55
WI12,55129,Washburn,55
WI13,55141,Wood,55
WI14,55109,St. Croix,55
WI15,55017,Chippewa,55
WI16,55049,Iowa,55
WI18,55017,Chippewa,55
WI19,55077,Marquette,55
WI20,55043,Grant,55
WI21,55017,Chippewa,55
WI22,55087,Outagamie,55
23W,55007,Bayfield,55
WI24,55025,Dane,55
WI25,55011,Buffalo,55
WI26,55127,Walworth,55
WI27,55033,Dunn,55
WI29,55109,St. Croix,55
WI30,55111,Sauk,55
WI31,55031,Douglas,55
WI32,55017,Chippewa,55
WI33,55129,Washburn,55
WI34,55005,Barron,55
WI35,55095,Polk,55
WI36,55085,Oneida,55
WI37,55113,Sawyer,55
WI38,55105,Rock,55
WI39,55135,Waupaca,55
WI40,55025,Dane,55
WI41,55021,Columbia,55
WI42,55085,Oneida,55
WI43,55025,Dane,55
WI44,55049,Iowa,55
WI45,55067,Langlade,55
WI46,55039,Fond du Lac,55
WI47,55135,Waupaca,55
WI49,55121,Trempealeau,55
WI50,55111,Sauk,55
WI51,55021,Columbia,55
WI52,55009,Brown,55
WI53,55073,Marathon,55
WI55,55137,Waushara,55
WI56,55043,Grant,55
WI57,55091,Pepin,55
WI58,55059,Kenosha,55
WI59,55013,Burnett,55
WI60,55115,Shawano,55
WI63,55123,Vernon,55
WI64,55135,Waupaca,55
WI65,55025,Dane,55
WI67,55047,Green Lake,55
WI68,55027,Dodge,55
WI69,55127,Walworth,55
WI70,55127,Walworth,55
WI73,55139,Winnebago,55
WI76,55055,Jefferson,55
WI77,55131,Washington,55
WI78,55009,Brown,55
WI79,55019,Clark,55
WI81,55043,Grant,55
WI82,55059,Kenosha,55
WI83,55061,Kewaunee,55
WI84,55105,Rock,55
WI85,55105,Rock,55
WI86,55059,Kenosha,55
WI87,55069,Lincoln,55
WI89,55127,Walworth,55
WI91,55139,Winnebago,55
WI92,55127,Walworth,55
WI93,55025,Dane,55
WI94,55025,Dane,55
WI95,55059,Kenosha,55
WI96,55071,Manitowoc,55
WI97,55025,Dane,55
WI99,55105,Rock,55
WN00,53031,Jefferson,53
WN02,55057,Juneau,55
WN03,55117,Sheboygan,55
WN05,53041,Lewis,53
WN06,53071,Walla Walla,53
WN07,53055,San Juan,53
WN08,53073,Whatcom,53
WN09,55137,Waushara,55
WN10,53015,Cowlitz,53
WN11,55075,Marinette,55
WN12,53067,Thurston,53
WN13,53035,Kitsap,53
WN15,53053,Pierce,53
WN16,53033,King,53
WN17,53007,Chelan,53
WN18,53057,Skagit,53
WN19,53077,Yakima,53
2WN2,55005,Barron,55
WN20,53061,Snohomish,53
WN21,53009,Clallam,53
WN23,53009,Clallam,53
WN24,53015,Cowlitz,53
WN25,55033,Dunn,55
WN26,53075,Whitman,53
WN29,53009,Clallam,53
WN31,53021,Franklin,53
WN32,53051,Pend Oreille,53
WN33,53021,Franklin,53
WN35,53073,Whatcom,53
WN36,53067,Thurston,53
WN37,53009,Clallam,53
WN38,53011,Clark,53
WN39,55021,Columbia,55
WN40,53029,Island,53
WN41,53043,Lincoln,53
WN42,53053,Pierce,53
WN43,53023,Garfield,53
WN44,55069,Lincoln,55
WN45,53037,Kittitas,53
WN47,53027,Grays Harbor,53
WN48,53041,Lewis,53
WN49,53009,Clallam,53
WN50,53053,Pierce,53
WN51,53057,Skagit,53
WN52,53015,Cowlitz,53
WN53,53061,Snohomish,53
WN54,53063,Spokane,53
WN55,53041,Lewis,53
WN56,53025,Grant,53
WN57,53067,Thurston,53
WN58,53067,Thurston,53
WN59,53041,Lewis,53
WN61,53063,Spokane,53
WN63,55059,Kenosha,55
WN64,53037,Kittitas,53
WN65,53027,Grays Harbor,53
WN66,55085,Oneida,55
WN67,53011,Clark,53
WN68,55101,Racine,55
WN69,55059,Kenosha,55
WN71,53033,King,53
WN72,53001,Adams,53
WN73,53073,Whatcom,53
WN74,53041,Lewis,53
WN75,55131,Washington,55
WN76,53033,King,53
WN77,53005,Benton,53
WN79,53035,Kitsap,53
WN80,53015,Cowlitz,53
WN81,53021,Franklin,53
WN82,53019,Ferry,53
WN84,53021,Franklin,53
WN85,55025,Dane,55
WN86,55095,Polk,55
WN87,53033,King,53
WN88,53049,Pacific,53
WN90,55107,Rusk,55
WN91,53033,King,53
WN92,53063,Spokane,53
WN94,53001,Adams,53
WN96,53033,King,53
WN97,55059,Kenosha,55
WN98,55113,Sawyer,55
WN99,55091,Pepin,55
WS01,55105,Rock,55
WS02,55001,Adams,55
WS03,55079,Milwaukee,55
WS04,55001,Adams,55
WS06,55051,Iron,55
WS07,55111,Sauk,55
WS09,55137,Waushara,55
WS12,55025,Dane,55
WS13,55005,Barron,55
WS15,55021,Columbia,55
WS16,55073,Marathon,55
WS17,55139,Winnebago,55
WS18,55117,Sheboygan,55
WS19,55007,Bayfield,55
WS20,55081,Monroe,55
WS21,55133,Waukesha,55
WS23,55069,Lincoln,55
WS24,55113,Sawyer,55
WS25,55075,Marinette,55
WS26,55061,Kewaunee,55
WS27,55025,Dane,55
WS28,55021,Columbia,55
WS29,55075,Marinette,55
WS30,55109,St. Croix,55
WS33,55025,Dane,55
WS34,55055,Jefferson,55
WS35,55139,Winnebago,55
WS36,55097,Portage,55
WS38,55035,Eau Claire,55
WS39,55085,Oneida,55
WS40,55105,Rock,55
WS41,55109,St. Croix,55
WS42,55019,Clark,55
WS43,55009,Brown,55
WS45,55069,Lincoln,55
WS46,55047,Green Lake,55
WS47,55017,Chippewa,55
WS48,55043,Grant,55
WS49,55055,Jefferson,55
WS50,55139,Winnebago,55
WS51,55023,Crawford,55
WS52,55025,Dane,55
WS53,55101,Racine,55
WS54,55111,Sauk,55
WS55,55127,Walworth,55
WS56,55117,Sheboygan,55
WS57,55059,Kenosha,55
WS58,55129,Washburn,55
WS59,55029,Door,55
WS60,55019,Clark,55
WS61,55081,Monroe,55
WS62,55025,Dane,55
WS63,55003,Ashland,55
WS64,55085,Oneida,55
WS65,55073,Marathon,55
WS67,55007,Bayfield,55
WS68,55077,Marquette,55
WS69,55011,Buffalo,55
WS70,55027,Dodge,55
WS71,55095,Polk,55
WS72,55083,Oconto,55
WS73,55127,Walworth,55
WS74,55055,Jefferson,55
WS75,55027,Dodge,55
WS76,55135,Waupaca,55
WS77,55013,Burnett,55
WS78,55069,Lincoln,55
WS79,55129,Washburn,55
WS81,55013,Burnett,55
WS82,55083,Oconto,55
WS84,55053,Jackson,55
WS87,53047,Okanogan,53
WS89,55087,Outagamie,55
WS91,55103,Richland,55
WS96,55045,Green,55
WS98,55141,Wood,55
WSJ,02150,Kodiak Island,02
WT00,53027,Grays Harbor,53
WT01,53037,Kittitas,53
WT02,53005,Benton,53
91WT,53017,Douglas,53
WT04,53063,Spokane,53
WT05,53065,Stevens,53
WT15,53073,Whatcom,53
WT18,53025,Grant,53
WT22,53033,King,53
WT24,53063,Spokane,53
WT28,53075,Whitman,53
WT29,53009,Clallam,53
WT32,53025,Grant,53
WT33,53003,Asotin,53
WT34,53073,Whatcom,53
WT37,53047,Okanogan,53
WT44,53069,Wahkiakum,53
WT51,53041,Lewis,53
WT55,53047,Okanogan,53
WT70,53073,Whatcom,53
WT77,53053,Pierce,53
WT78,53033,King,53
WT88,53075,Whitman,53
WV00,54075,Pocahontas,54
WV01,54019,Fayette,54
WV02,54011,Cabell,54
WV03,54081,Raleigh,54
WV04,54081,Raleigh,54
WV05,54003,Berkeley,54
WV06,54027,Hampshire,54
WV07,54039,Kanawha,54
WV08,54039,Kanawha,54
WV09,54109,Wyoming,54
WV10,51071,Giles,51
WV12,54039,Kanawha,54
WV13,54053,Mason,54
WV15,54057,Mineral,54
WV16,54033,Harrison,54
WV17,54003,Berkeley,54
WV18,54057,Mineral,54
WV19,54077,Preston,54
WV20,54103,Wetzel,54
WV21,54037,Jefferson,54
WV22,54003,Berkeley,54
WV24,54057,Mineral,54
WV25,54023,Grant,54
WV26,54081,Raleigh,54
WV27,54011,Cabell,54
WV28,54033,Harrison,54
WV29,54077,Preston,54
WV30,54025,Greenbrier,54
WV31,54025,Greenbrier,54
WV32,54019,Fayette,54
WV34,54055,Mercer,54
WV35,54053,Mason,54
WV36,54019,Fayette,54
WV37,54103,Wetzel,54
WV38,54107,Wood,54
WV39,54035,Jackson,54
WV40,54073,Pleasants,54
WV41,54029,Hancock,54
WV42,54029,Hancock,54
WV43,54069,Ohio,54
WV44,54051,Marshall,54
WV45,54055,Mercer,54
WV46,54009,Brooke,54
WV48,54003,Berkeley,54
WV49,54069,Ohio,54
WV50,54035,Jackson,54
WV51,54061,Monongalia,54
WV52,54075,Pocahontas,54
WV53,54077,Preston,54
WV54,54045,Logan,54
WV56,54039,Kanawha,54
WV57,54077,Preston,54
WV58,54053,Mason,54
WV59,54019,Fayette,54
WV61,54065,Morgan,54
WV62,54093,Tucker,54
WV63,54067,Nicholas,54
WV64,54107,Wood,54
WV65,54049,Marion,54
WV66,54051,Marshall,54
WV67,54027,Hampshire,54
WV69,54055,Mercer,54
WV70,54083,Randolph,54
WV71,54053,Mason,54
WV72,54053,Mason,54
WV73,54107,Wood,54
WV74,54075,Pocahontas,54
WV75,54041,Lewis,54
55I,54087,Roane,54
WV77,54089,Summers,54
WV78,54067,Nicholas,54
WV86,54037,Jefferson,54
WV95,54019,Fayette,54
WY00,56043,Washakie,56
WY01,56009,Converse,56
WY03,56035,Sublette,56
WY04,56029,Park,56
WY05,56021,Laramie,56
WY06,56029,Park,56
WY07,56009,Converse,56
WY09,56045,Weston,56
WY10,56013,Fremont,56
WY11,56007,Carbon,56
WY12,56005,Campbell,56
WY13,56005,Campbell,56
WY14,56011,Crook,56
WY15,56029,Park,56
WY16,56001,Albany,56
WY17,56007,Carbon,56
WY18,56005,Campbell,56
WY20,56039,Teton,56
WY21,56005,Campbell,56
WY22,56005,Campbell,56
WY23,56019,Johnson,56
WY24,56013,Fremont,56
WY25,56031,Platte,56
WY26,56015,Goshen,56
WY27,56009,Converse,56
WY28,56035,Sublette,56
WY29,56021,Laramie,56
WY30,56035,Sublette,56
WY31,56039,Teton,56
WY32,56023,Lincoln,56
WY33,56035,Sublette,56
WY34,56013,Fremont,56
WY35,56043,Washakie,56
WY36,56029,Park,56
WY38,56043,Washakie,56
WY39,56023,Lincoln,56
WY40,56001,Albany,56
WY42,56029,Park,56
WY44,56027,Niobrara,56
WY46,56021,Laramie,56
WY47,56025,Natrona,56
WY49,56037,Sweetwater,56
WY50,56021,Laramie,56
WY52,56041,Uinta,56
WY53,56045,Weston,56
WY54,56013,Fremont,56
WY55,56011,Crook,56
WY56,56011,Crook,56
WY57,56025,Natrona,56
WY58,56031,Platte,56
WY59,56031,Platte,56
WY60,56023,Lincoln,56
WY62,56029,Park,56
WY64,56023,Lincoln,56
WY65,56005,Campbell,56
WY66,56009,Converse,56
WY67,56023,Lincoln,56
WY68,56007,Carbon,56
X01,12021,Collier,12
X09,48157,Fort Bend,48
X23,12069,Lake,12
X25,12105,Polk,12
X33,29181,Ripley,29
X36,12115,Sarasota,12
X44,12086,Miami-Dade,12
X52,12061,Indian River,12
X55,12069,Lake,12
X61,12095,Orange,12
XA0,48121,Denton,48
XA01,48467,Van Zandt,48
XA02,48031,Blanco,48
XA03,48097,Cooke,48
XA04,48425,Somervell,48
XA05,48017,Bailey,48
XA06,48303,Lubbock,48
XA07,48497,Wise,48
XA08,48283,La Salle,48
XA09,48077,Clay,48
XA10,48121,Denton,48
XA11,48397,Rockwall,48
XA12,48053,Burnet,48
XA13,48201,Harris,48
XA14,48005,Angelina,48
XA15,48145,Falls,48
XA16,48097,Cooke,48
XA17,48223,Hopkins,48
XA18,48439,Tarrant,48
XA19,48201,Harris,48
XA20,48201,Harris,48
XA21,48113,Dallas,48
XA22,48479,Webb,48
XA23,48063,Camp,48
XA24,48453,Travis,48
XA25,48303,Lubbock,48
XA26,48363,Palo Pinto,48
XA27,48063,Camp,48
XA29,48029,Bexar,48
XA30,48455,Trinity,48
XA31,48385,Real,48
XA32,48331,Milam,48
XA33,48231,Hunt,48
XA34,48497,Wise,48
XA36,48439,Tarrant,48
XA37,48439,Tarrant,48
XA38,48167,Galveston,48
XA40,48085,Collin,48
XA41,48171,Gillespie,48
XA42,48257,Kaufman,48
XA43,48265,Kerr,48
XA44,48281,Lampasas,48
XA46,48499,Wood,48
XA47,48099,Coryell,48
XA48,48097,Cooke,48
XA50,48499,Wood,48
XA51,48309,McLennan,48
XA52,48455,Trinity,48
XA53,48085,Collin,48
XA54,48425,Somervell,48
XA56,48231,Hunt,48
XA57,48497,Wise,48
XA59,48121,Denton,48
XA60,48277,Lamar,48
XA61,48113,Dallas,48
XA62,48113,Dallas,48
XA63,48085,Collin,48
X65,48181,Grayson,48
XA66,48283,La Salle,48
XA67,48201,Harris,48
3TX,48121,Denton,48
XA69,48221,Hood,48
XA70,48469,Victoria,48
XA71,48455,Trinity,48
XA72,48121,Denton,48
XA74,48167,Galveston,48
XA75,48251,Johnson,48
XA76,48201,Harris,48
XA77,48115,Dawson,48
XA78,48097,Cooke,48
XA79,48085,Collin,48
XA80,48355,Nueces,48
XA85,48309,McLennan,48
XA86,48367,Parker,48
XA87,48213,Henderson,48
XA88,48507,Zavala,48
XA89,48127,Dimmit,48
XA90,48499,Wood,48
XA91,48457,Tyler,48
XA92,48327,Menard,48
XA93,48127,Dimmit,48
XA94,48053,Burnet,48
XA95,48377,Presidio,48
XA96,48211,Hemphill,48
XA97,48467,Van Zandt,48
XA98,48497,Wise,48
XA99,48497,Wise,48
XS00,48299,Llano,48
XS01,48171,Gillespie,48
XS03,48053,Burnet,48
XS07,48321,Matagorda,48
XS08,48319,Mason,48
XS09,48471,Walker,48
XS11,48019,Bandera,48
XS12,48491,Williamson,48
XS13,48019,Bandera,48
XS14,48231,Hunt,48
XS15,48327,Menard,48
XS18,48041,Brazos,48
XS19,48491,Williamson,48
XS20,48171,Gillespie,48
XS21,48157,Fort Bend,48
XS23,48265,Kerr,48
XS24,48149,Fayette,48
XS25,48157,Fort Bend,48
XS26,48201,Harris,48
XS30,48277,Lamar,48
XS31,48181,Grayson,48
XS32,48289,Leon,48
XS33,48361,Orange,48
XS35,48321,Matagorda,48
XS38,48201,Harris,48
XS40,48163,Frio,48
XS41,48453,Travis,48
XS43,48019,Bandera,48
XS44,48243,Jeff Davis,48
XS45,48355,Nueces,48
XS47,48013,Atascosa,48
XS48,48499,Wood,48
XS49,48285,Lavaca,48
XS50,48131,Duval,48
XS51,48249,Jim Wells,48
XS52,48249,Jim Wells,48
XS54,48439,Tarrant,48
XS55,48217,Hill,48
XS56,48489,Willacy,48
XS57,48309,McLennan,48
XS58,48291,Liberty,48
XS59,48391,Refugio,48
XS60,48121,Denton,48
XS61,48411,San Saba,48
XS64,48061,Cameron,48
XS65,48453,Travis,48
XS66,48355,Nueces,48
XS67,48007,Aransas,48
XS68,48477,Washington,48
XS69,48137,Edwards,48
XS70,48449,Titus,48
XS71,48255,Karnes,48
XS72,48291,Liberty,48
XS75,48031,Blanco,48
XS76,48245,Jefferson,48
XS77,48167,Galveston,48
XS78,48307,McCulloch,48
XS80,48265,Kerr,48
XS81,48029,Bexar,48
XS82,48029,Bexar,48
XS83,48029,Bexar,48
XS84,48029,Bexar,48
XS85,48029,Bexar,48
XS86,48325,Medina,48
XS87,48057,Calhoun,48
XS88,48277,Lamar,48
XS90,48055,Caldwell,48
XS91,48213,Henderson,48
XS93,48427,Starr,48
XS94,48505,Zapata,48
XS96,48439,Tarrant,48
XS97,48113,Dallas,48
XS98,48187,Guadalupe,48
XS99,48407,San Jacinto,48
Y01,19005,Allamakee,19
IA45,19065,Fayette,19
Y30,26031,Cheboygan,26
Y34,46077,Kingsbury,46
Y46,19173,Taylor,19
Y48,19197,Wright,19
Y49,27021,Cass,27
Y58,27015,Brown,27
Y63,27051,Grant,27
Y71,38037,Grant,38
Y73,26071,Iron,26
Y76,19153,Polk,19
Y77,55007,Bayfield,55
Y87,26089,Leelanau,26
Y88,26055,Grand Traverse,26
Y91,26113,Missaukee,26
Y98,26003,Alger,26
Y99,38061,Mountrail,38
YP1,16085,Valley,16
Z13,02050,Bethel,02
Z14,02261,Valdez-Cordova,02
Z17,02290,Yukon-Koyukuk,02
Z20,02050,Bethel,02
Z25,02070,Dillingham,02
Z33,02070,Dillingham,02
Z40,02170,Matanuska-Susitna,02
Z43,02198,Prince of Wales-Hyder,02
Z47,02180,Nome,02
Z48,02290,Yukon-Koyukuk,02
Z52,02013,Aleutians East,02
Z55,02170,Matanuska-Susitna,02
Z58,02050,Bethel,02
Z59,02050,Bethel,02
Z71,02198,Prince of Wales-Hyder,02
Z78,02164,Lake and Peninsula,02
Z81,02180,Nome,02
Z87,02013,Aleutians East,02
Z90,02068,Denali,02
Z91,02290,Yukon-Koyukuk,02
Z92,26147,St. Clair,26
Z93,02261,Valdez-Cordova,02
Z95,04017,Navajo,04
87TX,48217,Hill,48
02P,42067,Juniata,42
0C7,17099,LaSalle,17
0D9,26009,Antrim,26
0FA3,12043,Glades,12
0GA4,13211,Morgan,13
0ID6,16059,Lemhi,16
0L5,32009,Esmeralda,32
0MU3,29127,Marion,29
0N6,10001,Kent,10
0NK6,36023,Cortland,36
0Z3,02070,Dillingham,02
10CA,06071,San Bernardino,06
10F,48503,Young,48
11II,18005,Bartholomew,18
14P,54087,Roane,54
15SD,46029,Codington,46
18UT,49045,Tooele,49
1CA1,06029,Kern,06
1E6,37017,Bladen,37
1IN7,18085,Kosciusko,18
1MS6,28033,DeSoto,28
1SC6,45031,Darlington,45
1XA2,48025,Bee,48
1XA6,48097,Cooke,48
21ID,16017,Bonner,16
23KS,20103,Leavenworth,20
27OR,41041,Lincoln,41
2FL2,12099,Palm Beach,12
2GE3,13133,Greene,13
2H3,55017,Chippewa,55
2IG4,18083,Knox,18
2KS5,20119,Meade,20
2OI5,39017,Butler,39
2Q5,32510,Carson City,32
2Z1,02195,Petersburg,02
31A,37059,Davie,37
31KS,20155,Reno,20
32MO,29123,Madison,29
35AL,01097,Mobile,01
37I,39109,Miami,39
37X,48473,Waller,48
38V,31005,Arthur,31
3C3,02020,Anchorage,02
3ME7,23017,Oxford,23
3MO,29185,St. Clair,29
3RU,13113,Fayette,13
3SC7,45089,Williamsburg,45
43OK,40081,Lincoln,40
46AL,01121,Talladega,01
4AZ3,04007,Gila,04
4C1,18091,LaPorte,18
4IN1,18087,LaGrange,18
4KS7,20015,Butler,20
4LA3,22037,East Feliciana,22
4NY6,36069,Ontario,36
4U4,30005,Blaine,30
4U8,18055,Greene,18
52NM,35035,Otero,35
54M,47047,Fayette,47
58TA,48453,Travis,48
59II,18129,Posey,18
5A5,05015,Carroll,05
5G3,46079,Lake,46
5KY7,21053,Clinton,21
5MS9,28045,Hancock,28
5OK3,40097,Mayes,40
5P3,46045,Edmunds,46
60W,53053,Pierce,53
64F,48431,Sterling,48
67WA,53071,Walla Walla,53
6C0,19083,Hardin,19
6IN7,18151,Steuben,18
6IN9,18151,Steuben,18
6NK7,36103,Suffolk,36
6OR9,41061,Union,41
6XA4,48473,Waller,48
6XS8,48121,Denton,48
6Z1,02122,Kenai Peninsula,02
70K,20173,Sedgwick,20
74XA,48213,Henderson,48
76NY,36071,Orange,36
76OR,41005,Clackamas,41
78OI,39035,Cuyahoga,39
79ID,16049,Idaho,16
79WT,53037,Kittitas,53
7A9,13261,Sumter,13
7AL4,01003,Baldwin,01
7CL8,32017,Lincoln,32
7G4,42013,Blair,42
7II1,18097,Marion,18
7IN8,18085,Kosciusko,18
7M0,05147,Woodruff,05
7PA8,42003,Allegheny,42
7T3,48175,Goliad,48
7TS0,48497,Wise,48
81IN,18149,Starke,18
84C,55101,Racine,55
88CL,06059,Orange,06
8FA4,12127,Volusia,12
8FD2,12001,Alachua,12
8K5,20207,Woodson,20
8NK3,36115,Washington,36
96FD,12093,Okeechobee,12
96M,27007,Beltrami,27
99AZ,04013,Maricopa,04
99XA,48053,Burnet,48
99Y,31077,Greeley,31
9LA2,22107,Tensas,22
9WN9,55137,Waushara,55
AK04,02170,Matanuska-Susitna,02
AL98,01125,Tuscaloosa,01
AR23,05149,Yell,05
BUTL,05085,Lonoke,05
C07,08077,Mesa,08
CIV,02198,Prince of Wales-Hyder,02
CLF,02068,Denali,02
D22,26033,Chippewa,26
D38,36069,Ontario,36
D67,36069,Ontario,36
D85,36009,Cattaraugus,36
E07,35025,Lea,35
F25,06115,Yuba,06
HI12,15003,Honolulu,15
I19,39057,Greene,39
I62,39113,Montgomery,39
IG22,18099,Marshall,18
II39,18051,Gibson,18
IN02,18151,Steuben,18
JY29,34003,Bergen,34
K00C,08067,La Plata,08
K00F,30075,Powder River,30
K00M,28061,Jasper,28
K00R,48373,Polk,48
K00V,08041,El Paso,08
K01G,36121,Wyoming,36
K01M,28141,Tishomingo,28
K01T,48435,Sutton,48
K02A,01021,Chilton,01
K02C,55133,Waukesha,55
K02G,39029,Columbiana,39
K03B,29229,Wright,29
K03D,29199,Scotland,29
K04A,01041,Crenshaw,01
K04G,39099,Mahoning,39
K04M,28013,Calhoun,28
K04Y,27027,Clay,27
K05C,18089,Lake,18
K05D,38061,Mountrail,38
K05U,32011,Eureka,32
K06A,01087,Macon,01
K06C,17043,DuPage,17
K06D,38079,Rolette,38
K06M,28155,Webster,28
K06U,32007,Elko,32
K07A,01011,Bullock,01
K07F,48183,Gregg,48
K07R,48355,Nueces,48
K07V,08055,Huerfano,08
K08A,01051,Elmore,01
K08C,26139,Ottawa,26
K08D,38061,Mountrail,38
K08K,31035,Clay,31
K08M,28079,Leake,28
K09A,01023,Choctaw,01
K09J,13127,Glynn,13
K09K,31041,Custer,31
K09M,28135,Tallahatchie,28
K09R,48457,Tyler,48
K0A3,47041,DeKalb,47
K0A4,47179,Washington,47
K0A7,37089,Henderson,37
K0A8,01007,Bibb,01
K0A9,47019,Carter,47
K0B1,23017,Oxford,23
K0B4,31027,Cedar,31
K0B5,25011,Franklin,25
K0C0,17111,McHenry,17
K0C4,31173,Thurston,31
K0D8,46107,Potter,46
K0E0,35057,Torrance,35
K0E8,35031,McKinley,35
K0F2,48337,Montague,48
K0F4,31163,Sherman,31
K0F7,40091,McIntosh,40
K0F9,40069,Johnston,40
K0G3,31097,Johnson,31
K0G6,39171,Williams,39
K0G7,36099,Seneca,36
K0H1,20195,Trego,20
K0I8,21097,Harrison,21
K0J4,01039,Covington,01
K0J6,01067,Henry,01
K0J9,31159,Seward,31
K0K7,19091,Humboldt,19
K0KY,21207,Russell,21
K0L7,32003,Clark,32
K0L9,32003,Clark,32
K0M0,05041,Desha,05
K0M2,47131,Obion,47
K0M3,47101,Lewis,47
K0M4,47005,Benton,47
K0M5,47085,Humphreys,47
K0M8,22035,East Carroll,22
K0M9,22083,Richland,22
K0O2,06071,San Bernardino,06
K0R0,28091,Marion,28
K0R1,01053,Escambia,01
K0R3,22113,Vermilion,22
K0R4,22029,Concordia,22
K0R5,22127,Winn,22
K0R6,05013,Calhoun,05
K0S0,53001,Adams,53
K0S7,53047,Okanogan,53
K0S9,53031,Jefferson,53
K0V3,31099,Kearney,31
K0V4,51031,Campbell,51
K0V7,04017,Navajo,04
K0VG,51105,Lee,51
K0W3,24025,Harford,24
K10C,17111,McHenry,17
K10G,39075,Holmes,39
K10U,32007,Elko,32
K11A,01005,Barbour,01
K11R,48477,Washington,48
K11V,08123,Weld,08
K12D,27137,St. Louis,27
K12G,39139,Richland,39
K12J,01053,Escambia,01
K12K,31129,Nuckolls,31
K12N,34037,Sussex,34
K12V,54011,Cabell,54
K12Y,27079,Le Sueur,27
K13C,26117,Montcalm,26
K13K,20073,Greenwood,20
K14A,37097,Iredell,37
K14F,48253,Jones,48
K14G,39143,Sandusky,39
K14J,01031,Coffee,01
K14M,28151,Washington,28
K14Y,27153,Todd,27
K15F,48207,Haskell,48
K15J,13075,Cook,13
K15M,28141,Tishomingo,28
K16D,27111,Otter Tail,27
K16G,39147,Seneca,39
K16J,13273,Terrell,13
K17G,39033,Crawford,39
K17J,13253,Seminole,13
K17K,40025,Cimarron,40
K17M,28127,Simpson,28
K17N,34015,Gloucester,34
K17V,08095,Phillips,08
K18A,13119,Franklin,13
K18I,21147,McCreary,21
K18V,08123,Weld,08
K19A,13157,Jackson,13
K19M,28051,Holmes,28
K19N,34007,Camden,34
K19S,20081,Haskell,20
K1A0,47065,Hamilton,47
K1A3,47139,Polk,47
K1A4,01061,Geneva,01
K1A5,37113,Macon,37
K1A6,21013,Bell,21
K1A7,47087,Jackson,47
K1A9,01001,Autauga,01
K1B0,23019,Penobscot,23
K1B1,36021,Columbia,36
K1B2,25007,Dukes,25
K1B6,25027,Worcester,25
K1B9,25005,Bristol,25
K1BT,29187,St. Francois,29
K1C1,17053,Ford,17
K1C5,17197,Will,17
K1D1,46051,Grant,46
K1D3,46023,Charles Mix,46
K1D7,46037,Day,46
K1D8,46115,Spink,46
K1F0,40019,Carter,40
K1F4,40095,Marshall,40
K1F5,20179,Sheridan,20
K1G0,39173,Wood,39
K1G1,39093,Lorain,39
K1G3,39153,Summit,39
K1G4,04015,Mohave,04
K1G5,39103,Medina,39
K1H0,29189,St. Louis,29
K1H2,17049,Effingham,17
K1H3,29151,Osage,29
K1H5,29091,Howell,29
K1H8,17023,Clark,17
K1I5,36039,Greene,36
K1J0,12059,Holmes,12
K1K2,40049,Garvin,40
K1K4,40087,McClain,40
K1K7,20205,Wilson,20
K1K9,20081,Haskell,20
K1L0,22095,St. John the Baptist,22
K1L1,32017,Lincoln,32
K1L3,32003,Clark,32
K1L7,49017,Garfield,49
K1L8,49053,Washington,49
K1L9,49021,Iron,49
K1M2,28053,Humphreys,28
K1M4,01133,Winston,01
K1M5,47165,Sumner,47
K1M9,21221,Trigg,21
K1MO,29229,Wright,29
K1N1,35049,Santa Fe,35
K1N7,34041,Warren,34
K1O1,40141,Tillman,40
K1O2,06033,Lake,06
K1O3,06077,San Joaquin,06
K1O4,40039,Custer,40
K1O5,06093,Siskiyou,06
K1O8,40141,Tillman,40
K1Q2,06035,Lassen,06
K1Q4,06077,San Joaquin,06
K1R1,22059,LaSalle,22
K1R3,45015,Berkeley,45
K1R4,22079,Rapides,22
K1R7,28085,Lincoln,28
K1R8,01003,Baldwin,01
K1S3,30087,Rosebud,30
K1S5,53077,Yakima,53
K1S9,53065,Stevens,53
K1T7,48091,Comal,48
K1U2,16051,Jefferson,16
K1U7,16007,Bear Lake,16
K1V0,35045,San Juan,35
K1V2,31075,Grant,31
K1V6,08043,Fremont,08
K1V8,08109,Saguache,08
K1WA,53047,Okanogan,53
K1X1,48295,Lipscomb,48
K20A,01009,Blount,01
K20M,28103,Noxubee,28
K20N,36111,Ulster,36
K20R,48507,Zavala,48
K20U,38033,Golden Valley,38
K20V,08049,Grand,08
K21,36019,Clinton,36
K21D,27163,Washington,27
K21F,48237,Jack,48
K22F,48263,Kent,48
K22I,39163,Vinton,39
K22M,28115,Pontotoc,28
K22N,42025,Carbon,42
K22S,41037,Lake,41
K23M,28023,Clarke,28
K23R,48325,Medina,48
K24A,37099,Jackson,37
K24F,48315,Marion,48
K24J,12121,Suwannee,12
K24N,35039,Rio Arriba,35
K24R,48163,Frio,48
K25D,27163,Washington,27
K25J,13243,Randolph,13
K25M,28139,Tippah,28
K26A,01027,Clay,01
K26R,48239,Jackson,48
K26U,41045,Malheur,41
K27A,13105,Elbert,13
K27K,21209,Scott,21
K27R,48413,Schleicher,48
K28J,12107,Putnam,12
K29D,42085,Mercer,42
K29M,26155,Shiawassee,26
K29S,30067,Park,30
K2A0,47143,Rhea,47
K2A1,47049,Fentress,47
K2A2,05141,Van Buren,05
K2A5,37081,Guilford,37
K2A6,05095,Monroe,05
K2B3,33019,Sullivan,33
K2B7,23025,Somerset,23
K2C8,38067,Pembina,38
K2CB,12019,Clay,12
K2D5,38021,Dickey,38
K2E3,48421,Sherman,48
K2E5,48229,Hudspeth,48
K2E7,48179,Gray,48
K2F0,48371,Pecos,48
K2F1,48483,Wheeler,48
K2F4,48305,Lynn,48
K2F5,48115,Dawson,48
K2F7,48231,Hunt,48
K2G1,39085,Lake,39
K2G2,39081,Jefferson,39
K2G4,24023,Garrett,24
K2G9,42111,Somerset,42
K2GC,37051,Cumberland,37
K2H0,17173,Shelby,17
K2H2,29109,Lawrence,29
K2H9,38079,Rolette,38
K2I0,21107,Hopkins,21
K2I3,21085,Grayson,21
K2IS,12051,Hendry,12
K2J2,13179,Liberty,13
K2J3,13163,Jefferson,13
K2J5,13165,Jenkins,13
K2K3,20187,Stanton,20
K2K4,40055,Greer,40
K2K7,20205,Wilson,20
K2K9,40101,Muskogee,40
K2L0,22079,Rapides,22
K2LA,22077,Pointe Coupee,22
K2M0,21033,Caldwell,21
K2M2,47099,Lawrence,47
K2M4,28123,Scott,28
K2M8,47157,Shelby,47
K2MO,29109,Lawrence,29
K2N4,36011,Cayuga,36
K2O1,06063,Plumas,06
K2O3,06055,Napa,06
K2O6,06039,Madera,06
K2O7,06027,Inyo,06
K2O8,40015,Caddo,40
K2R0,28153,Wayne,28
K2R1,22045,Iberia,22
K2R2,18063,Hendricks,18
K2R4,12113,Santa Rosa,12
K2R5,01097,Mobile,01
K2R6,22009,Avoyelles,22
K2R7,22117,Washington,22
K2R9,48255,Karnes,48
K2RR,12105,Polk,12
K2S4,53025,Grant,53
K2S7,41035,Klamath,41
K2S8,53043,Lincoln,53
K2S9,53049,Pacific,53
K2T1,48017,Bailey,48
K2V5,08125,Yuma,08
K2V6,08125,Yuma,08
K2W5,24017,Charles,24
K2W6,24037,St. Mary's,24
K2Y4,19025,Calhoun,19
K30K,20069,Gray,20
K31E,34029,Ocean,34
K32A,05149,Yell,05
K32S,30081,Ravalli,30
K33J,01061,Geneva,01
K33K,20047,Edwards,20
K33M,28161,Yalobusha,28
K33N,10001,Kent,10
K33R,48455,Trinity,48
K33S,53001,Adams,53
K33U,49009,Daggett,49
K33V,08057,Jackson,08
K34M,29069,Dunklin,29
K34R,48285,Lavaca,48
K35A,45087,Union,45
K35D,26005,Allegan,26
K35S,41055,Sherman,41
K36K,20093,Kearny,20
K36S,06093,Siskiyou,06
K37F,48275,Knox,48
K37K,40085,Love,40
K37T,05065,Izard,05
K37V,31065,Furnas,31
K38D,39099,Mahoning,39
K38J,45089,Williamsburg,45
K38S,30077,Powell,30
K38U,49055,Wayne,49
K39N,34035,Somerset,34
K3A2,47025,Claiborne,47
K3A4,37081,Guilford,37
K3A7,01063,Greene,01
K3AK,02282,Yakutat,02
K3AU,20015,Butler,20
K3B0,25027,Worcester,25
K3B1,23021,Piscataquis,23
K3B4,23031,York,23
K3B5,23001,Androscoggin,23
K3BS,26111,Midland,26
K3C8,36103,Suffolk,36
K3CK,17111,McHenry,17
K3CM,26017,Bay,26
K3CU,55007,Bayfield,55
K3DW,29077,Greene,29
K3E0,48393,Roberts,48
K3F2,48133,Eastland,48
K3F3,22031,De Soto,22
K3F4,22017,Caddo,22
K3F6,48101,Cottle,48
K3F7,40037,Creek,40
K3F9,48499,Wood,48
K3FU,46049,Faulk,46
K3G1,42049,Erie,42
K3G2,27089,Marshall,27
K3G3,39103,Medina,39
K3G4,39005,Ashland,39
K3G5,54077,Preston,54
K3G6,39029,Columbiana,39
K3GM,26139,Ottawa,26
K3GV,29095,Jackson,29
K3H4,38097,Traill,38
K3HO,18089,Lake,18
K3I2,54053,Mason,54
K3I3,18167,Vigo,18
K3I4,54067,Nicholas,54
K3I7,39113,Montgomery,39
K3J0,45049,Hampton,45
K3J1,45053,Jasper,45
K3J7,13133,Greene,13
K3JC,20061,Geary,20
K3K3,20075,Hamilton,20
K3K4,20119,Meade,20
K3K6,17119,Madison,17
K3K7,20203,Wichita,20
K3K8,20033,Comanche,20
K3L2,32003,Clark,32
K3LF,17135,Montgomery,17
K3M7,47111,Macon,47
K3M8,01107,Pickens,01
K3M9,05011,Bradley,05
K3MY,17143,Peoria,17
K3N6,34023,Middlesex,34
K3O1,06047,Merced,06
K3O3,40087,McClain,40
K3O4,40009,Beckham,40
K3O9,40041,Delaware,40
K3P3,38041,Hettinger,38
K3R2,22001,Acadia,22
K3R4,22085,Sabine,22
K3R7,22053,Jefferson Davis,22
K3R9,48453,Travis,48
K3RC,26143,Roscommon,26
K3S4,41033,Josephine,41
K3S8,41033,Josephine,41
K3S9,41021,Gilliam,41
K3T3,55033,Dunn,55
K3T5,48149,Fayette,48
K3TR,26027,Cass,26
K3U3,30023,Deer Lodge,30
K3U4,30087,Rosebud,30
K3U7,30049,Lewis and Clark,30
K3U8,30015,Chouteau,30
K3V0,46033,Custer,46
K3W7,53025,Grant,53
K3W8,46089,McPherson,46
K3Y2,19065,Fayette,19
K3Y3,19121,Madison,19
K40G,04005,Coconino,04
K40J,12123,Taylor,12
K40U,49009,Daggett,49
K41F,48153,Floyd,48
K41N,39155,Trumbull,39
K41U,49039,Sanpete,49
K42A,05065,Izard,05
K42I,39119,Muskingum,39
K42J,12007,Bradford,12
K42M,29149,Oregon,29
K42U,49029,Morgan,49
K42V,31057,Dundy,31
K43A,37123,Montgomery,37
K43B,23029,Washington,23
K43D,53043,Lincoln,53
K44C,55105,Rock,55
K44N,36027,Dutchess,36
K44U,49041,Sevier,49
K45G,26093,Livingston,26
K45K,20143,Ottawa,20
K45R,48199,Hardin,48
K46D,38031,Foster,38
K46U,56023,Lincoln,56
K47A,13057,Cherokee,13
K47K,20113,McPherson,20
K47N,34035,Somerset,34
K47V,31063,Frontier,31
K48A,13023,Bleckley,13
K48D,26035,Clare,26
K48I,54007,Braxton,54
K48K,20135,Ness,20
K48S,30005,Blaine,30
K49A,13123,Gilmer,13
K49B,46093,Meade,46
K49R,48385,Real,48
K49X,06071,San Bernardino,06
K4A0,13151,Henry,13
K4A4,13233,Polk,13
K4A5,05129,Searcy,05
K4A6,01071,Jackson,01
K4A7,13151,Henry,13
K4A9,01049,DeKalb,01
K4B6,36031,Essex,36
K4B7,36031,Essex,36
K4B8,09003,Hartford,09
K4C8,19135,Monroe,19
K4D0,26037,Clinton,26
K4E7,38021,Dickey,38
K4F2,48365,Panola,48
K4F7,05099,Nevada,05
K4F8,05103,Ouachita,05
K4F9,38045,LaMoure,38
K4G4,39099,Mahoning,39
K4G5,39111,Monroe,39
K4G6,36101,Steuben,36
K4G8,39093,Lorain,39
K4I3,39083,Knox,39
K4I7,18133,Putnam,18
K4I9,39117,Morrow,39
K4J1,13025,Brantley,13
K4J2,13019,Berrien,13
K4J5,13027,Brooks,13
K4J6,13039,Camden,13
K4J8,13283,Treutlen,13
K4K3,29177,Ray,29
K4K6,19051,Davis,19
K4M1,05015,Carroll,05
K4M2,05083,Logan,05
K4M3,05085,Lonoke,05
K4M7,21141,Logan,21
K4M9,05021,Clay,05
K4N1,34031,Passaic,34
K4O4,40089,McCurtain,40
K4O5,40003,Alfalfa,40
K4P3,46101,Moody,46
K4R1,28073,Lamar,28
K4R3,01025,Clarke,01
K4R4,01003,Baldwin,01
K4R7,22001,Acadia,22
K4S1,41015,Curry,41
K4S2,41027,Hood River,41
K4S3,41063,Wallowa,41
K4S9,41005,Clackamas,41
K4SD,32031,Washoe,32
K4T2,48439,Tarrant,48
K4U6,30055,McCone,30
K4U9,30001,Beaverhead,30
K4V0,08103,Rio Blanco,08
K4V1,08055,Huerfano,08
K4V4,38035,Grand Forks,38
K4V9,31003,Antelope,31
K4X4,46073,Jerauld,46
K4Y4,26009,Antrim,26
K50D,26071,Iron,26
K50F,48367,Parker,48
K50I,18111,Newton,18
K50R,48055,Caldwell,48
K51A,13235,Pulaski,13
K51D,38045,LaMoure,38
K51J,45041,Florence,45
K51R,48313,Madison,48
K52A,13211,Morgan,13
K52F,48121,Denton,48
K52J,45061,Lee,45
K53A,13193,Macon,13
K54F,48081,Coke,48
K54J,12131,Walton,12
K54T,48071,Chambers,48
K55J,12089,Nassau,12
K55K,20035,Cowley,20
K55M,05079,Lincoln,05
K55Y,27045,Fillmore,27
K56D,39175,Wyandot,39
K56F,48151,Fisher,48
K57C,55127,Walworth,55
K57S,30053,Lincoln,30
K58M,24015,Cecil,24
K5A1,39077,Huron,39
K5A4,28017,Chickasaw,28
K5A6,28097,Montgomery,28
K5A9,13199,Meriwether,13
K5B2,36091,Saratoga,36
K5B5,38047,Logan,38
K5C1,48029,Bexar,48
K5C3,27057,Hubbard,27
K5C8,38055,McLean,38
K5F0,22013,Bienville,22
K5F1,48169,Garza,48
K5F4,22027,Claiborne,22
K5G7,39063,Hancock,39
K5H4,38103,Wells,38
K5I4,18057,Hamilton,18
K5J9,45051,Horry,45
K5K1,17117,Macoupin,17
K5L0,38063,Nelson,38
K5M0,01103,Morgan,01
K5M3,33003,Carroll,33
K5M4,05039,Dallas,05
K5M5,05007,Benton,05
K5M8,05019,Clark,05
K5M9,21055,Crittenden,21
K5N2,55099,Price,55
K5N8,38017,Cass,38
K5P2,46031,Corson,46
K5R1,01129,Washington,01
K5R2,28059,Jackson,28
K5R4,01003,Baldwin,01
K5R8,22019,Calcasieu,22
K5S0,41039,Lane,41
K5S2,41035,Klamath,41
K5S6,41015,Curry,41
K5S9,41005,Clackamas,41
K5T6,35013,Doña Ana,35
K5T9,48323,Maverick,48
K5U1,30099,Teton,30
K5U5,30099,Teton,30
K5U7,30003,Big Horn,30
K5V5,35045,San Juan,35
K5W1,53025,Grant,53
K5W4,37093,Hoke,37
K5W5,37183,Wake,37
K5W8,37037,Chatham,37
K5Y1,26097,Mackinac,26
K60C,55057,Juneau,55
K60D,26157,Tuscola,26
K60F,48023,Baylor,48
K60J,37019,Brunswick,37
K60R,48185,Grimes,48
K61A,01131,Wilcox,01
K61B,32003,Clark,32
K61C,55055,Jefferson,55
K61R,48351,Newton,48
K61S,41039,Lane,41
K62D,39155,Trumbull,39
K62S,41037,Lake,41
K63B,23031,York,23
K63C,55001,Adams,55
K63F,48317,Martin,48
K63M,29139,Montgomery,29
K64S,41029,Jackson,41
K65J,13163,Jefferson,13
K65S,16021,Boundary,16
K66R,48089,Colorado,48
K66V,49037,San Juan,49
K66Y,28045,Hancock,28
K67A,01085,Lowndes,01
K67L,32003,Clark,32
K67R,48427,Starr,48
K68F,48161,Freestone,48
K68S,53043,Lincoln,53
K69K,20197,Wabaunsee,20
K69V,49015,Emery,49
K6A1,13269,Taylor,13
K6A2,13255,Spalding,13
K6A4,47091,Johnson,47
K6B9,36067,Onondaga,36
K6D1,27145,Stearns,27
K6D6,26117,Montcalm,26
K6D8,38003,Barnes,38
K6D9,26069,Iosco,26
K6E5,46077,Kingsbury,46
K6G1,42121,Venango,42
K6G4,39083,Knox,39
K6G5,39013,Belmont,39
K6I2,21155,Marion,21
K6I4,18011,Boone,18
K6J0,45063,Lexington,45
K6J2,45035,Dorchester,45
K6J4,45081,Saluda,45
K6J7,45031,Darlington,45
K6K3,31107,Knox,31
K6K4,40093,Major,40
K6K5,41017,Deschutes,41
K6L3,38073,Ransom,38
K6L4,54045,Logan,54
K6L5,38051,McIntosh,38
K6M0,05117,Prairie,05
K6M2,05065,Izard,05
K6M6,29111,Lewis,29
K6M7,05077,Lee,05
K6R3,48291,Liberty,48
K6R6,48443,Terrell,48
K6S0,30097,Sweet Grass,30
K6S1,30009,Carbon,30
K6S2,41039,Lane,41
K6S3,30095,Stillwater,30
K6S5,30081,Ravalli,30
K6S8,30111,Yellowstone,30
K6U7,30103,Treasure,30
K6V0,46047,Fall River,46
K6V4,46103,Pennington,46
K6V5,46105,Perkins,46
K6Y1,26097,Mackinac,26
K70A,01091,Marengo,01
K70J,13131,Grady,13
K71A,01131,Wilcox,01
K71J,01045,Dale,01
K71N,42097,Northumberland,42
K72F,48447,Throckmorton,48
K73C,55043,Grant,55
K74S,53057,Skagit,53
K74V,49013,Duchesne,49
K75J,13287,Turner,13
K76F,48467,Van Zandt,48
K76G,26147,St. Clair,26
K77F,48399,Runnels,48
K77G,26151,Sanilac,26
K77S,41039,Lane,41
K78R,48405,San Augustine,48
K78Y,29147,Nodaway,29
K79D,54001,Barbour,54
K79J,01039,Covington,01
K79S,30015,Chouteau,30
K7A0,01065,Hale,01
K7A3,01017,Chambers,01
K7A4,17085,Jo Daviess,17
K7A5,01111,Randolph,01
K7A6,01071,Jackson,01
K7A8,37011,Avery,37
K7B2,25015,Hampshire,25
K7B6,09003,Hartford,09
K7D3,26085,Lake,26
K7D9,39007,Ashtabula,39
K7F3,48231,Hunt,48
K7F5,48467,Van Zandt,48
K7F7,48035,Bosque,48
K7G0,36055,Monroe,36
K7G8,39055,Geauga,39
K7G9,46083,Lincoln,46
K7I4,18117,Orange,18
K7K4,21183,Ohio,21
K7K5,38101,Ward,38
K7K8,31043,Dakota,31
K7L2,38029,Emmons,38
K7L8,18097,Marion,18
K7M1,05041,Desha,05
K7M2,05137,Stone,05
K7M3,05097,Montgomery,05
K7M4,05093,Mississippi,05
K7M5,05047,Franklin,05
K7M8,05021,Clay,05
K7M9,05049,Fulton,05
K7N1,36101,Steuben,36
K7S0,30047,Lake,30
K7S1,30057,Madison,30
K7S5,41053,Polk,41
K7S6,30059,Meagher,30
K7S7,30073,Pondera,30
K7S9,41005,Clackamas,41
K7T7,48329,Midland,48
K7V2,08029,Delta,08
K7V3,55127,Walworth,55
K7V5,08087,Morgan,08
K7V6,56031,Platte,56
K7V7,31181,Webster,31
K7V8,08115,Sedgwick,08
K7V9,08011,Bent,08
K7W5,39069,Henry,39
K7W6,37095,Hyde,37
K7Y4,27029,Clearwater,27
K80D,26035,Clare,26
K80F,40127,Pushmataha,40
K80T,53025,Grant,53
K81B,23017,Oxford,23
K81R,48411,San Saba,48
K82A,13197,Marion,13
K82C,55057,Juneau,55
K82J,12033,Escambia,12
K82V,56021,Laramie,56
K83D,26097,Mackinac,26
K84D,46137,Ziebach,46
K84R,48021,Bastrop,48
K86F,40015,Caddo,40
K87I,28163,Yazoo,28
K87K,29039,Cedar,29
K87Y,55025,Dane,55
K88M,30053,Lincoln,30
K88R,48453,Travis,48
K8A0,01095,Marshall,01
K8A1,01095,Marshall,01
K8A3,47133,Overton,47
K8B0,23007,Franklin,23
K8B1,33011,Hillsborough,33
K8B5,25027,Worcester,25
K8C4,19031,Cedar,19
K8D1,55015,Calumet,55
K8D3,46109,Roberts,46
K8D7,46025,Clark,46
K8F3,48107,Crosby,48
K8F5,48343,Morris,48
K8F6,46075,Jones,46
K8G1,39077,Huron,39
K8G2,42049,Erie,42
K8G6,39067,Harrison,39
K8J7,38027,Eddy,38
K8K2,20077,Harper,20
K8M1,28117,Prentiss,28
K8M8,26135,Oscoda,26
K8M9,21233,Webster,21
K8N2,17099,LaSalle,17
K8N8,42097,Northumberland,42
K8S0,30035,Glacier,30
K8S1,30047,Lake,30
K8T6,48297,Live Oak,48
K8T8,48029,Bexar,48
K8U2,30029,Flathead,30
K8U6,30079,Prairie,30
K8U8,30007,Broadwater,30
K8V1,08105,Rio Grande,08
K8V2,31089,Holt,31
K8V3,46067,Hutchinson,46
K8V7,08009,Baca,08
K8W2,51171,Shenandoah,51
K8WC,29221,Washington,29
K8Y6,27141,Sherburne,27
K90F,40089,McCurtain,40
K91F,40121,Pittsburg,40
K92F,40141,Tillman,40
K93C,55103,Richland,55
K93F,40129,Roger Mills,40
K93M,29127,Marion,29
K93Y,31023,Butler,31
K94E,35017,Grant,35
K94K,29009,Barry,29
K94R,48481,Wharton,48
K95D,38057,Mercer,38
K95E,35053,Socorro,35
K95F,40117,Pawnee,40
K96D,38067,Pembina,38
K97M,30011,Carter,30
K98D,46119,Sully,46
K99N,45009,Bamberg,45
K99V,08029,Delta,08
K9A0,13187,Lumpkin,13
K9A1,13217,Newton,13
K9A5,13295,Walker,13
K9C8,26133,Osceola,26
K9D0,46069,Hyde,46
K9D1,46053,Gregory,46
K9D2,46063,Harding,46
K9D4,42075,Lebanon,42
K9D7,38095,Towner,38
K9D9,26015,Barry,26
K9F0,48143,Erath,48
K9F8,46129,Walworth,46
K9F9,48439,Tarrant,48
K9G2,26049,Genesee,26
K9G3,36029,Erie,36
K9G8,42021,Cambria,42
K9K7,20053,Ellsworth,20
K9K8,20095,Kingman,20
K9L2,06029,Kern,06
K9M4,28019,Choctaw,28
K9M6,22123,West Carroll,22
K9M8,05053,Grant,05
K9S2,30019,Daniels,30
K9S4,30061,Mineral,30
K9S5,30031,Gallatin,30
K9S9,41049,Morrow,41
K9U0,30005,Blaine,30
K9U3,32015,Lander,32
K9U4,56007,Carbon,56
K9U7,32023,Nye,32
K9V5,31161,Sheridan,31
K9V6,46007,Bennett,46
K9V7,08061,Kiowa,08
K9V9,46015,Brule,46
K9W7,55049,Iowa,55
K9Y1,38025,Dunn,38
KA08,01105,Perry,01
KA09,04015,Mohave,04
KA20,04015,Mohave,04
KA24,06049,Modoc,06
KA30,06093,Siskiyou,06
KA32,06093,Siskiyou,06
KA34,32019,Lyon,32
KA39,04021,Pinal,04
KA50,08041,El Paso,08
KAAA,17107,Logan,17
KAAF,12037,Franklin,12
KAAO,20173,Sedgwick,20
KAAS,21217,Taylor,21
KAAT,06049,Modoc,06
KABE,42077,Lehigh,42
KABI,48441,Taylor,48
KABQ,35001,Bernalillo,35
KABR,46013,Brown,46
KABY,13095,Dougherty,13
KACB,26009,Antrim,26
KACJ,13261,Sumter,13
KACK,25019,Nantucket,25
KACP,22003,Allen,22
KACQ,27161,Waseca,27
KACT,48309,McLennan,48
KACV,06023,Humboldt,06
KACY,34001,Atlantic,34
KACZ,37061,Duplin,37
KADC,27111,Otter Tail,27
KADG,26091,Lenawee,26
KADH,40123,Pontotoc,40
KADM,40019,Carter,40
KADS,48113,Dallas,48
KADT,20153,Rawlins,20
KADU,19009,Audubon,19
KADW,24033,Prince George's,24
KAEG,35001,Bernalillo,35
KAEJ,08015,Chaffee,08
KAEL,27047,Freeborn,27
KAEX,22079,Rapides,22
KAFF,08041,El Paso,08
KAFJ,42125,Washington,42
KAFK,31131,Otoe,31
KAFN,33005,Cheshire,33
KAFO,56023,Lincoln,56
KAFP,37007,Anson,37
KAFW,48121,Denton,48
KAGC,42003,Allegheny,42
KAGO,05027,Columbia,05
KAGR,12105,Polk,12
KAGS,13245,Richmond,13
KAGZ,46023,Charles Mix,46
KAHC,06035,Lassen,06
KAHH,55095,Polk,55
KAHN,13059,Clarke,13
KAHQ,31155,Saunders,31
KAIA,31013,Box Butte,31
KAIB,08085,Montrose,08
KAID,18095,Madison,18
KAIG,55067,Langlade,55
KAIK,45003,Aiken,45
KAIO,19029,Cass,19
KAIT,27001,Aitkin,27
KAIV,01107,Pickens,01
KAIZ,29131,Miller,29
KAJG,17101,Lawrence,17
KAJO,06065,Riverside,06
KAJR,13137,Habersham,13
KAJZ,08029,Delta,08
KAKH,37071,Gaston,37
KAKO,08121,Washington,08
KAKQ,51183,Sussex,51
KAKR,39153,Summit,39
KALB,36001,Albany,36
KALI,48249,Jim Wells,48
KALM,35035,Otero,35
KALN,17119,Madison,17
KALO,19013,Black Hawk,19
KALS,08003,Alamosa,08
KALW,53071,Walla Walla,53
KALX,01123,Tallapoosa,01
KAMA,48375,Potter,48
KAMG,13005,Bacon,13
KAMN,26057,Gratiot,26
KAMT,39001,Adams,39
KAMW,19169,Story,19
KANB,01015,Calhoun,01
KAND,45007,Anderson,45
KANE,27003,Anoka,27
KANJ,26033,Chippewa,26
KANK,08015,Chaffee,08
KANP,24003,Anne Arundel,24
KANQ,18151,Steuben,18
KANW,31017,Brown,31
KANY,20077,Harper,20
KAOC,16023,Butte,16
KAOH,39003,Allen,39
KAOO,42013,Blair,42
KAOV,29067,Douglas,29
KAPA,08005,Arapahoe,08
KAPC,06055,Napa,06
KAPF,12021,Collier,12
KAPG,24025,Harford,24
KAPH,51033,Caroline,51
KAPN,26007,Alpena,26
KAPT,47115,Marion,47
KAPV,06071,San Bernardino,06
KAPY,48505,Zapata,48
KAQO,48299,Llano,48
KAQP,27151,Swift,27
KAQR,40005,Atoka,40
KAQW,25003,Berkshire,25
KAQX,45005,Allendale,45
KARA,22045,Iberia,22
KARB,26161,Washtenaw,26
KARG,05075,Lawrence,05
KARM,48481,Wharton,48
KARR,17089,Kane,17
KART,36045,Jefferson,36
KARV,55125,Vilas,55
KARW,45013,Beaufort,45
KASD,22103,St. Tammany,22
KASE,08097,Pitkin,08
KASG,05143,Washington,05
KASH,33011,Hillsborough,33
KASJ,37091,Hertford,37
KASL,48203,Harrison,48
KASN,01121,Talladega,01
KAST,41007,Clatsop,41
KASW,18085,Kosciusko,18
KASX,55003,Ashland,55
KASY,38051,McIntosh,38
KATA,48067,Cass,48
KATL,13063,Clayton,13
KATS,35015,Eddy,35
KATW,55087,Outagamie,55
KATY,46029,Codington,46
KAUG,23011,Kennebec,23
KAUH,31081,Hamilton,31
KAUM,27099,Mower,27
KAUN,06061,Placer,06
KAUO,01081,Lee,01
KAUS,48453,Travis,48
KAUW,55073,Marathon,55
KAVC,51117,Mecklenburg,51
KAVK,40151,Woods,40
KAVL,37021,Buncombe,37
KAVO,12055,Highlands,12
KAVP,42079,Luzerne,42
KAVQ,04019,Pima,04
KAVX,06037,Los Angeles,06
KAWG,19183,Washington,19
KAWM,05035,Crittenden,05
KAWO,53061,Snohomish,53
KAXA,19109,Kossuth,19
KAXH,48157,Fort Bend,48
KAXN,27041,Douglas,27
KAXQ,42031,Clarion,42
KAXS,40065,Jackson,40
KAXV,39011,Auglaize,39
KAXX,35007,Colfax,35
KAYS,13299,Ware,13
KAYX,47031,Coffee,47
KAZC,04015,Mohave,04
KAZE,13161,Jeff Davis,13
KAZO,26077,Kalamazoo,26
KB16,36011,Cayuga,36
KB19,23031,York,23
KB21,23007,Franklin,23
KBAB,06115,Yuba,06
KBAD,22015,Bossier,22
KBAF,25013,Hampden,25
KBAK,18005,Bartholomew,18
KBAM,32015,Lander,32
KBAX,26063,Huron,26
KBAZ,48187,Guadalupe,48
KBBB,27151,Swift,27
KBBD,48307,McCulloch,48
KBBG,29213,Taney,29
KBBP,45069,Marlboro,45
KBBW,31041,Custer,31
KBCB,51121,Montgomery,51
KBCE,49017,Garfield,49
KBCK,55053,Jackson,55
KBCT,12099,Palm Beach,12
KBDE,27077,Lake of the Woods,27
KBDG,49037,San Juan,49
KBDH,27067,Kandiyohi,27
KBDJ,55125,Vilas,55
KBDL,09003,Hartford,09
KBDN,41017,Deschutes,41
KBDQ,05029,Conway,05
KBDR,09001,Fairfield,09
KBDU,08013,Boulder,08
KBEA,48025,Bee,48
KBEC,20173,Sedgwick,20
KBED,25017,Middlesex,25
KBEH,26021,Berrien,26
KBFA,26029,Charlevoix,26
KBFD,42083,McKean,42
KBFE,48445,Terry,48
KBFF,31157,Scotts Bluff,31
KBFI,53033,King,53
KBFK,40059,Harper,40
KBFL,06029,Kern,06
KBFM,01097,Mobile,01
KBFR,18093,Lawrence,18
KBGD,48233,Hutchinson,48
KBGE,13087,Decatur,13
KBGF,47051,Franklin,47
KBGM,36007,Broome,36
KBGR,23019,Penobscot,23
KBHB,23009,Hancock,23
KBHC,13001,Appling,13
KBHK,30025,Fallon,30
KBHM,01073,Jefferson,01
KBID,44009,Washington,44
KBIE,31067,Gage,31
KBIF,48141,El Paso,48
KBIH,06027,Inyo,06
KBIJ,13099,Early,13
KBIL,30111,Yellowstone,30
KBIS,38015,Burleigh,38
KBIV,26005,Allegan,26
KBIX,28047,Harrison,28
KBJC,08014,Broomfield,08
KBJI,27007,Beltrami,27
KBJJ,39169,Wayne,39
KBKD,48429,Stephens,48
KBKE,41001,Baker,41
KBKF,08005,Arapahoe,08
KBKN,40071,Kay,40
KBKS,48047,Brooks,48
KBKT,51135,Nottoway,51
KBKV,12053,Hernando,12
KBKW,54081,Raleigh,54
KBKX,46011,Brookings,46
KBLF,54055,Mercer,54
KBLH,06065,Riverside,06
KBLI,53073,Whatcom,53
KBLM,34025,Monmouth,34
KBLU,06061,Placer,06
KBLV,17163,St. Clair,17
KBMC,49003,Box Elder,49
KBMG,18105,Monroe,18
KBMI,17113,McLean,17
KBML,33007,Coos,33
KBMQ,48053,Burnet,48
KBMT,48245,Jefferson,48
KBNA,47037,Davidson,47
KBNG,06065,Riverside,06
KBNL,45011,Barnwell,45
KBNO,41025,Harney,41
KBNW,19015,Boone,19
KBOI,16001,Ada,16
KBOK,41015,Curry,41
KBOS,25025,Suffolk,25
KBOW,12105,Polk,12
KBPG,48227,Howard,48
KBPI,56035,Sublette,56
KBPK,05005,Baxter,05
KBPT,48245,Jefferson,48
KBQK,13127,Glynn,13
KBQP,22067,Morehouse,22
KBQR,36029,Erie,36
KBRD,27035,Crow Wing,27
KBRL,19057,Des Moines,19
KBRO,48061,Cameron,48
KBRY,21179,Nelson,21
KBST,23027,Waldo,23
KBTA,31177,Washington,31
KBTF,49011,Davis,49
KBTL,26025,Calhoun,26
KBTM,30093,Silver Bow,30
KBTN,46091,Marshall,46
KBTP,42019,Butler,42
KBTR,22033,East Baton Rouge,22
KBTV,50007,Chittenden,50
KBTY,32023,Nye,32
KBUB,31071,Garfield,31
KBUF,36029,Erie,36
KBUM,29013,Bates,29
KBUR,06037,Los Angeles,06
KBUU,55101,Racine,55
KBUY,37001,Alamance,37
KBVI,42007,Beaver,42
KBVN,31011,Boone,31
KBVO,40113,Osage,40
KBVS,53057,Skagit,53
KBVX,05063,Independence,05
KBVY,25009,Essex,25
KBWC,06025,Imperial,06
KBWD,48049,Brown,48
KBWG,21227,Warren,21
KBWI,24003,Anne Arundel,24
KBWP,38077,Richland,38
KBWW,38011,Bowman,38
KBXA,22117,Washington,22
KBXG,13033,Burke,13
KBXK,04013,Maricopa,04
KBXM,23005,Cumberland,23
KBYG,56019,Johnson,56
KBYH,05093,Mississippi,05
KBYI,16031,Cassia,16
KBYS,06071,San Bernardino,06
KBYY,48321,Matagorda,48
KBZN,30031,Gallatin,30
KC02,55127,Walworth,55
KC03,18039,Elkhart,18
KC04,26127,Oceana,26
KC08,08027,Custer,08
KC09,17063,Grundy,17
KC15,17179,Tazewell,17
KC16,17019,Champaign,17
KC17,19113,Linn,19
KC20,26021,Berrien,26
KC24,08079,Mineral,08
KC26,17039,De Witt,17
KC27,19055,Delaware,19
KC28,42049,Erie,42
KC29,55025,Dane,55
KC35,55111,Sauk,55
KC47,55021,Columbia,55
KC57,26155,Shiawassee,26
KC62,18113,Noble,18
KC63,26117,Montcalm,26
KC65,18099,Marshall,18
KC71,28005,Amite,28
KC73,17103,Lee,17
KC74,55043,Grant,55
KC75,17123,Marshall,17
KC77,17007,Boone,17
KC80,06019,Fresno,06
KC81,17097,Lake,17
KC83,06013,Contra Costa,06
KC88,26145,Saginaw,26
KC91,26027,Cass,26
KCAD,26165,Wexford,26
KCAE,45063,Lexington,45
KCAG,08081,Moffat,08
KCAK,39153,Summit,39
KCAO,35059,Union,35
KCAR,23003,Aroostook,23
KCAV,19197,Wright,19
KCBE,54057,Mineral,54
KCBF,19155,Pottawattamie,19
KCBG,27059,Isanti,27
KCBK,20193,Thomas,20
KCBM,28087,Lowndes,28
KCCA,05141,Van Buren,05
KCCB,06071,San Bernardino,06
KCCO,13077,Coweta,13
KCCR,06013,Contra Costa,06
KCCY,19067,Floyd,19
KCDA,50005,Caledonia,50
KCDC,49021,Iron,49
KCDH,05103,Ouachita,05
KCDI,39059,Guernsey,39
KCDK,12075,Levy,12
KCDN,45055,Kershaw,45
KCDR,31045,Dawes,31
KCDS,48075,Childress,48
KCDW,34013,Essex,34
KCEA,20173,Sedgwick,20
KCEF,25013,Hampden,25
KCEK,31151,Saline,31
KCEU,45073,Oconee,45
KCEV,18041,Fayette,18
KCEW,12091,Okaloosa,12
KCEY,21035,Calloway,21
KCEZ,08083,Montezuma,08
KCFD,48041,Brazos,48
KCFE,27171,Wright,27
KCFJ,18107,Montgomery,18
KCFS,26157,Tuscola,26
KCFT,04011,Greenlee,04
KCFV,20125,Montgomery,20
KCGC,12017,Citrus,12
KCGE,24019,Dorchester,24
KCGF,39035,Cuyahoga,39
KCGI,29201,Scott,29
KCGS,24033,Prince George's,24
KCGZ,04021,Pinal,04
KCHA,47065,Hamilton,47
KCHD,04013,Maricopa,04
KCHK,40051,Grady,40
KCHN,12049,Hardee,12
KCHO,51003,Albemarle,51
KCHQ,29133,Mississippi,29
KCHS,45019,Charleston,45
KCHT,29117,Livingston,29
KCHU,27055,Houston,27
KCIC,06007,Butte,06
KCID,19113,Linn,19
KCII,30099,Teton,30
KCIN,19027,Carroll,19
KCIR,17003,Alexander,17
KCIU,26033,Chippewa,26
KCJR,51047,Culpeper,51
KCKA,40003,Alfalfa,40
KCKB,54033,Harrison,54
KCKC,27031,Cook,27
KCKF,13081,Crisp,13
KCKI,45089,Williamsburg,45
KCKM,28027,Coahoma,28
KCKN,27119,Polk,27
KCKP,19035,Cherokee,19
KCKV,47125,Montgomery,47
KCKZ,42017,Bucks,42
KCLE,39035,Cuyahoga,39
KCLI,55135,Waupaca,55
KCLK,40039,Custer,40
KCLL,48041,Brazos,48
KCLM,53009,Clallam,53
KCLR,06025,Imperial,06
KCLS,53041,Lewis,53
KCLT,37119,Mecklenburg,37
KCLW,12103,Pinellas,12
KCMA,06111,Ventura,06
KCMD,01043,Cullman,01
KCMH,39049,Franklin,39
KCMI,17019,Champaign,17
KCMR,04005,Coconino,04
KCMX,26061,Houghton,26
KCMY,55081,Monroe,55
KCNB,27173,Yellow Medicine,27
KCNC,19117,Lucas,19
KCNH,33019,Sullivan,33
KCNK,20029,Cloud,20
KCNM,35015,Eddy,35
KCNO,06071,San Bernardino,06
KCNP,31049,Deuel,31
KCNU,20133,Neosho,20
KCNW,48309,McLennan,48
KCNY,49019,Grand,49
KCOD,56029,Park,56
KCOE,16055,Kootenai,16
KCOF,12009,Brevard,12
KCOI,12009,Brevard,12
KCOM,48083,Coleman,48
KCON,33013,Merrimack,33
KCOQ,27017,Carlton,27
KCOS,08041,El Paso,08
KCOT,48283,La Salle,48
KCOU,29019,Boone,29
KCPC,37047,Columbus,37
KCPK,51550,Chesapeake,51
KCPM,06037,Los Angeles,06
KCPR,56025,Natrona,56
KCPS,17163,St. Clair,17
KCPT,48251,Johnson,48
KCPU,06009,Calaveras,06
KCQA,39107,Mercer,39
KCQB,40081,Lincoln,40
KCQJ,08041,El Paso,08
KCQM,27137,St. Louis,27
KCQW,45025,Chesterfield,45
KCQX,25001,Barnstable,25
KCRE,45051,Horry,45
KCRG,12031,Duval,12
KCRP,48355,Nueces,48
KCRQ,06073,San Diego,06
KCRS,48349,Navarro,48
KCRT,05003,Ashley,05
KCRW,54039,Kanawha,54
KCRX,28003,Alcorn,28
KCRZ,19003,Adams,19
KCSB,31065,Furnas,31
KCSG,13215,Muscogee,13
KCSM,40149,Washita,40
KCSQ,19175,Union,19
KCSV,47035,Cumberland,47
KCTB,30035,Glacier,30
KCTJ,13045,Carroll,13
KCTK,17057,Fulton,17
KCTY,12029,Dixie,12
KCTZ,37163,Sampson,37
KCUB,45079,Richland,45
KCUH,40119,Payne,40
KCUL,17193,White,17
KCUT,46033,Custer,46
KCVB,48325,Medina,48
KCVG,21015,Boone,21
KCVH,06069,San Benito,06
KCVK,05135,Sharp,05
KCVN,35009,Curry,35
KCVO,41003,Benton,41
KCVS,35009,Curry,35
KCVX,26029,Charlevoix,26
KCWA,55073,Marathon,55
KCWC,48485,Wichita,48
KCWF,22019,Calcasieu,22
KCWI,19045,Clinton,19
KCWV,13109,Evans,13
KCXE,51117,Mecklenburg,51
KCXL,06025,Imperial,06
KCXO,48339,Montgomery,48
KCXP,32510,Carson City,32
KCXU,13205,Mitchell,13
KCXW,05045,Faulkner,05
KCXY,42133,York,42
KCYO,39129,Pickaway,39
KCYS,56021,Laramie,56
KCYW,20027,Clay,20
KCZD,31047,Dawson,31
KCZG,36007,Broome,36
KCZK,41027,Hood River,41
KCZL,13129,Gordon,13
KCZT,48127,Dimmit,48
KD00,27107,Norman,27
KD02,19131,Mitchell,19
KD05,38055,McLean,38
KD07,46093,Meade,46
KD09,38009,Bottineau,38
KD11,26073,Isabella,26
KD14,27119,Polk,27
KD17,08029,Delta,08
KD23,36121,Wyoming,36
KD25,55125,Vilas,55
KD31,38005,Benson,38
KD37,27089,Marshall,27
KD39,27145,Stearns,27
KD42,27015,Brown,27
KD50,38023,Divide,38
KD54,38017,Cass,38
KD55,38019,Cavalier,38
KD56,38097,Traill,38
KD57,38059,Morton,38
KD60,38105,Williams,38
KD64,38009,Bottineau,38
KD68,04001,Apache,04
KD73,13297,Walton,13
KD74,10001,Kent,10
KD83,06045,Mendocino,06
KD86,06107,Tulare,06
KD95,26087,Lapeer,26
KD98,26099,Macomb,26
KDAA,51059,Fairfax,51
KDAB,12127,Volusia,12
KDAF,55057,Juneau,55
KDAG,06071,San Bernardino,06
KDAL,48113,Dallas,48
KDAN,51590,Danville,51
KDAW,33017,Strafford,33
KDAY,39113,Montgomery,39
KDBN,13175,Laurens,13
KDBQ,19061,Dubuque,19
KDCA,11001,District of Columbia,11
KDCM,45023,Chester,45
KDCU,01083,Limestone,01
KDCY,18027,Daviess,18
KDDC,20057,Ford,20
KDDH,50003,Bennington,50
KDEC,17115,Macon,17
KDED,12127,Volusia,12
KDEH,19191,Winneshiek,19
KDEN,08031,Denver,08
KDEQ,05133,Sevier,05
KDET,26163,Wayne,26
KDEW,53063,Spokane,53
KDFI,39039,Defiance,39
KDFW,48439,Tarrant,48
KDGL,04003,Cochise,04
KDGW,56009,Converse,56
KDHN,01045,Dale,01
KDHT,48205,Hartley,48
KDIJ,16081,Teton,16
KDIK,38089,Stark,38
KDKB,17037,DeKalb,17
KDKK,36013,Chautauqua,36
KDKR,48225,Houston,48
KDKX,47093,Knox,47
KDLC,45033,Dillon,45
KDLF,48465,Val Verde,48
KDLH,27137,St. Louis,27
KDLL,55111,Sauk,55
KDLN,30001,Beaverhead,30
KDLO,06029,Kern,06
KDLS,53039,Klickitat,53
KDLZ,39041,Delaware,39
KDMA,04019,Pima,04
KDMN,35029,Luna,35
KDMO,29159,Pettis,29
KDMW,24013,Carroll,24
KDNL,13245,Richmond,13
KDNN,13313,Whitfield,13
KDNS,19047,Crawford,19
KDNV,17183,Vermilion,17
KDOV,10001,Kent,10
KDPA,17043,DuPage,17
KDPG,49045,Tooele,49
KDPL,37061,Duplin,37
KDQH,13069,Coffee,13
KDRA,32023,Nye,32
KDRI,22011,Beauregard,22
KDRM,26033,Chippewa,26
KDRO,08067,La Plata,08
KDRP,05123,St. Francis,05
KDRT,48465,Val Verde,48
KDSM,19153,Polk,19
KDSV,36051,Livingston,36
KDTA,49027,Millard,49
KDTL,27005,Becker,27
KDTN,22015,Bossier,22
KDTO,48121,Denton,48
KDTS,12091,Okaloosa,12
KDTW,26163,Wayne,26
KDUA,40013,Bryan,40
KDUC,40137,Stephens,40
KDUG,04003,Cochise,04
KDUH,26115,Monroe,26
KDUJ,42065,Jefferson,42
KDUX,48341,Moore,48
KDVK,21021,Boyle,21
KDVL,38071,Ramsey,38
KDVN,19163,Scott,19
KDVO,06041,Marin,06
KDVP,27101,Murray,27
KDVT,04013,Maricopa,04
KDWA,06113,Yolo,06
KDWH,48201,Harris,48
KDWU,21089,Greenup,21
KDXE,29207,Stoddard,29
KDXR,09001,Fairfield,09
KDXX,27073,Lac qui Parle,27
KDYA,01091,Marengo,01
KDYB,45035,Dorchester,45
KDYL,42017,Bucks,42
KDYR,47045,Dyer,47
KDYS,48441,Taylor,48
KDYT,27137,St. Louis,27
KDZB,48299,Llano,48
KDZJ,13291,Union,13
KE01,48475,Ward,48
KE05,35013,Doña Ana,35
KE06,35025,Lea,35
KE11,48003,Andrews,48
KE13,48103,Crane,48
KE14,35039,Rio Arriba,35
KE16,06085,Santa Clara,06
KE19,48195,Hansford,48
KE24,04017,Navajo,04
KE25,04013,Maricopa,04
KE26,35025,Lea,35
KE30,48399,Runnels,48
KE34,48129,Donley,48
KE35,48141,El Paso,48
KE38,48043,Brewster,48
KE41,48383,Reagan,48
KE42,48195,Hansford,48
KE45,06109,Tuolumne,06
KE48,48461,Upton,48
KE51,04025,Yavapai,04
KE52,48359,Oldham,48
KE57,48501,Yoakum,48
KE60,04021,Pinal,04
KE63,04013,Maricopa,04
KE67,04021,Pinal,04
KE77,04021,Pinal,04
KE78,04019,Pima,04
KE80,35061,Valencia,35
KE89,35047,San Miguel,35
KE91,04001,Apache,04
KE95,04003,Cochise,04
KE98,35061,Valencia,35
KEAG,19197,Wright,19
KEAN,56031,Platte,56
KEAR,31019,Buffalo,31
KEAT,53017,Douglas,53
KEAU,55017,Chippewa,55
KEBD,54059,Mingo,54
KEBG,48215,Hidalgo,48
KEBS,19079,Hamilton,19
KEBY,53009,Clallam,53
KECG,37139,Pasquotank,37
KECP,12005,Bay,12
KECS,56045,Weston,56
KECU,48137,Edwards,48
KEDC,48453,Travis,48
KEDE,37041,Chowan,37
KEDG,24025,Harford,24
KEDJ,39091,Logan,39
KEDN,01031,Coffee,01
KEDU,06095,Solano,06
KEDW,06029,Kern,06
KEE0,04021,Pinal,04
KEED,06071,San Bernardino,06
KEEN,33005,Cheshire,33
KEEO,08103,Rio Blanco,08
KEET,01117,Shelby,01
KEFC,46019,Butte,46
KEFD,48201,Harris,48
KEFK,50019,Orleans,50
KEFT,55045,Green,55
KEFW,19073,Greene,19
KEGE,08037,Eagle,08
KEGI,12091,Okaloosa,12
KEGQ,19147,Palo Alto,19
KEGT,20191,Sumner,20
KEGV,55125,Vilas,55
KEHA,20129,Morton,20
KEHO,37045,Cleveland,37
KEHR,21101,Henderson,21
KEIK,08123,Weld,08
KEIW,29143,New Madrid,29
KEKA,06023,Humboldt,06
KEKM,18039,Elkhart,18
KEKN,54083,Randolph,54
KEKO,32007,Elko,32
KEKQ,21231,Wayne,21
KEKS,30057,Madison,30
KEKX,21093,Hardin,21
KEKY,01073,Jefferson,01
KELA,48089,Colorado,48
KELD,05139,Union,05
KELK,40009,Beckham,40
KELM,36015,Chemung,36
KELN,53037,Kittitas,53
KELO,27137,St. Louis,27
KELP,48141,El Paso,48
KELY,32033,White Pine,32
KELZ,36003,Allegany,36
KEMM,56023,Lincoln,56
KEMP,20111,Lyon,20
KEMT,06037,Los Angeles,06
KEMV,51081,Greensville,51
KEND,40047,Garfield,40
KENL,17121,Marion,17
KENV,49045,Tooele,49
KENW,55059,Kenosha,55
KEOE,45071,Newberry,45
KEOK,19111,Lee,19
KEOP,39131,Pike,39
KEOS,29145,Newton,29
KEPH,53025,Grant,53
KEPM,23029,Washington,23
KEQA,20015,Butler,20
KEQY,37179,Union,37
KERI,42049,Erie,42
KERR,33007,Coos,33
KERV,48265,Kerr,48
KERY,26095,Luce,26
KESC,26041,Delta,26
KESF,22079,Rapides,22
KESN,24041,Talbot,24
KEST,19063,Emmet,19
KESW,53037,Kittitas,53
KETB,55131,Washington,55
KETC,37065,Edgecombe,37
KETH,27155,Traverse,27
KETN,48133,Eastland,48
KEUF,01005,Barbour,01
KEUG,41039,Lane,41
KEUL,16027,Canyon,16
KEVB,12127,Volusia,12
KEVM,27137,St. Louis,27
KEVU,29147,Nodaway,29
KEVV,18163,Vanderburgh,18
KEVW,56041,Uinta,56
KEVY,10003,New Castle,10
KEWB,25005,Bristol,25
KEWK,20079,Harvey,20
KEWN,37049,Craven,37
KEWR,34013,Essex,34
KEXX,37057,Davidson,37
KEYE,18097,Marion,18
KEYF,37017,Bladen,37
KEYW,12087,Monroe,12
KEZF,51177,Spotsylvania,51
KEZI,17073,Henry,17
KEZM,13091,Dodge,13
KEZS,55115,Shawano,55
KEZZ,29049,Clinton,29
KF00,48147,Fannin,48
KF01,48197,Hardeman,48
KF05,48487,Wilbarger,48
KF06,48087,Collingsworth,48
KF08,40091,McIntosh,40
KF10,40111,Okmulgee,40
KF14,48485,Wichita,48
KF17,48419,Shelby,48
KF21,48191,Hall,48
KF22,40103,Noble,40
KF24,22119,Webster,22
KF29,40017,Canadian,40
KF30,40099,Murray,40
KF31,40095,Marshall,40
KF32,40019,Carter,40
KF34,06019,Fresno,06
KF35,48363,Palo Pinto,48
KF36,40149,Washita,40
KF37,35027,Lincoln,35
KF41,48139,Ellis,48
KF43,05139,Union,05
KF44,48213,Henderson,48
KF45,12099,Palm Beach,12
KF46,48397,Rockwall,48
KF47,12037,Franklin,12
KF49,48303,Lubbock,48
KF51,48499,Wood,48
KF53,48159,Franklin,48
KF56,48253,Jones,48
KF62,06105,Trinity,06
KF68,40015,Caddo,40
KF69,48085,Collin,48
KF70,06065,Riverside,06
KF72,06067,Sacramento,06
KF75,48275,Knox,48
KF82,48303,Lubbock,48
KF84,40061,Haskell,40
KF85,48079,Cochran,48
KF86,22021,Caldwell,22
KF87,22111,Union,22
KF88,22049,Jackson,22
KF89,22041,Franklin,22
KF97,48165,Gaines,48
KF98,48501,Yoakum,48
KF99,40063,Hughes,40
KFAF,51700,Newport News,51
KFAM,29187,St. Francois,29
KFAR,38017,Cass,38
KFAT,06019,Fresno,06
KFAY,37051,Cumberland,37
KFBG,37051,Cumberland,37
KFBL,27131,Rice,27
KFBR,56041,Uinta,56
KFBY,31095,Jefferson,31
KFCH,06019,Fresno,06
KFCI,51041,Chesterfield,51
KFCM,27053,Hennepin,27
KFCS,08041,El Paso,08
KFCT,53077,Yakima,53
KFCY,05123,St. Francis,05
KFDK,24021,Frederick,24
KFDR,40141,Tillman,40
KFDW,45039,Fairfield,45
KFDY,39063,Hancock,39
KFEP,17177,Stephenson,17
KFET,31053,Dodge,31
KFFA,37055,Dare,37
KFFC,13077,Coweta,13
KFFL,19101,Jefferson,19
KFFM,27111,Otter Tail,27
KFFO,39057,Greene,39
KFFT,21073,Franklin,21
KFFX,26123,Newaygo,26
KFFZ,04013,Maricopa,04
KFGU,47065,Hamilton,47
KFGX,21161,Mason,21
KFHR,53055,San Juan,53
KFHU,04003,Cochise,04
KFIG,42033,Clearfield,42
KFIT,25027,Worcester,25
KFKA,27045,Fillmore,27
KFKL,42121,Venango,42
KFKN,51093,Isle of Wight,51
KFKR,18023,Clinton,18
KFKS,26019,Benzie,26
KFLD,55039,Fond du Lac,55
KFLG,04005,Coconino,04
KFLL,12011,Broward,12
KFLO,45041,Florence,45
KFLP,05089,Marion,05
KFLR,12086,Miami-Dade,12
KFLV,20103,Leavenworth,20
KFLX,32001,Churchill,32
KFME,24003,Anne Arundel,24
KFMH,25001,Barnstable,25
KFMM,08087,Morgan,08
KFMN,35045,San Juan,35
KFMY,12071,Lee,12
KFMZ,31059,Fillmore,31
KFNB,31147,Richardson,31
KFNL,08069,Larimer,08
KFNT,26049,Genesee,26
KFOA,17025,Clay,17
KFOD,19187,Webster,19
KFOE,20177,Shawnee,20
KFOK,36103,Suffolk,36
KFOM,49027,Millard,49
KFOT,06023,Humboldt,06
KFOZ,27061,Itasca,27
KFPK,26045,Eaton,26
KFPR,12111,St. Lucie,12
KFQD,37161,Rutherford,37
KFRG,36103,Suffolk,36
KFRH,18117,Orange,18
KFRI,20061,Geary,20
KFRM,27091,Martin,27
KFRR,51187,Warren,51
KFSD,46099,Minnehaha,46
KFSE,27119,Polk,27
KFSI,40031,Comanche,40
KFSK,20011,Bourbon,20
KFSM,05131,Sebastian,05
KFSO,50011,Franklin,50
KFST,48371,Pecos,48
KFSU,35011,De Baca,35
KFSW,19111,Lee,19
KFTG,08001,Adams,08
KFTK,21093,Hardin,21
KFTT,29027,Callaway,29
KFTW,48439,Tarrant,48
KFTY,13121,Fulton,13
KFUL,06059,Orange,06
KFVE,23003,Aroostook,23
KFVX,51049,Cumberland,51
KFWA,18003,Allen,18
KFWC,17191,Wayne,17
KFWN,34037,Sussex,34
KFWQ,42129,Westmoreland,42
KFWS,48439,Tarrant,48
KFXE,12011,Broward,12
KFXY,19081,Hancock,19
KFYE,47047,Fayette,47
KFYJ,51097,King and Queen,51
KFYM,47103,Lincoln,47
KFYV,05143,Washington,05
KFZG,13017,Ben Hill,13
KFZI,39147,Seneca,39
KFZY,36075,Oswego,36
KGAB,32023,Nye,32
KGAD,01055,Etowah,01
KGAF,38099,Walsh,38
KGAG,40045,Ellis,40
KGAI,24031,Montgomery,24
KGAO,22057,Lafourche,22
KGAS,39053,Gallia,39
KGAX,04013,Maricopa,04
KGBD,20009,Barton,20
KGBG,17095,Knox,17
KGBN,04013,Maricopa,04
KGBR,25003,Berkshire,25
KGCC,56005,Campbell,56
KGCD,41023,Grant,41
KGCK,20055,Finney,20
KGCM,40131,Rogers,40
KGCN,04005,Coconino,04
KGCT,19077,Guthrie,19
KGCY,47059,Greene,47
KGDB,27173,Yellow Medicine,27
KGDJ,48221,Hood,48
KGDM,25027,Worcester,25
KGDV,30021,Dawson,30
KGDW,26051,Gladwin,26
KGED,10005,Sussex,10
KGEG,53063,Spokane,53
KGEO,39015,Brown,39
KGEU,04013,Maricopa,04
KGEV,37009,Ashe,37
KGEY,56003,Big Horn,56
KGEZ,18145,Shelby,18
KGFA,30013,Cascade,30
KGFD,18059,Hancock,18
KGFK,38035,Grand Forks,38
KGFL,36113,Warren,36
KGFZ,19001,Adair,19
KGGE,45043,Georgetown,45
KGGF,31135,Perkins,31
KGGG,48183,Gregg,48
KGGI,19157,Poweshiek,19
KGGP,18017,Cass,18
KGGW,30105,Valley,30
KGHG,25023,Plymouth,25
KGHM,47081,Hickman,47
KGHW,27121,Pope,27
KGIC,16049,Idaho,16
KGIF,12105,Polk,12
KGJT,08077,Mesa,08
KGKJ,42039,Crawford,42
KGKT,47155,Sevier,47
KGKY,48439,Tarrant,48
KGLD,20181,Sherman,20
KGLE,48097,Cooke,48
KGLH,28151,Washington,28
KGLR,26137,Otsego,26
KGLS,48167,Galveston,48
KGLW,21009,Barren,21
KGLY,29083,Henry,29
KGMJ,40041,Delaware,40
KGMU,45045,Greenville,45
KGNB,08049,Grand,08
KGNC,48165,Gaines,48
KGNF,28043,Grenada,28
KGNG,16047,Gooding,16
KGNT,35006,Cibola,35
KGNV,12001,Alachua,12
KGOK,40083,Logan,40
KGON,09011,New London,09
KGOO,06057,Nevada,06
KGOP,48099,Coryell,48
KGOV,26039,Crawford,26
KGPH,29047,Clay,29
KGPI,30029,Flathead,30
KGPM,48439,Tarrant,48
KGPT,28047,Harrison,28
KGPZ,27061,Itasca,27
KGQQ,39139,Richland,39
KGRB,55009,Brown,55
KGRD,45047,Greenwood,45
KGRE,17005,Bond,17
KGRF,53053,Pierce,53
KGRI,31079,Hall,31
KGRK,48027,Bell,48
KGRN,31161,Sheridan,31
KGRR,26081,Kent,26
KGSB,37191,Wayne,37
KGSH,18039,Elkhart,18
KGSO,37081,Guilford,37
KGSP,45083,Spartanburg,45
KGTB,36045,Jefferson,36
KGTE,31047,Dawson,31
KGTF,30013,Cascade,30
KGTG,55013,Burnett,55
KGTR,28087,Lowndes,28
KGTU,48491,Williamson,48
KGUC,08051,Gunnison,08
KGUP,35031,McKinley,35
KGUS,18103,Miami,18
KGUY,40139,Texas,40
KGVE,51137,Orange,51
KGVL,13139,Hall,13
KGVQ,36037,Genesee,36
KGVT,48231,Hunt,48
KGWB,18033,DeKalb,18
KGWN,13179,Liberty,13
KGWO,28015,Carroll,28
KGWR,38081,Sargent,38
KGWS,08045,Garfield,08
KGWW,37191,Wayne,37
KGXY,08123,Weld,08
KGYB,48287,Lee,48
KGYH,45045,Greenville,45
KGYI,48181,Grayson,48
KGYL,27085,McLeod,27
KGYR,04013,Maricopa,04
KGYY,18089,Lake,18
KGZH,01035,Conecuh,01
KGZN,48133,Eastland,48
KGZS,47055,Giles,47
KH04,40035,Craig,40
KH05,40077,Latimer,40
KH14,05021,Clay,05
KH17,29059,Dallas,29
KH19,29163,Pike,29
KH21,29029,Camden,29
KH34,05087,Madison,05
KH35,05071,Johnson,05
KH37,06035,Lassen,06
KH58,29225,Webster,29
KH68,40145,Wagoner,40
KH70,48421,Sherman,48
KH71,40097,Mayes,40
KH76,40113,Osage,40
KH79,29131,Miller,29
KH88,29123,Madison,29
KH92,40113,Osage,40
KH96,17055,Franklin,17
KHAB,01093,Marion,01
KHAE,29127,Marion,29
KHAF,06081,San Mateo,06
KHAI,26149,St. Joseph,26
KHAO,39017,Butler,39
KHBC,38075,Renville,38
KHBG,28035,Forrest,28
KHBI,37151,Randolph,37
KHBR,40075,Kiowa,40
KHBV,48247,Jim Hogg,48
KHBZ,05023,Cleburne,05
KHCD,27085,McLeod,27
KHCO,27069,Kittson,27
KHCR,49051,Wasatch,49
KHDC,22105,Tangipahoa,22
KHDE,31137,Phelps,31
KHDN,08107,Routt,08
KHDO,48325,Medina,48
KHEE,05107,Phillips,05
KHEF,51683,Manassas,51
KHEG,12031,Duval,12
KHEI,38001,Adams,38
KHEQ,08095,Phillips,08
KHEZ,28001,Adams,28
KHFD,09003,Hartford,09
KHFF,37153,Richmond,37
KHFJ,29009,Barry,29
KHFY,18081,Johnson,18
KHGR,24043,Washington,24
KHHF,48211,Hemphill,48
KHHG,18069,Huntington,18
KHHR,06037,Los Angeles,06
KHHW,40023,Choctaw,40
KHIB,27137,St. Louis,27
KHIE,33007,Coos,33
KHIF,49011,Davis,49
KHIG,29107,Lafayette,29
KHII,04015,Mohave,04
KHIO,41067,Washington,41
KHJH,31169,Thayer,31
KHJO,06031,Kings,06
KHKA,05093,Mississippi,05
KHKS,28049,Hinds,28
KHKY,37023,Burke,37
KHLB,18047,Franklin,18
KHLC,20065,Graham,20
KHLG,54069,Ohio,54
KHLN,30049,Lewis and Clark,30
KHLR,48027,Bell,48
KHLX,51035,Carroll,51
KHMN,35035,Otero,35
KHMT,06065,Riverside,06
KHMY,40027,Cleveland,40
KHMZ,42009,Bedford,42
KHNB,18037,Dubois,18
KHND,32003,Clark,32
KHNR,19165,Shelby,19
KHNZ,37077,Granville,37
KHOB,35025,Lea,35
KHOC,39071,Highland,39
KHOE,13065,Clinch,13
KHON,46005,Beadle,46
KHOP,21047,Christian,21
KHOT,05051,Garland,05
KHOU,48201,Harris,48
KHPN,36119,Westchester,36
KHPT,19069,Franklin,19
KHPY,48201,Harris,48
KHQG,20189,Stevens,20
KHQM,53027,Grays Harbor,53
KHQU,13189,McDuffie,13
KHQZ,48113,Dallas,48
KHRI,41059,Umatilla,41
KHRJ,37085,Harnett,37
KHRL,48061,Cameron,48
KHRO,05009,Boone,05
KHRT,12091,Okaloosa,12
KHRU,20127,Morris,20
KHRX,48117,Deaf Smith,48
KHSA,28045,Hancock,28
KHSB,17165,Saline,17
KHSD,40017,Canadian,40
KHSE,37055,Dare,37
KHSG,56017,Hot Springs,56
KHSI,31001,Adams,31
KHSP,51017,Bath,51
KHSR,46047,Fall River,46
KHST,12086,Miami-Dade,12
KHSV,01089,Madison,01
KHTH,32021,Mineral,32
KHTL,26143,Roscommon,26
KHTO,36103,Suffolk,36
KHTS,54099,Wayne,54
KHTW,39087,Lawrence,39
KHUA,01089,Madison,01
KHUF,18167,Vigo,18
KHUL,23003,Aroostook,23
KHUM,22109,Terrebonne,22
KHUT,20155,Reno,20
KHVC,21047,Christian,21
KHVE,49055,Wayne,49
KHVN,09009,New Haven,09
KHVR,30041,Hill,30
KHVS,45031,Darlington,45
KHWD,06001,Alameda,06
KHWO,12011,Broward,12
KHWQ,30107,Wheatland,30
KHWV,36103,Suffolk,36
KHWY,51061,Fauquier,51
KHXD,45013,Beaufort,45
KHXF,55131,Washington,55
KHYA,25001,Barnstable,25
KHYI,48209,Hays,48
KHYR,55113,Sawyer,55
KHYS,20051,Ellis,20
KHYW,45051,Horry,45
KHYX,26145,Saginaw,26
KHZD,47017,Carroll,47
KHZE,38057,Mercer,38
KHZL,42079,Luzerne,42
KHZR,22077,Pointe Coupee,22
KHZX,27001,Aitkin,27
KHZY,39007,Ashtabula,39
KI06,48437,Swisher,48
KI10,39121,Noble,39
KI12,39149,Shelby,39
KI16,54109,Wyoming,54
KI17,39109,Miami,39
KI18,54035,Jackson,54
KI22,18135,Randolph,18
KI23,39047,Fayette,39
KI34,18031,Decatur,18
KI35,21095,Harlan,21
KI39,21151,Madison,21
KI40,39031,Coshocton,39
KI43,39079,Jackson,39
KI50,21197,Powell,21
KI53,21045,Casey,21
KI54,39023,Clark,39
KI58,35019,Guadalupe,35
KI63,17009,Brown,17
KI64,39043,Erie,39
KI66,39027,Clinton,39
KI67,39061,Hamilton,39
KI68,39165,Warren,39
KI69,39025,Clermont,39
KI71,39115,Morgan,39
KI73,39113,Montgomery,39
KI74,39021,Champaign,39
KI75,19039,Clarke,19
KI76,18103,Miami,18
KI86,39127,Perry,39
KI93,21027,Breckinridge,21
KI95,39065,Hardin,39
KIAB,20173,Sedgwick,20
KIAD,51107,Loudoun,51
KIAG,36063,Niagara,36
KIAH,48201,Harris,48
KIBM,31105,Kimball,31
KICL,19145,Page,19
KICR,46123,Tripp,46
KICT,20173,Sedgwick,20
KIDA,16019,Bonneville,16
KIDG,19093,Ida,19
KIDI,42063,Indiana,42
KIDL,28133,Sunflower,28
KIDP,20125,Montgomery,20
KIEN,46102,Oglala Lakota,46
KIER,22069,Natchitoches,22
KIFA,19083,Hardin,19
KIFP,04015,Mohave,04
KIGM,04015,Mohave,04
KIGQ,17031,Cook,17
KIIB,19019,Buchanan,19
KIIY,13317,Wilkes,13
KIJD,09013,Tolland,09
KIJX,17137,Morgan,17
KIKG,48273,Kleberg,48
KIKK,17091,Kankakee,17
KIKV,19153,Polk,19
KILE,48027,Bell,48
KILG,10003,New Castle,10
KILM,37129,New Hanover,37
KILN,39027,Clinton,39
KIML,31029,Chase,31
KIMM,12021,Collier,12
KIMS,18077,Jefferson,18
KIMT,26043,Dickinson,26
KIND,18097,Marion,18
KINF,12017,Citrus,12
KINJ,48217,Hill,48
KINK,48495,Winkler,48
KINL,27071,Koochiching,27
KINS,32003,Clark,32
KINT,37067,Forsyth,37
KINW,04017,Navajo,04
KIOB,21173,Montgomery,21
KIOW,19103,Johnson,19
KIPJ,37109,Lincoln,37
KIPL,06025,Imperial,06
KIPT,42081,Lycoming,42
KIRK,29001,Adair,29
KIRS,26149,St. Joseph,26
KISB,19143,Osceola,19
KISM,12097,Osceola,12
KISO,37107,Lenoir,37
KISP,36103,Suffolk,36
KISQ,26153,Schoolcraft,26
KISW,55141,Wood,55
KITH,36109,Tompkins,36
KITR,08063,Kit Carson,08
KIWA,04013,Maricopa,04
KIWD,26053,Gogebic,26
KIWH,18169,Wabash,18
KIWI,23015,Lincoln,23
KIWS,48201,Harris,48
KIXA,37083,Halifax,37
KIXD,20091,Johnson,20
KIYK,06029,Kern,06
KIZA,06083,Santa Barbara,06
KIZG,23017,Oxford,23
KJAC,56039,Teton,56
KJAN,28121,Rankin,28
KJAS,48241,Jasper,48
KJAU,47013,Campbell,47
KJAX,12031,Duval,12
KJBR,05031,Craighead,05
KJCT,48267,Kimble,48
KJDD,48499,Wood,48
KJDN,30033,Garfield,30
KJEF,29027,Callaway,29
KJER,16053,Jerome,16
KJES,13305,Wayne,13
KJFK,36081,Queens,36
KJFX,01127,Walker,01
KJFZ,51185,Tazewell,51
KJGG,51095,James City,51
KJHW,36013,Chautauqua,36
KJKA,01003,Baldwin,01
KJKJ,27027,Clay,27
KJKL,21025,Breathitt,21
KJLN,29097,Jasper,29
KJMR,27065,Kanabec,27
KJMS,38093,Stutsman,38
KJNX,37101,Johnston,37
KJOT,17197,Will,17
KJQF,37025,Cabarrus,37
KJSD,09001,Fairfield,09
KJSO,48073,Cherokee,48
KJST,42021,Cambria,42
KJSV,40135,Sequoyah,40
KJVL,55105,Rock,55
KJVY,18019,Clark,18
KJWG,40011,Blaine,40
KJWN,47037,Davidson,47
KJWY,48139,Ellis,48
KJXI,48459,Upshur,48
KJXN,26075,Jackson,26
KJYG,27165,Watonwan,27
KJYL,13251,Screven,13
KJYM,26059,Hillsdale,26
KJYO,51107,Loudoun,51
KJYR,31185,York,31
KJZI,45019,Charleston,45
KJZP,13227,Pickens,13
KK02,29157,Perry,29
KK06,17017,Cass,17
KK09,36041,Hamilton,36
KK15,29029,Camden,29
KK16,36065,Oneida,36
KK19,29075,Gentry,29
KK20,21193,Perry,21
KK22,21159,Martin,21
KK24,21207,Russell,21
KK32,20173,Sedgwick,20
KK33,29065,Dent,29
KK38,20201,Washington,20
KK44,40007,Beaver,40
KK49,40139,Texas,40
KK51,20007,Barber,20
KK52,29137,Monroe,29
KK57,29005,Atchison,29
KK58,20025,Clark,20
KK59,20005,Atchison,20
KK61,20123,Mitchell,20
KK62,21191,Pendleton,21
KK74,38017,Cass,38
KK75,20141,Osborne,20
KK77,40151,Woods,40
KK79,20083,Hodgeman,20
KK81,20121,Miami,20
KK82,20183,Smith,20
KK83,20013,Brown,20
KK88,20001,Allen,20
KK89,29121,Macon,29
KK94,20165,Rush,20
KKIC,06053,Monterey,06
KKLS,53015,Cowlitz,53
KKNB,49025,Kane,49
KL00,06029,Kern,06
KL05,06029,Kern,06
KL06,06027,Inyo,06
KL08,06073,San Diego,06
KL09,06027,Inyo,06
KL17,06029,Kern,06
KL19,06029,Kern,06
KL22,06071,San Bernardino,06
KL23,32023,Nye,32
KL26,06071,San Bernardino,06
KL31,22103,St. Tammany,22
KL32,22025,Catahoula,22
KL33,22107,Tensas,22
KL35,06071,San Bernardino,06
KL38,22005,Ascension,22
KL39,22115,Vernon,22
KL41,04005,Coconino,04
KL45,06029,Kern,06
KL62,06029,Kern,06
KL64,06065,Riverside,06
KL65,06065,Riverside,06
KL66,22043,Grant,22
KL70,06037,Los Angeles,06
KL71,06029,Kern,06
KL72,06027,Inyo,06
KL73,06029,Kern,06
KL77,06065,Riverside,06
KL83,22109,Terrebonne,22
KL88,06083,Santa Barbara,06
KL94,06029,Kern,06
KLAA,08099,Prowers,08
KLAF,18157,Tippecanoe,18
KLAL,12105,Polk,12
KLAM,35028,Los Alamos,35
KLAN,26037,Clinton,26
KLAR,56001,Albany,56
KLAS,32003,Clark,32
KLAW,40031,Comanche,40
KLAX,06037,Los Angeles,06
KLBB,48303,Lubbock,48
KLBE,42129,Westmoreland,42
KLBF,31111,Lincoln,31
KLBL,20175,Seward,20
KLBO,29105,Laclede,29
KLBR,48387,Red River,48
KLBT,37155,Robeson,37
KLBX,48039,Brazoria,48
KLCG,31179,Wayne,31
KLCH,22019,Calcasieu,22
KLCI,33001,Belknap,33
KLCK,39049,Franklin,39
KLCQ,12023,Columbia,12
KLDJ,34039,Union,34
KLDM,26105,Mason,26
KLDR,06073,San Diego,06
KLEB,33009,Grafton,33
KLEE,12069,Lake,12
KLEM,46105,Perkins,46
KLEW,23001,Androscoggin,23
KLEX,21067,Fayette,21
KLFI,51650,Hampton,51
KLFK,48005,Angelina,48
KLFT,22055,Lafayette,22
KLGA,36081,Queens,36
KLGB,06037,Los Angeles,06
KLGC,13285,Troup,13
KLGD,41061,Union,41
KLGF,04027,Yuma,04
KLGU,49005,Cache,49
KLHB,48395,Robertson,48
KLHM,06061,Placer,06
KLHQ,39045,Fairfield,39
KLHV,42035,Clinton,42
KLHW,13179,Liberty,13
KLHX,08089,Otero,08
KLHZ,37069,Franklin,37
KLIC,08073,Lincoln,08
KLIT,05119,Pulaski,05
KLIU,48279,Lamb,48
KLJF,27093,Meeker,27
KLKP,36031,Essex,36
KLKR,45057,Lancaster,45
KLKU,51109,Louisa,51
KLKV,41037,Lake,41
KLLJ,16037,Custer,16
KLLN,48219,Hockley,48
KLLQ,05043,Drew,05
KLLR,06045,Mendocino,06
KLLU,29011,Barton,29
KLMO,08013,Boulder,08
KLMS,28159,Winston,28
KLMT,41035,Klamath,41
KLNA,12099,Palm Beach,12
KLNC,48113,Dallas,48
KLND,56013,Fremont,56
KLNK,31109,Lancaster,31
KLNL,55125,Vilas,55
KLNN,39085,Lake,39
KLNP,51195,Wise,51
KLNR,55111,Sauk,55
KLNS,42071,Lancaster,42
KLOL,32027,Pershing,32
KLOM,42091,Montgomery,42
KLOT,17197,Will,17
KLOU,21111,Jefferson,21
KLOZ,21125,Laurel,21
KLPC,06083,Santa Barbara,06
KLPR,39093,Lorain,39
KLQK,45077,Pickens,45
KLQR,20145,Pawnee,20
KLRD,48479,Webb,48
KLRF,05119,Pulaski,05
KLRG,23019,Penobscot,23
KLRJ,19149,Plymouth,19
KLRO,45019,Charleston,45
KLRU,35013,Doña Ana,35
KLRY,29037,Cass,29
KLSB,35023,Hidalgo,35
KLSE,55063,La Crosse,55
KLSF,13053,Chattahoochee,13
KLSK,56027,Niobrara,56
KLSN,06047,Merced,06
KLSV,32003,Clark,32
KLTS,40065,Jackson,40
KLTY,30051,Liberty,30
KLUD,48497,Wise,48
KLUF,04013,Maricopa,04
KLUG,47117,Marshall,47
KLUK,39061,Hamilton,39
KLUL,28067,Jones,28
KLUM,55033,Dunn,55
KLUX,45059,Laurens,45
KLVJ,48039,Brazoria,48
KLVK,06001,Alameda,06
KLVL,51025,Brunswick,51
KLVM,30067,Park,30
KLVN,27037,Dakota,27
KLVS,35047,San Miguel,35
KLWA,26159,Van Buren,26
KLWB,54025,Greenbrier,54
KLWC,20045,Douglas,20
KLWL,32007,Elko,32
KLWM,25009,Essex,25
KLWS,16069,Nez Perce,16
KLWT,30027,Fergus,30
KLWV,17101,Lawrence,17
KLXL,27097,Morrison,27
KLXN,31047,Dawson,31
KLXT,29095,Jackson,29
KLXV,08065,Lake,08
KLXY,48293,Limestone,48
KLYH,51031,Campbell,51
KLYO,20159,Rice,20
KLYV,27133,Rock,27
KLZD,09015,Windham,09
KLZU,13135,Gwinnett,13
KLZZ,48281,Lampasas,48
KM01,47157,Shelby,47
KM02,47043,Dickson,47
KM04,47167,Tipton,47
KM05,29155,Pemiscot,29
KM08,47069,Hardeman,47
KM11,28029,Copiah,28
KM12,29155,Pemiscot,29
KM13,28109,Pearl River,28
KM15,47135,Perry,47
KM16,28049,Hinds,28
KM17,29167,Polk,29
KM18,05057,Hempstead,05
KM19,05067,Jackson,05
KM20,21085,Grayson,21
KM21,21177,Muhlenberg,21
KM22,01059,Franklin,01
KM23,28101,Newton,28
KM24,28131,Stone,28
KM25,21083,Graves,21
KM27,05127,Scott,05
KM29,47181,Wayne,47
KM30,17127,Massac,17
KM31,47097,Lauderdale,47
KM32,05017,Chicot,05
KM33,47165,Sumner,47
KM34,21157,Marshall,21
KM36,05095,Monroe,05
KM37,28133,Sunflower,28
KM40,28095,Monroe,28
KM41,28093,Marshall,28
KM43,28065,Jefferson Davis,28
KM44,28017,Chickasaw,28
KM45,06003,Alpine,06
KM46,30087,Rosebud,30
KM48,29215,Texas,29
KM50,41049,Morrow,41
KM51,28105,Oktibbeha,28
KM53,47053,Gibson,47
KM54,47189,Wilson,47
KM55,01075,Lamar,01
KM56,27031,Cook,27
KM59,28111,Perry,28
KM60,05147,Woodruff,05
KM66,20115,Marion,20
KM70,05121,Randolph,05
KM71,29113,Lincoln,29
KM72,28145,Union,28
KM73,05001,Arkansas,05
KM75,30071,Phillips,30
KM77,05061,Howard,05
KM78,05059,Hot Spring,05
KM79,22083,Richland,22
KM80,22065,Madison,22
KM83,28025,Clay,28
KM85,29143,New Madrid,29
KM89,05019,Clark,05
KM90,06019,Fresno,06
KM91,47147,Robertson,47
KM93,47083,Houston,47
KM94,53025,Grant,53
KM95,01057,Fayette,01
KM96,27137,St. Louis,27
KMAC,13021,Bibb,13
KMAE,06039,Madera,06
KMAF,48329,Midland,48
KMAI,12063,Jackson,12
KMAL,36033,Franklin,36
KMAO,45067,Marion,45
KMAW,29069,Dunklin,29
KMBG,46129,Walworth,46
KMBL,26101,Manistee,26
KMBO,28089,Madison,28
KMBS,26145,Saginaw,26
KMBT,47149,Rutherford,47
KMBY,29175,Randolph,29
KMCB,28113,Pike,28
KMCC,06067,Sacramento,06
KMCD,26097,Mackinac,26
KMCE,06047,Merced,06
KMCF,12057,Hillsborough,12
KMCI,29165,Platte,29
KMCK,31145,Red Willow,31
KMCN,13021,Bibb,13
KMCO,12095,Orange,12
KMCW,19033,Cerro Gordo,19
KMCX,18181,White,18
KMCZ,37117,Martin,37
KMDA,48029,Bexar,48
KMDD,48329,Midland,48
KMDF,40153,Woodward,40
KMDH,17077,Jackson,17
KMDQ,01089,Madison,01
KMDS,46079,Lake,46
KMDT,42043,Dauphin,42
KMDW,17031,Cook,17
KMDZ,55119,Taylor,55
KMEB,37165,Scotland,37
KMEI,28075,Lauderdale,28
KMEJ,20119,Meade,20
KMEM,47157,Shelby,47
KMER,06047,Merced,06
KMEV,32005,Douglas,32
KMEY,19133,Monona,19
KMEZ,05113,Polk,05
KMFD,39139,Richland,39
KMFE,48215,Hidalgo,48
KMFI,55141,Wood,55
KMFR,41029,Jackson,41
KMFV,51001,Accomack,51
KMGC,18091,LaPorte,18
KMGE,13067,Cobb,13
KMGG,27171,Wright,27
KMGJ,36071,Orange,36
KMGM,01101,Montgomery,01
KMGN,26047,Emmet,26
KMGR,13071,Colquitt,13
KMGW,54061,Monongalia,54
KMGY,39113,Montgomery,39
KMHE,46035,Davison,46
KMHK,20161,Riley,20
KMHL,29195,Saline,29
KMHP,13043,Candler,13
KMHR,06067,Sacramento,06
KMHT,33015,Rockingham,33
KMHV,06029,Kern,06
KMIA,12086,Miami-Dade,12
KMIB,38101,Ward,38
KMIC,27053,Hennepin,27
KMIE,18035,Delaware,18
KMIO,40115,Ottawa,40
KMIT,06029,Kern,06
KMIV,34011,Cumberland,34
KMIW,19127,Marshall,19
KMJD,28045,Hancock,28
KMJQ,27063,Jackson,27
KMJX,34029,Ocean,34
KMKA,46059,Hand,46
KMKC,29095,Jackson,29
KMKE,55079,Milwaukee,55
KMKG,26121,Muskegon,26
KMKJ,51173,Smyth,51
KMKL,47113,Madison,47
KMKN,48093,Comanche,48
KMKO,40101,Muskogee,40
KMKS,45015,Berkeley,45
KMKT,27013,Blue Earth,27
KMKV,22009,Avoyelles,22
KMKY,12021,Collier,12
KMLB,12009,Brevard,12
KMLC,40121,Pittsburg,40
KMLD,16071,Oneida,16
KMLE,31055,Douglas,31
KMLF,49001,Beaver,49
KMLI,17161,Rock Island,17
KMLJ,13009,Baldwin,13
KMLS,30017,Custer,30
KMLT,23019,Penobscot,23
KMLU,22073,Ouachita,22
KMMH,06051,Mono,06
KMMI,47107,McMinn,47
KMMK,09009,New Haven,09
KMML,27083,Lyon,27
KMMS,28119,Quitman,28
KMMT,45079,Richland,45
KMMU,34027,Morris,34
KMMV,41071,Yamhill,41
KMNF,29091,Howell,29
KMNI,45027,Clarendon,45
KMNM,26109,Menominee,26
KMNN,39101,Marion,39
KMNV,47123,Monroe,47
KMNZ,48193,Hamilton,48
KMO1,29169,Pulaski,29
KMO3,29039,Cedar,29
KMO6,29219,Warren,29
KMO8,29115,Linn,29
KMOB,01097,Mobile,01
KMOD,06099,Stanislaus,06
KMOP,26073,Isabella,26
KMOR,47063,Hamblen,47
KMOT,38101,Ward,38
KMOX,27149,Stevens,27
KMPE,28099,Neshoba,28
KMPG,54051,Marshall,54
KMPI,06043,Mariposa,06
KMPJ,05029,Conway,05
KMPO,42089,Monroe,42
KMPR,20113,McPherson,20
KMPV,50023,Washington,50
KMPZ,19087,Henry,19
KMQB,17109,McDonough,17
KMQI,37055,Dare,37
KMQJ,18059,Hancock,18
KMQS,42029,Chester,42
KMQW,13309,Wheeler,13
KMQY,47149,Rutherford,47
KMRB,54003,Berkeley,54
KMRC,47119,Maury,47
KMRF,48377,Presidio,48
KMRH,37031,Carteret,37
KMRJ,55049,Iowa,55
KMRN,37027,Caldwell,37
KMRT,39159,Union,39
KMRY,06053,Monterey,06
KMSL,01033,Colbert,01
KMSN,55025,Dane,55
KMSO,30063,Missoula,30
KMSP,27053,Hennepin,27
KMSS,36089,St. Lawrence,36
KMSV,36105,Sullivan,36
KMSY,22051,Jefferson,22
KMTC,26099,Macomb,26
KMTH,12087,Monroe,12
KMTJ,08085,Montrose,08
KMTN,24005,Baltimore,24
KMTO,17029,Coles,17
KMTP,36103,Suffolk,36
KMTV,51089,Henry,51
KMTW,55071,Manitowoc,55
KMUI,42075,Lebanon,42
KMUL,13071,Colquitt,13
KMUO,16039,Elmore,16
KMUT,19139,Muscatine,19
KMVC,01099,Monroe,01
KMVE,27023,Chippewa,27
KMVI,08105,Rio Grande,08
KMVL,50015,Lamoille,50
KMVM,23029,Washington,23
KMVN,17081,Jefferson,17
KMVY,25007,Dukes,25
KMWA,17199,Williamson,17
KMWC,55079,Milwaukee,55
KMWH,53025,Grant,53
KMWK,37171,Surry,37
KMWL,48367,Parker,48
KMWM,27033,Cottonwood,27
KMWN,33007,Coos,33
KMWO,39017,Butler,39
KMXA,05093,Mississippi,05
KMXF,01101,Montgomery,01
KMXO,19105,Jones,19
KMYF,06073,San Diego,06
KMYJ,29007,Audrain,29
KMYL,16085,Valley,16
KMYR,45051,Horry,45
KMYV,06115,Yuba,06
KMYZ,20117,Marshall,20
KMZH,27017,Carlton,27
KMZJ,04021,Pinal,04
KMZZ,18053,Grant,18
KN03,36023,Cortland,36
KN06,10005,Sussex,10
KN12,34029,Ocean,34
KN13,42037,Columbia,42
KN14,34005,Burlington,34
KN19,35045,San Juan,35
KN23,36017,Chenango,36
KN24,35055,Taos,35
KN27,42015,Bradford,42
KN35,42065,Jefferson,42
KN37,36105,Sullivan,36
KN38,42117,Tioga,42
KN40,34019,Hunterdon,34
KN47,42091,Montgomery,42
KN49,32029,Storey,32
KN51,34019,Hunterdon,34
KN52,37179,Union,37
KN57,42029,Chester,42
KN58,32019,Lyon,32
KN59,32019,Lyon,32
KN66,36077,Otsego,36
KN68,42055,Franklin,42
KN71,42071,Lancaster,42
KN73,34005,Burlington,34
KN79,42097,Northumberland,42
KN81,34001,Atlantic,34
KN82,36105,Sullivan,36
KN87,34021,Mercer,34
KN89,36111,Ulster,36
KN94,42041,Cumberland,42
KN96,42027,Centre,42
KN98,26029,Charlevoix,26
KNBC,45013,Beaufort,45
KNBG,22075,Plaquemines,22
KNBJ,01003,Baldwin,01
KNCA,37133,Onslow,37
KNDY,51099,King George,51
KNDZ,12113,Santa Rosa,12
KNEL,34029,Ocean,34
KNEN,12031,Duval,12
KNEW,22071,Orleans,22
KNFD,01003,Baldwin,01
KNFE,51550,Chesapeake,51
KNFG,06073,San Diego,06
KNFJ,12113,Santa Rosa,12
KNFL,32001,Churchill,32
KNFW,48439,Tarrant,48
KNGP,48355,Nueces,48
KNGS,12113,Santa Rosa,12
KNGU,51710,Norfolk,51
KNGW,48355,Nueces,48
KNHK,24037,St. Mary's,24
KNHU,51710,Norfolk,51
KNID,06029,Kern,06
KNIP,12031,Duval,12
KNJK,06025,Imperial,06
KNJM,37031,Carteret,37
KNJW,28069,Kemper,28
KNKT,37049,Craven,37
KNKX,06073,San Diego,06
KNLC,06031,Kings,06
KNLW,44005,Newport,44
KNMM,28075,Lauderdale,28
KNOG,48249,Jim Wells,48
KNPA,12033,Escambia,12
KNPI,12033,Escambia,12
KNQA,47157,Shelby,47
KNQI,48273,Kleberg,48
KNQX,12087,Monroe,12
KNRA,53029,Island,53
KNRB,12031,Duval,12
KNRN,20137,Norton,20
KNRQ,12113,Santa Rosa,12
KNRS,06073,San Diego,06
KNSE,12113,Santa Rosa,12
KNSI,06111,Ventura,06
KNSX,12113,Santa Rosa,12
KNTD,06111,Ventura,06
KNTU,51810,Virginia Beach,51
KNUC,06037,Los Angeles,06
KNUI,24037,St. Mary's,24
KNUQ,06085,Santa Clara,06
KNUW,53029,Island,53
KNVD,29217,Vernon,29
KNVI,12113,Santa Rosa,12
KNWL,48355,Nueces,48
KNXP,06071,San Bernardino,06
KNY0,36035,Fulton,36
KNY2,36067,Onondaga,36
KNYL,04027,Yuma,04
KNZX,12113,Santa Rosa,12
KNZY,06073,San Diego,06
KO02,06063,Plumas,06
KO05,06063,Plumas,06
KO08,06011,Colusa,06
KO09,06045,Mendocino,06
KO11,40001,Adair,40
KO15,06047,Merced,06
KO16,06023,Humboldt,06
KO20,06077,San Joaquin,06
KO22,06109,Tuolumne,06
KO24,06051,Mono,06
KO26,06027,Inyo,06
KO27,06099,Stanislaus,06
KO28,06045,Mendocino,06
KO32,06019,Fresno,06
KO35,40057,Harmon,40
KO37,06021,Glenn,06
KO41,06113,Yolo,06
KO42,06107,Tulare,06
KO43,32019,Lyon,32
KO46,06093,Siskiyou,06
KO47,40081,Lincoln,40
KO52,06101,Sutter,06
KO53,40053,Grant,40
KO54,06105,Trinity,06
KO57,06051,Mono,06
KO59,06049,Modoc,06
KO60,06097,Sonoma,06
KO65,40011,Blaine,40
KO69,06097,Sonoma,06
KO70,06005,Amador,06
KO79,06091,Sierra,06
KO81,06049,Modoc,06
KO86,06105,Trinity,06
KO88,06095,Solano,06
KO89,06089,Shasta,06
KOAJ,37133,Onslow,37
KOAK,06001,Alameda,06
KOAR,06053,Monterey,06
KOBE,12093,Okeechobee,12
KOBI,34009,Cape May,34
KOCF,12083,Marion,12
KOCH,48347,Nacogdoches,48
KOCQ,55083,Oconto,55
KOCW,37013,Beaufort,37
KODO,48135,Ector,48
KODX,31175,Valley,31
KOEA,17101,Lawrence,17
KOEB,26023,Branch,26
KOEL,20109,Logan,20
KOEO,55095,Polk,55
KOFF,31153,Sarpy,31
KOFK,31119,Madison,31
KOFP,51085,Hanover,51
KOGA,31101,Keith,31
KOGB,45075,Orangeburg,45
KOGD,49057,Weber,49
KOGM,26131,Ontonagon,26
KOGS,36089,St. Lawrence,36
KOIC,36017,Chenango,36
KOIN,20039,Decatur,20
KOJA,40039,Custer,40
KOJC,20091,Johnson,20
KOKB,06073,San Diego,06
KOKC,40109,Oklahoma,40
KOKH,53029,Island,53
KOKK,18067,Howard,18
KOKM,40111,Okmulgee,40
KOKS,31069,Garden,31
KOKV,51069,Frederick,51
KOKZ,13303,Washington,13
KOLD,23019,Penobscot,23
KOLE,36009,Cattaraugus,36
KOLF,30085,Roosevelt,30
KOLG,55031,Douglas,55
KOLM,53067,Thurston,53
KOLS,04023,Santa Cruz,04
KOLU,31141,Platte,31
KOLV,28033,DeSoto,28
KOLY,17159,Richland,17
KOLZ,19065,Fayette,19
KOMA,19155,Pottawattamie,19
KOMH,51137,Orange,51
KOMK,53047,Okanogan,53
KOMN,12127,Volusia,12
KONA,27169,Winona,27
KONL,31089,Holt,31
KONM,35053,Socorro,35
KONO,41045,Malheur,41
KONP,41041,Lincoln,41
KONT,06071,San Bernardino,06
KONX,37053,Currituck,37
KONY,48503,Young,48
KONZ,26163,Wayne,26
KOOA,19123,Mahaska,19
KOPF,12086,Miami-Dade,12
KOPL,22097,St. Landry,22
KOPN,13293,Upson,13
KOQN,42029,Chester,42
KOQU,44009,Washington,44
KOQW,19097,Jackson,19
KORB,27137,St. Louis,27
KORD,17031,Cook,17
KORE,25011,Franklin,25
KORF,51710,Norfolk,51
KORG,48361,Orange,48
KORH,25027,Worcester,25
KORK,05119,Pulaski,05
KORL,12095,Orange,12
KORS,53055,San Juan,53
KOSA,48449,Titus,48
KOSC,26069,Iosco,26
KOSH,55139,Winnebago,55
KOSU,39049,Franklin,39
KOSX,28007,Attala,28
KOTG,27105,Nobles,27
KOTH,41011,Coos,41
KOTM,19179,Wapello,19
KOUN,40027,Cleveland,40
KOVE,06007,Butte,06
KOVL,27129,Renville,27
KOVO,18079,Jennings,18
KOVS,55043,Grant,55
KOWA,27147,Steele,27
KOWB,21059,Daviess,21
KOWD,25021,Norfolk,25
KOWI,20059,Franklin,20
KOWK,23025,Somerset,23
KOWP,40113,Osage,40
KOWX,39137,Putnam,39
KOXB,24047,Worcester,24
KOXC,09009,New Haven,09
KOXD,39017,Butler,39
KOXI,18149,Starke,18
KOXR,06111,Ventura,06
KOXV,19125,Marion,19
KOYM,42047,Elk,42
KOZA,48105,Crockett,48
KOZR,01045,Dale,01
KOZW,26093,Livingston,26
KP01,04019,Pima,04
KP03,04003,Cochise,04
KP04,04003,Cochise,04
KP08,04021,Pinal,04
KP10,04017,Navajo,04
KP13,04007,Gila,04
KP14,04017,Navajo,04
KP19,04013,Maricopa,04
KP20,04012,La Paz,04
KP23,04025,Yavapai,04
KP29,04003,Cochise,04
KP33,04003,Cochise,04
KP52,04025,Yavapai,04
KPAE,53061,Snohomish,53
KPAH,21145,McCracken,21
KPAM,12005,Bay,12
KPAN,04007,Gila,04
KPAO,06085,Santa Clara,06
KPBF,05069,Jefferson,05
KPBG,36019,Clinton,36
KPBH,55099,Price,55
KPBI,12099,Palm Beach,12
KPBX,21195,Pike,21
KPCA,04021,Pinal,04
KPCM,12057,Hillsborough,12
KPCW,39123,Ottawa,39
KPCZ,55135,Waupaca,55
KPDC,55023,Crawford,55
KPDK,13089,DeKalb,13
KPDT,41059,Umatilla,41
KPDX,41051,Multnomah,41
KPEA,19125,Marion,19
KPEO,36123,Yates,36
KPEQ,48389,Reeves,48
KPEX,27145,Stearns,27
KPEZ,48013,Atascosa,48
KPFC,41057,Tillamook,41
KPGA,04005,Coconino,04
KPGD,12015,Charlotte,12
KPGR,05055,Greene,05
KPGV,37147,Pitt,37
KPHD,39157,Tuscarawas,39
KPHF,51700,Newport News,51
KPHG,20147,Phillips,20
KPHH,45043,Georgetown,45
KPHK,12099,Palm Beach,12
KPHL,42101,Philadelphia,42
KPHN,26147,St. Clair,26
KPHP,46055,Haakon,46
KPHT,47079,Henry,47
KPHX,04013,Maricopa,04
KPIA,17143,Peoria,17
KPIB,28067,Jones,28
KPIE,12103,Pinellas,12
KPIH,16077,Power,16
KPIL,48061,Cameron,48
KPIM,13145,Harris,13
KPIR,46065,Hughes,46
KPIT,42003,Allegheny,42
KPJC,42007,Beaver,42
KPJY,17145,Perry,17
KPKB,54107,Wood,54
KPKD,27057,Hubbard,27
KPKF,55099,Price,55
KPKV,48057,Calhoun,48
KPLD,18075,Jay,18
KPLK,29213,Taney,29
KPLN,26047,Emmet,26
KPLR,01115,St. Clair,01
KPLU,53053,Pierce,53
KPMB,38067,Pembina,38
KPMD,06037,Los Angeles,06
KPMH,39145,Scioto,39
KPMP,12011,Broward,12
KPMU,28107,Panola,28
KPMV,31025,Cass,31
KPMZ,37187,Washington,37
KPNA,56035,Sublette,56
KPNC,40071,Kay,40
KPNE,42101,Philadelphia,42
KPNM,27095,Mille Lacs,27
KPNN,23029,Washington,23
KPNS,12033,Escambia,12
KPNT,17105,Livingston,17
KPOB,37051,Cumberland,37
KPOC,06037,Los Angeles,06
KPOE,22115,Vernon,22
KPOF,29023,Butler,29
KPOH,19151,Pocahontas,19
KPOU,36027,Dutchess,36
KPOV,39133,Portage,39
KPOY,56029,Park,56
KPPA,48179,Gray,48
KPPF,20099,Labette,20
KPPO,18091,LaPorte,18
KPPQ,17149,Pike,17
KPQI,23003,Aroostook,23
KPQL,28059,Jackson,28
KPQN,27117,Pipestone,27
KPRB,06079,San Luis Obispo,06
KPRC,04025,Yavapai,04
KPRG,17045,Edgar,17
KPRN,01013,Butler,01
KPRO,19049,Dallas,19
KPRS,48377,Presidio,48
KPRX,48277,Lamar,48
KPRZ,35041,Roosevelt,35
KPSB,42027,Centre,42
KPSC,53021,Franklin,53
KPSF,25003,Berkshire,25
KPSK,51155,Pulaski,51
KPSM,33015,Rockingham,33
KPSN,48001,Anderson,48
KPSO,08007,Archuleta,08
KPSP,06065,Riverside,06
KPSX,48321,Matagorda,48
KPTB,51053,Dinwiddie,51
KPTD,36089,St. Lawrence,36
KPTK,26125,Oakland,26
KPTN,22101,St. Mary,22
KPTS,20037,Crawford,20
KPTT,20151,Pratt,20
KPTV,06107,Tulare,06
KPTW,42091,Montgomery,42
KPUB,08101,Pueblo,08
KPUC,49007,Carbon,49
KPUJ,13223,Paulding,13
KPUW,53075,Whitman,53
KPVB,55043,Grant,55
KPVD,44003,Kent,44
KPVE,47077,Henderson,47
KPVF,06017,El Dorado,06
KPVG,51550,Chesapeake,51
KPVJ,40049,Garvin,40
KPVU,49049,Utah,49
KPVW,48189,Hale,48
KPWA,40109,Oklahoma,40
KPWC,27021,Cass,27
KPWD,30091,Sheridan,30
KPWG,48309,McLennan,48
KPWK,17031,Cook,17
KPWM,23005,Cumberland,23
KPWT,53035,Kitsap,53
KPXE,13225,Peach,13
KPYG,45025,Chesterfield,45
KPYM,25023,Plymouth,25
KPYN,29223,Wayne,29
KPYP,01019,Cherokee,01
KPYX,48357,Ochiltree,48
KPZQ,26141,Presque Isle,26
KR47,39137,Putnam,39
KR49,53019,Ferry,53
KRAC,55101,Racine,55
KRAL,06065,Riverside,06
KRAP,46103,Pennington,46
KRAS,48355,Nueces,48
KRAW,29015,Benton,29
KRBD,48113,Dallas,48
KRBE,31149,Rock,31
KRBG,41019,Douglas,41
KRBL,06103,Tehama,06
KRBM,05119,Pulaski,05
KRBO,48355,Nueces,48
KRBW,45029,Colleton,45
KRCA,46093,Meade,46
KRCK,48331,Milam,48
KRCM,29101,Johnson,29
KRCP,20163,Rooks,20
KRCR,18049,Fulton,18
KRCT,26133,Osceola,26
KRCX,55107,Rusk,55
KRCZ,37153,Richmond,37
KRDD,06089,Shasta,06
KRDG,42011,Berks,42
KRDK,19137,Montgomery,19
KRDM,41017,Deschutes,41
KRDR,38035,Grand Forks,38
KRDU,37183,Wake,37
KRED,30009,Carbon,30
KREI,06071,San Bernardino,06
KREO,41045,Malheur,41
KRFD,17201,Winnebago,17
KRFG,48391,Refugio,48
KRFI,48401,Rusk,48
KRGK,55093,Pierce,55
KRHI,55085,Oneida,55
KRHP,37039,Cherokee,37
KRHV,06085,Santa Clara,06
KRIC,51087,Henrico,51
KRID,18177,Wayne,18
KRIF,49041,Sevier,49
KRIL,08045,Garfield,08
KRIR,06065,Riverside,06
KRIU,06067,Sacramento,06
KRIV,06065,Riverside,06
KRIW,56013,Fremont,56
KRJD,24011,Caroline,24
KRK1,02185,North Slope,02
KRKD,23013,Knox,23
KRKP,48007,Aransas,48
KRKR,40079,Le Flore,40
KRKS,56037,Sweetwater,56
KRKW,47035,Cumberland,47
KRLD,53005,Benton,53
KRME,36065,Oneida,36
KRMG,13115,Floyd,13
KRMN,51179,Stafford,51
KRMY,26025,Calhoun,26
KRNC,47177,Warren,47
KRND,48029,Bexar,48
KRNH,55109,St. Croix,55
KRNM,06073,San Diego,06
KRNO,32031,Washoe,32
KRNP,26155,Shiawassee,26
KRNT,53033,King,53
KRNV,28011,Bolivar,28
KROA,51770,Roanoke,51
KROC,36055,Monroe,36
KROG,05007,Benton,05
KROS,27025,Chisago,27
KROW,35005,Chaves,35
KROX,27135,Roseau,27
KRPB,20157,Republic,20
KRPD,55005,Barron,55
KRPH,48503,Young,48
KRPJ,17141,Ogle,17
KRPX,30065,Musselshell,30
KRQB,26107,Mecosta,26
KRQE,04001,Apache,04
KRQO,40017,Canadian,40
KRRL,55069,Lincoln,55
KRRQ,19119,Lyon,19
KRRT,27135,Roseau,27
KRSL,20167,Russell,20
KRSN,22061,Lincoln,22
KRST,27109,Olmsted,27
KRSV,17033,Crawford,17
KRSW,12071,Lee,12
KRTN,35007,Colfax,35
KRUE,05115,Pope,05
KRUG,38069,Pierce,38
KRUQ,37159,Rowan,37
KRUT,50021,Rutland,50
KRVJ,13267,Tattnall,13
KRVL,42087,Mifflin,42
KRVN,47073,Hawkins,47
KRVS,40143,Tulsa,40
KRWF,27127,Redwood,27
KRWI,37127,Nash,37
KRWL,56007,Carbon,56
KRWN,18131,Pulaski,18
KRWV,48051,Burleson,48
KRXE,16065,Madison,16
KRYM,27097,Morrison,27
KRYN,04019,Pima,04
KRYV,55055,Jefferson,55
KRYW,48453,Travis,48
KRYY,13067,Cobb,13
KRZL,18073,Jasper,18
KRZN,55013,Burnett,55
KRZR,47011,Bradley,47
KRZT,39141,Ross,39
KS01,30073,Pondera,30
KS03,41029,Jackson,41
KS05,41011,Coos,41
KS10,53007,Chelan,53
KS12,41043,Linn,41
KS17,45003,Aiken,45
KS19,45065,McCormick,45
KS20,53039,Klickitat,53
KS21,41017,Deschutes,41
KS23,53051,Pend Oreille,53
KS24,39143,Sandusky,39
KS25,38053,McKenzie,38
KS27,30029,Flathead,30
KS32,38039,Griggs,38
KS33,41031,Jefferson,41
KS34,30089,Sanders,30
KS36,53033,King,53
KS39,41013,Crook,41
KS40,53005,Benton,53
KS42,35007,Colfax,35
KS45,41041,Lincoln,41
KS48,41005,Clackamas,41
KS50,53033,King,53
KS52,53047,Okanogan,53
KS59,30053,Lincoln,30
KS64,30045,Judith Basin,30
KS67,16027,Canyon,16
KS69,30049,Lewis and Clark,30
KS70,53001,Adams,53
KS71,30005,Blaine,30
KS72,16009,Benewah,16
KS73,16049,Idaho,16
KS75,16075,Payette,16
KS78,16045,Gem,16
KS83,16079,Shoshone,16
KS84,16049,Idaho,16
KS85,30085,Roosevelt,30
KS87,16087,Washington,16
KS94,53075,Whitman,53
KS95,53071,Walla Walla,53
KS97,53047,Okanogan,53
KSAA,56007,Carbon,56
KSAC,06067,Sacramento,06
KSAD,04009,Graham,04
KSAF,35049,Santa Fe,35
KSAN,06073,San Diego,06
KSAR,17157,Randolph,17
KSAS,06025,Imperial,06
KSAT,48029,Bexar,48
KSAV,13051,Chatham,13
KSAW,26103,Marquette,26
KSAZ,27159,Wadena,27
KSBA,06083,Santa Barbara,06
KSBD,06071,San Bernardino,06
KSBM,55117,Sheboygan,55
KSBN,18141,St. Joseph,18
KSBO,13107,Emanuel,13
KSBP,06079,San Luis Obispo,06
KSBS,08107,Routt,08
KSBU,27043,Faribault,27
KSBX,30101,Toole,30
KSBY,24045,Wicomico,24
KSCB,31053,Dodge,31
KSCD,01121,Talladega,01
KSCH,36093,Schenectady,36
KSCK,06077,San Joaquin,06
KSCX,47151,Scott,47
KSDA,19071,Fremont,19
KSDC,36117,Wayne,36
KSDF,21111,Jefferson,21
KSDL,04013,Maricopa,04
KSDM,06073,San Diego,06
KSDY,30083,Richland,30
KSEA,53033,King,53
KSEE,06073,San Diego,06
KSEF,12055,Highlands,12
KSEG,42109,Snyder,42
KSEM,01047,Dallas,01
KSEP,48143,Erath,48
KSEQ,48187,Guadalupe,48
KSER,18071,Jackson,18
KSET,29183,St. Charles,29
KSEZ,04025,Yavapai,04
KSFB,12117,Seminole,12
KSFF,53063,Spokane,53
KSFM,23031,York,23
KSFO,06081,San Mateo,06
KSFQ,51800,Suffolk,51
KSFY,17015,Carroll,17
KSFZ,44007,Providence,44
KSGF,29077,Greene,29
KSGH,39023,Clark,39
KSGJ,12109,St. Johns,12
KSGR,48157,Fort Bend,48
KSGS,27037,Dakota,27
KSGT,05117,Prairie,05
KSGU,49053,Washington,49
KSHD,51015,Augusta,51
KSHL,19141,O'Brien,19
KSHN,53045,Mason,53
KSHR,56033,Sheridan,56
KSHV,22017,Caddo,22
KSIF,37157,Rockingham,37
KSIK,29201,Scott,29
KSIV,18153,Sullivan,18
KSIY,06093,Siskiyou,06
KSJC,06085,Santa Clara,06
KSJN,04001,Apache,04
KSJT,48451,Tom Green,48
KSJX,26029,Charlevoix,26
KSKA,53063,Spokane,53
KSKF,48029,Bexar,48
KSKI,19161,Sac,19
KSKX,35055,Taos,35
KSLB,19021,Buena Vista,19
KSLC,49035,Salt Lake,49
KSLE,41047,Marion,41
KSLG,05007,Benton,05
KSLH,26031,Cheboygan,26
KSLI,06059,Orange,06
KSLJ,28035,Forrest,28
KSLK,36033,Franklin,36
KSLN,20169,Saline,20
KSLO,17121,Marion,17
KSLR,48223,Hopkins,48
KSMD,18003,Allen,18
KSME,21199,Pulaski,21
KSMF,06067,Sacramento,06
KSMN,16059,Lemhi,16
KSMO,06037,Los Angeles,06
KSMQ,34035,Somerset,34
KSMS,45085,Sumter,45
KSMX,06083,Santa Barbara,06
KSNA,06059,Orange,06
KSNC,09007,Middlesex,09
KSNH,47071,Hardin,47
KSNK,48415,Scurry,48
KSNL,40125,Pottawatomie,40
KSNS,06053,Monterey,06
KSNY,31033,Cheyenne,31
KSOA,48435,Sutton,48
KSOP,37125,Moore,37
KSOW,04017,Navajo,04
KSPA,45083,Spartanburg,45
KSPB,41009,Columbia,41
KSPF,46081,Lawrence,46
KSPG,12103,Pinellas,12
KSPH,22119,Webster,22
KSPI,17167,Sangamon,17
KSPK,49049,Utah,49
KSPS,48485,Wichita,48
KSPW,19041,Clay,19
KSPZ,32019,Lyon,32
KSQI,17195,Whiteside,17
KSQL,06081,San Mateo,06
KSRB,47185,White,47
KSRC,05145,White,05
KSRE,40133,Seminole,40
KSRQ,12081,Manatee,12
KSRR,35027,Lincoln,35
KSSC,45085,Sumter,45
KSSF,48029,Bexar,48
KSSI,13127,Glynn,13
KSSQ,55129,Washburn,55
KSTC,27141,Sherburne,27
KSTE,55097,Portage,55
KSTF,28105,Oktibbeha,28
KSTJ,20043,Doniphan,20
KSTK,08075,Logan,08
KSTL,29189,St. Louis,29
KSTP,27123,Ramsey,27
KSTS,06097,Sonoma,06
KSUA,12085,Martin,12
KSUD,40081,Lincoln,40
KSUE,55029,Door,55
KSUN,16013,Blaine,16
KSUO,46121,Todd,46
KSUS,29189,St. Louis,29
KSUT,37019,Brunswick,37
KSUU,06095,Solano,06
KSUW,55031,Douglas,55
KSUX,19193,Woodbury,19
KSUZ,05125,Saline,05
KSVC,35017,Grant,35
KSVE,06035,Lassen,06
KSVH,37097,Iredell,37
KSVN,13051,Chatham,13
KSWF,36071,Orange,36
KSWI,48181,Grayson,48
KSWO,40119,Payne,40
KSWT,31159,Seward,31
KSWW,48353,Nolan,48
KSXK,19167,Sioux,19
KSXL,54067,Nicholas,54
KSYF,20023,Cheyenne,20
KSYI,47003,Bedford,47
KSYN,27049,Goodhue,27
KSYR,36067,Onondaga,36
KSYV,13321,Worth,13
KSZL,29101,Johnson,29
KSZP,06111,Ventura,06
KSZT,16017,Bonner,16
KSZY,47109,McNairy,47
KT00,48071,Chambers,48
KT03,04005,Coconino,04
KT05,48489,Willacy,48
KT12,48241,Jasper,48
KT15,48145,Falls,48
KT16,35003,Catron,35
KT17,48481,Wharton,48
KT19,48131,Duval,48
KT20,48177,Gonzales,48
KT23,48417,Shackelford,48
KT24,48403,Sabine,48
KT30,48163,Frio,48
KT31,48085,Collin,48
KT35,48331,Milam,48
KT36,28147,Walthall,28
KT39,48009,Archer,48
KT41,48201,Harris,48
KT42,06105,Trinity,06
KT45,48065,Carson,48
KT47,48181,Grayson,48
KT50,48327,Menard,48
KT51,48201,Harris,48
KT54,48157,Fort Bend,48
KT55,48069,Castro,48
KT59,48483,Wheeler,48
KT60,48433,Stonewall,48
KT65,48215,Hidalgo,48
KT67,48439,Tarrant,48
KT69,48409,San Patricio,48
KT74,48491,Williamson,48
KT78,48291,Liberty,48
KT82,48171,Gillespie,48
KT85,48285,Lavaca,48
KT88,48335,Mitchell,48
KT90,48071,Chambers,48
KT92,48319,Mason,48
KT93,48295,Lipscomb,48
KTAD,08071,Las Animas,08
KTAN,25005,Bristol,25
KTAZ,17021,Christian,17
KTBN,29169,Pulaski,29
KTBR,13031,Bulloch,13
KTCC,35037,Quay,35
KTCL,01125,Tuscaloosa,01
KTCM,53053,Pierce,53
KTCS,35051,Sierra,35
KTCY,06077,San Joaquin,06
KTDF,37145,Person,37
KTDO,53041,Lewis,53
KTDW,48381,Randall,48
KTDZ,39173,Wood,39
KTEB,34003,Bergen,34
KTEL,18123,Perry,18
KTEW,26065,Ingham,26
KTEX,08113,San Miguel,08
KTFP,48409,San Patricio,48
KTGC,47053,Gibson,47
KTHA,47031,Coffee,47
KTHM,30089,Sanders,30
KTHV,42133,York,42
KTIF,31171,Thomas,31
KTIK,40109,Oklahoma,40
KTIP,17019,Champaign,17
KTIW,53053,Pierce,53
KTIX,12009,Brevard,12
KTKC,27083,Lyon,27
KTKI,48085,Collin,48
KTKO,20089,Jewell,20
KTKV,55069,Lincoln,55
KTKX,29069,Dunklin,29
KTLH,12073,Leon,12
KTLR,06107,Tulare,06
KTMA,13277,Tift,13
KTMB,12086,Miami-Dade,12
KTME,48473,Waller,48
KTMK,41057,Tillamook,41
KTNP,06071,San Bernardino,06
KTNT,12021,Collier,12
KTNU,19099,Jasper,19
KTNX,32023,Nye,32
KTOA,06037,Los Angeles,06
KTOB,27039,Dodge,27
KTOC,13257,Stephens,13
KTOI,01109,Pike,01
KTOL,39095,Lucas,39
KTOP,20177,Shawnee,20
KTOR,56015,Goshen,56
KTPA,12057,Hillsborough,12
KTPF,12057,Hillsborough,12
KTPH,32023,Nye,32
KTPL,48027,Bell,48
KTQE,31021,Burt,31
KTQH,40021,Cherokee,40
KTQK,20171,Scott,20
KTRI,47163,Sullivan,47
KTRK,06057,Nevada,06
KTRL,48257,Kaufman,48
KTRM,06065,Riverside,06
KTRX,29079,Grundy,29
KTSO,39019,Carroll,39
KTSP,06029,Kern,06
KTTA,37105,Lee,37
KTTD,41051,Multnomah,41
KTTF,26115,Monroe,26
KTTN,34021,Mercer,34
KTTS,12009,Brevard,12
KTUL,40143,Tulsa,40
KTUP,28081,Lee,28
KTUS,04019,Pima,04
KTVB,29215,Texas,29
KTVC,26055,Grand Traverse,26
KTVF,27113,Pennington,27
KTVI,13275,Thomas,13
KTVK,19007,Appanoose,19
KTVL,06017,El Dorado,06
KTVR,22065,Madison,22
KTVY,49045,Tooele,49
KTWF,16083,Twin Falls,16
KTWM,27075,Lake,27
KTWT,21225,Union,21
KTXK,05091,Miller,05
KTYL,04017,Navajo,04
KTYQ,18011,Boone,18
KTYR,48423,Smith,48
KTYS,47009,Blount,47
KTZR,39049,Franklin,39
KTZT,19011,Benton,19
KTZV,21171,Monroe,21
KU00,16059,Lemhi,16
KU01,16077,Power,16
KU02,16011,Bingham,16
KU03,16083,Twin Falls,16
KU05,30039,Granite,30
KU06,56023,Lincoln,56
KU07,49017,Garfield,49
KU08,32003,Clark,32
KU09,30005,Blaine,30
KU10,16041,Franklin,16
KU12,16043,Fremont,16
KU13,49031,Piute,49
KU14,49023,Juab,49
KU25,56013,Fremont,56
KU30,04015,Mohave,04
KU34,49015,Emery,49
KU36,16011,Bingham,16
KU42,49035,Salt Lake,49
KU52,49001,Beaver,49
KU55,49017,Garfield,49
KU56,16051,Jefferson,16
KU58,16005,Bannock,16
KU62,16037,Custer,16
KU63,16085,Valley,16
KU68,56003,Big Horn,56
KU69,49013,Duchesne,49
KU70,16085,Valley,16
KU76,16039,Elmore,16
KU78,16029,Caribou,16
KU79,16049,Idaho,16
KU81,16049,Idaho,16
KU82,16003,Adams,16
KU89,16039,Elmore,16
KU96,49037,San Juan,49
KUAO,41047,Marion,41
KUBE,55005,Barron,55
KUBS,28087,Lowndes,28
KUBX,29055,Crawford,29
KUCP,42073,Lawrence,42
KUCY,47131,Obion,47
KUDD,06065,Riverside,06
KUDG,45031,Darlington,45
KUES,55133,Waukesha,55
KUGN,17097,Lake,17
KUIL,53009,Clallam,53
KUIN,17001,Adams,17
KUKF,37193,Wilkes,37
KUKI,06045,Mendocino,06
KUKL,20031,Coffey,20
KUKT,42017,Bucks,42
KULM,27015,Brown,27
KULS,20067,Grant,20
KUMP,18057,Hamilton,18
KUNI,39009,Athens,39
KUNO,29091,Howell,29
KUNU,55027,Dodge,55
KUNV,42027,Centre,42
KUOS,47051,Franklin,47
KUOX,28071,Lafayette,28
KUSE,39051,Fulton,39
KUTA,28143,Tunica,28
KUTS,48471,Walker,48
KUUU,44005,Newport,44
KUUV,29071,Franklin,29
KUVA,48463,Uvalde,48
KUWL,18065,Henry,18
KUXL,22019,Calcasieu,22
KUYF,39097,Madison,39
KUZA,45091,York,45
KVAD,13185,Lowndes,13
KVAY,34005,Burlington,34
KVBG,06083,Santa Barbara,06
KVBT,05007,Benton,05
KVCB,06095,Solano,06
KVCT,48469,Victoria,48
KVCV,06071,San Bernardino,06
KVDF,12057,Hillsborough,12
KVDI,13279,Toombs,13
KVEL,49047,Uintah,49
KVER,29053,Cooper,29
KVES,39037,Darke,39
KVGC,36053,Madison,36
KVGT,32003,Clark,32
KVHN,48109,Culberson,48
KVIH,29125,Maries,29
KVIQ,55019,Clark,55
KVIS,06107,Tulare,06
KVJI,51191,Washington,51
KVKS,28149,Warren,28
KVLA,17051,Fayette,17
KVLD,13185,Lowndes,13
KVLL,26125,Oakland,26
KVMR,46027,Clay,46
KVNC,12115,Sarasota,12
KVNW,39161,Van Wert,39
KVNY,06037,Los Angeles,06
KVOK,55057,Juneau,55
KVPC,13015,Bartow,13
KVPS,12091,Okaloosa,12
KVPZ,18127,Porter,18
KVQQ,12031,Duval,12
KVRB,12061,Indian River,12
KVSF,50027,Windsor,50
KVTA,39089,Licking,39
KVTI,19011,Benton,19
KVTN,31031,Cherry,31
KVUJ,37167,Stanly,37
KVUO,53011,Clark,53
KVVS,42051,Fayette,42
KVVV,27011,Big Stone,27
KVWU,27007,Beltrami,27
KVYS,17099,LaSalle,17
KW01,53047,Okanogan,53
KW03,37195,Wilson,37
KW05,42001,Adams,42
KW22,54097,Upshur,54
KW28,53009,Clallam,53
KW31,51111,Lunenburg,51
KW35,24043,Washington,24
KW38,21235,Whitley,21
KW40,37191,Wayne,37
KW41,24039,Somerset,24
KW43,56011,Crook,56
KW45,51139,Page,51
KW63,51117,Mecklenburg,51
KW78,51083,Halifax,51
KW81,51135,Nottoway,51
KW90,51019,Bedford,51
KW91,51019,Bedford,51
KW94,51199,York,51
KW95,37095,Hyde,37
KW96,51127,New Kent,51
KW99,54023,Grant,54
KWAL,51001,Accomack,51
KWAY,42059,Greene,42
KWBW,42079,Luzerne,42
KWDG,40047,Garfield,40
KWDR,13013,Barrow,13
KWEA,48367,Parker,48
KWHP,06037,Los Angeles,06
KWJF,06037,Los Angeles,06
KWLD,20035,Cowley,20
KWLW,06021,Glenn,06
KWMC,32013,Humboldt,32
KWRB,13153,Houston,13
KWRI,34005,Burlington,34
KWRL,56043,Washakie,56
KWST,44009,Washington,44
KWVI,06087,Santa Cruz,06
KWVL,23011,Kennebec,23
KWWD,34009,Cape May,34
KWWR,40153,Woodward,40
KWYS,30031,Gallatin,30
KX04,12095,Orange,12
KX05,12101,Pasco,12
KX06,12027,DeSoto,12
KX07,12105,Polk,12
KX10,12099,Palm Beach,12
KX13,12037,Franklin,12
KX14,12051,Hendry,12
KX21,12009,Brevard,12
KX26,12061,Indian River,12
KX35,12083,Marion,12
KX39,12101,Pasco,12
KX43,48341,Moore,48
KX49,12105,Polk,12
KX50,12127,Volusia,12
KX51,12086,Miami-Dade,12
KX58,12085,Martin,12
KX59,12009,Brevard,12
KX60,12075,Levy,12
KXBP,48497,Wise,48
KXFL,12035,Flagler,12
KXLL,42077,Lehigh,42
KXMR,12009,Brevard,12
KXNA,05007,Benton,05
KXNI,35031,McKinley,35
KXNO,45075,Orangeburg,45
KXSA,51057,Essex,51
KXTA,32017,Lincoln,32
KXVG,27021,Cass,27
KXWA,38105,Williams,38
KY03,46009,Bon Homme,46
KY14,46083,Lincoln,46
KY19,38059,Morton,38
KY23,55005,Barron,55
KY27,38085,Sioux,38
KY31,26129,Ogemaw,26
KY37,38099,Walsh,38
KY43,19029,Cass,19
KY47,26125,Oakland,26
KY50,55137,Waushara,55
KY51,55123,Vernon,55
KY55,55041,Forest,55
KY59,26019,Benzie,26
KY65,26031,Cheboygan,26
KY68,26019,Benzie,26
KY70,26067,Ionia,26
KY72,55081,Monroe,55
KY74,38061,Mountrail,38
KY83,26151,Sanilac,26
KY89,26079,Kalkaska,26
KY93,26119,Montmorency,26
KY94,26029,Charlevoix,26
KY95,26119,Montmorency,26
KYIP,26163,Wayne,26
KYKM,53077,Yakima,53
KYKN,46135,Yankton,46
KYNG,39155,Trumbull,39
KZ10,53053,Pierce,53
KZ24,51740,Portsmouth,51
KZ26,06053,Monterey,06
KZ98,26139,Ottawa,26
KZEF,37171,Surry,37
KZER,42107,Schuylkill,42
KZPH,12101,Pasco,12
KZZV,39119,Muskingum,39
L89,22097,St. Landry,22
LS45,22089,St. Charles,22
LSD,21017,Bourbon,21
M97,21069,Fleming,21
MO79,29093,Iron,29
MU33,29103,Knox,29
N10,42091,Montgomery,42
N21,37133,Onslow,37
N65,36001,Albany,36
NA92,38105,Williams,38
NC7,37187,Washington,37
NJ34,34007,Camden,34
NK41,36103,Suffolk,36
NV41,32013,Humboldt,32
NV74,32023,Nye,32
O31,06097,Sonoma,06
O63,06107,Tulare,06
OG22,41019,Douglas,41
OL52,40035,Craig,40
P37,42005,Armstrong,42
P97,26077,Kalamazoo,26
PA17,36101,Steuben,36
PA20,42049,Erie,42
PA98,42069,Lackawanna,42
PAAD,02185,North Slope,02
PAAK,02016,Aleutians West,02
PAAL,02013,Aleutians East,02
PAAM,02016,Aleutians West,02
PAAN,02068,Denali,02
PAAP,02220,Sitka,02
PAAQ,02170,Matanuska-Susitna,02
PAAT,02016,Aleutians West,02
PABA,02185,North Slope,02
PABE,02050,Bethel,02
PABG,02122,Kenai Peninsula,02
PABI,02240,Southeast Fairbanks,02
PABL,02188,Northwest Arctic,02
PABM,02164,Lake and Peninsula,02
PABP,02185,North Slope,02
PABR,02185,North Slope,02
PABT,02290,Yukon-Koyukuk,02
PABU,02185,North Slope,02
PABV,02020,Anchorage,02
PACD,02013,Aleutians East,02
PACE,02290,Yukon-Koyukuk,02
PACI,02290,Yukon-Koyukuk,02
PACK,02050,Bethel,02
PACL,02068,Denali,02
PACM,02158,Kusilvak,02
PACR,02290,Yukon-Koyukuk,02
PACS,02013,Aleutians East,02
PACV,02261,Valdez-Cordova,02
PACX,02290,Yukon-Koyukuk,02
PACY,02282,Yakutat,02
PACZ,02158,Kusilvak,02
PADE,02188,Northwest Arctic,02
PADG,02188,Northwest Arctic,02
PADK,02016,Aleutians West,02
PADL,02070,Dillingham,02
PADM,02158,Kusilvak,02
PADQ,02150,Kodiak Island,02
PADU,02016,Aleutians West,02
PADY,02050,Bethel,02
PAED,02020,Anchorage,02
PAEE,02050,Bethel,02
PAEG,02240,Southeast Fairbanks,02
PAEH,02050,Bethel,02
PAEI,02090,Fairbanks North Star,02
PAEL,02105,Hoonah-Angoon,02
PAEM,02158,Kusilvak,02
PAEN,02122,Kenai Peninsula,02
PAEW,02050,Bethel,02
PAFA,02090,Fairbanks North Star,02
PAFB,02090,Fairbanks North Star,02
PAFE,02198,Prince of Wales-Hyder,02
PAFK,02290,Yukon-Koyukuk,02
PAFL,02290,Yukon-Koyukuk,02
PAFM,02188,Northwest Arctic,02
PAFR,02020,Anchorage,02
PAFS,02290,Yukon-Koyukuk,02
PAGA,02290,Yukon-Koyukuk,02
PAGB,02185,North Slope,02
PAGG,02050,Bethel,02
PAGH,02188,Northwest Arctic,02
PAGK,02261,Valdez-Cordova,02
PAGL,02180,Nome,02
PAGM,02180,Nome,02
PAGN,02105,Hoonah-Angoon,02
PAGQ,02170,Matanuska-Susitna,02
PAGS,02105,Hoonah-Angoon,02
PAGT,02050,Bethel,02
PAGY,02230,Skagway,02
PAGZ,02180,Nome,02
PAHC,02290,Yukon-Koyukuk,02
PAHE,02290,Yukon-Koyukuk,02
PAHL,02290,Yukon-Koyukuk,02
PAHN,02100,Haines,02
PAHP,02158,Kusilvak,02
PAHU,02290,Yukon-Koyukuk,02
PAHV,02068,Denali,02
PAHX,02290,Yukon-Koyukuk,02
PAHY,02198,Prince of Wales-Hyder,02
PAIG,02164,Lake and Peninsula,02
PAII,02164,Lake and Peninsula,02
PAIK,02188,Northwest Arctic,02
PAIL,02164,Lake and Peninsula,02
PAIM,02290,Yukon-Koyukuk,02
PAIN,02068,Denali,02
PAIW,02180,Nome,02
PAJC,02164,Lake and Peninsula,02
PAJN,02110,Juneau,02
PAJZ,02070,Dillingham,02
PAKD,02150,Kodiak Island,02
PAKF,02013,Aleutians East,02
PAKH,02150,Kodiak Island,02
PAKI,02050,Bethel,02
PAKK,02180,Nome,02
PAKL,02164,Lake and Peninsula,02
PAKN,02060,Bristol Bay,02
PAKO,02016,Aleutians West,02
PAKP,02185,North Slope,02
PAKT,02130,Ketchikan Gateway,02
PAKU,02185,North Slope,02
PAKV,02290,Yukon-Koyukuk,02
PAKW,02198,Prince of Wales-Hyder,02
PAKY,02150,Kodiak Island,02
PALB,02150,Kodiak Island,02
PALG,02050,Bethel,02
PALH,02020,Anchorage,02
PALJ,02164,Lake and Peninsula,02
PALN,02185,North Slope,02
PALP,02185,North Slope,02
PALR,02290,Yukon-Koyukuk,02
PAMB,02070,Dillingham,02
PAMC,02290,Yukon-Koyukuk,02
PAMH,02290,Yukon-Koyukuk,02
PAMK,02180,Nome,02
PAML,02290,Yukon-Koyukuk,02
PAMM,02198,Prince of Wales-Hyder,02
PAMO,02158,Kusilvak,02
PAMR,02020,Anchorage,02
PAMX,02261,Valdez-Cordova,02
PAMY,02050,Bethel,02
PANA,02050,Bethel,02
PANC,02020,Anchorage,02
PANI,02050,Bethel,02
PANN,02290,Yukon-Koyukuk,02
PANO,02164,Lake and Peninsula,02
PANR,02105,Hoonah-Angoon,02
PANT,02198,Prince of Wales-Hyder,02
PANU,02290,Yukon-Koyukuk,02
PANV,02290,Yukon-Koyukuk,02
PANW,02070,Dillingham,02
PAOB,02188,Northwest Arctic,02
PAOC,02070,Dillingham,02
PAOH,02105,Hoonah-Angoon,02
PAOM,02180,Nome,02
PAOO,02050,Bethel,02
PAOR,02240,Southeast Fairbanks,02
PAOT,02188,Northwest Arctic,02
PAOU,02013,Aleutians East,02
PAPB,02016,Aleutians West,02
PAPE,02164,Lake and Peninsula,02
PAPG,02195,Petersburg,02
PAPH,02164,Lake and Peninsula,02
PAPK,02050,Bethel,02
PAPM,02050,Bethel,02
PAPN,02164,Lake and Peninsula,02
PAPR,02290,Yukon-Koyukuk,02
PAQH,02050,Bethel,02
PAQT,02185,North Slope,02
PARC,02290,Yukon-Koyukuk,02
PARS,02158,Kusilvak,02
PARY,02290,Yukon-Koyukuk,02
PASA,02180,Nome,02
PASC,02185,North Slope,02
PASD,02013,Aleutians East,02
PASH,02180,Nome,02
PASI,02220,Sitka,02
PASK,02188,Northwest Arctic,02
PASL,02050,Bethel,02
PASM,02158,Kusilvak,02
PASN,02016,Aleutians West,02
PASO,02122,Kenai Peninsula,02
PASP,02170,Matanuska-Susitna,02
PAST,02170,Matanuska-Susitna,02
PASV,02050,Bethel,02
PASW,02170,Matanuska-Susitna,02
PASX,02122,Kenai Peninsula,02
PASY,02016,Aleutians West,02
PATA,02290,Yukon-Koyukuk,02
PATC,02180,Nome,02
PATE,02180,Nome,02
PATG,02070,Dillingham,02
PATK,02170,Matanuska-Susitna,02
PATL,02290,Yukon-Koyukuk,02
PATQ,02185,North Slope,02
PATW,02068,Denali,02
PAUK,02158,Kusilvak,02
PAUM,02185,North Slope,02
PAUN,02180,Nome,02
PAUO,02170,Matanuska-Susitna,02
PAUT,02013,Aleutians East,02
PAVA,02158,Kusilvak,02
PAVC,02013,Aleutians East,02
PAVD,02261,Valdez-Cordova,02
PAVE,02290,Yukon-Koyukuk,02
PAWB,02290,Yukon-Koyukuk,02
PAWD,02122,Kenai Peninsula,02
PAWG,02275,Wrangell,02
PAWI,02185,North Slope,02
PAWM,02180,Nome,02
PAWN,02188,Northwest Arctic,02
PAWR,02261,Valdez-Cordova,02
PAWS,02170,Matanuska-Susitna,02
PAWT,02185,North Slope,02
PAXK,02261,Valdez-Cordova,02
PAYA,02282,Yakutat,02
PFAK,02050,Bethel,02
PFAL,02290,Yukon-Koyukuk,02
PFCB,02261,Valdez-Cordova,02
PFCL,02070,Dillingham,02
PFCR,02050,Bethel,02
PFEL,02180,Nome,02
PFKA,02050,Bethel,02
PFKK,02164,Lake and Peninsula,02
PFKO,02158,Kusilvak,02
PFKT,02180,Nome,02
PFKU,02290,Yukon-Koyukuk,02
PFKW,02050,Bethel,02
PFME,02050,Bethel,02
PFNO,02188,Northwest Arctic,02
PFTO,02240,Southeast Fairbanks,02
PFWS,02060,Bristol Bay,02
PFYU,02290,Yukon-Koyukuk,02
PHBK,15007,Kauai,15
PHDH,15003,Honolulu,15
PHHI,15003,Honolulu,15
PHHN,15009,Maui,15
PHIK,15003,Honolulu,15
PHJH,15009,Maui,15
PHJR,15003,Honolulu,15
PHKO,15001,Hawaii,15
PHLI,15007,Kauai,15
PHLU,15005,Kalawao,15
PHMK,15009,Maui,15
PHMU,15001,Hawaii,15
PHNG,15003,Honolulu,15
PHNL,15003,Honolulu,15
PHNY,15009,Maui,15
PHOG,15009,Maui,15
PHPA,15007,Kauai,15
PHSF,15001,Hawaii,15
PHTO,15001,Hawaii,15
PHUP,15001,Hawaii,15
PN06,42049,Erie,42
PPIZ,02185,North Slope,02
PR60,26147,St. Clair,26
PS49,42111,Somerset,42
SC99,45063,Lexington,45
SN07,20015,Butler,20
SN12,20119,Meade,20
T33,48397,Rockwall,48
TA50,35013,Doña Ana,35
TA55,48453,Travis,48
TN02,47143,Rhea,47
UM-0003,08125,Yuma,08
US-0001,32019,Lyon,32
US-0009,16003,Adams,16
US-0010,16049,Idaho,16
US-0011,16085,Valley,16
US-0015,37113,Macon,37
US-0018,48035,Bosque,48
US-0019,04005,Coconino,04
US-0022,08041,El Paso,08
US-0023,13225,Peach,13
US-0024,48309,McLennan,48
US-0032,48251,Johnson,48
US-0042,05047,Franklin,05
US-0045,49009,Daggett,49
US-0048,36107,Tioga,36
US-0051,48013,Atascosa,48
US-0052,27003,Anoka,27
US-0055,32009,Esmeralda,32
US-0056,49045,Tooele,49
US-0058,06093,Siskiyou,06
US-0059,06027,Inyo,06
US-0061,48283,La Salle,48
US-0062,06037,Los Angeles,06
US-0064,01015,Calhoun,01
US-0065,05085,Lonoke,05
US-0071,06073,San Diego,06
US-0072,08085,Montrose,08
US-0074,08001,Adams,08
US-0075,08093,Park,08
US-0076,08123,Weld,08
US-0078,08123,Weld,08
US-0081,12055,Highlands,12
US-0082,12011,Broward,12
US-0087,53077,Yakima,53
US-0089,16057,Latah,16
US-0092,20017,Chase,20
US-0096,22023,Cameron,22
US-0100,22013,Bienville,22
US-0103,23025,Somerset,23
US-0105,29111,Lewis,29
US-0106,22107,Tensas,22
US-0107,30009,Carbon,30
US-0111,39097,Madison,39
US-0114,41035,Klamath,41
US-0115,40103,Noble,40
US-0116,40081,Lincoln,40
US-0117,40113,Osage,40
US-0118,24031,Montgomery,24
US-0119,42029,Chester,42
US-0120,42085,Mercer,42
US-0121,53019,Ferry,53
US-0123,51145,Powhatan,51
US-0124,51075,Goochland,51
US-0125,51810,Virginia Beach,51
US-0127,51810,Virginia Beach,51
US-0130,55059,Kenosha,55
US-0131,48277,Lamar,48
US-0137,48267,Kimble,48
US-0138,48121,Denton,48
US-0139,48283,La Salle,48
US-0142,18107,Montgomery,18
US-0143,48215,Hidalgo,48
US-0147,48101,Cottle,48
US-0149,48295,Lipscomb,48
US-0151,05119,Pulaski,05
US-0153,48201,Harris,48
US-0154,18129,Posey,18
US-0157,48265,Kerr,48
US-0161,48139,Ellis,48
US-0162,20063,Gove,20
US-0163,06027,Inyo,06
US-0165,37051,Cumberland,37
US-0168,48097,Cooke,48
US-0169,34031,Passaic,34
US-0170,34017,Hudson,34
US-0171,13245,Richmond,13
US-0172,26053,Gogebic,26
US-0173,39075,Holmes,39
US-0175,13089,DeKalb,13
US-0176,21177,Muhlenberg,21
US-0177,48021,Bastrop,48
US-0178,30005,Blaine,30
US-0179,30005,Blaine,30
US-0180,30005,Blaine,30
US-0181,12069,Lake,12
US-0182,26021,Berrien,26
US-0183,13261,Sumter,13
US-0184,08059,Jefferson,08
US-0185,08035,Douglas,08
US-0186,42097,Northumberland,42
US-0187,47091,Johnson,47
US-0188,06081,San Mateo,06
US-0189,06059,Orange,06
US-0190,02170,Matanuska-Susitna,02
US-0191,12117,Seminole,12
US-0192,34009,Cape May,34
US-0193,34009,Cape May,34
US-0194,34011,Cumberland,34
US-0195,34011,Cumberland,34
US-0196,34001,Atlantic,34
US-0197,34001,Atlantic,34
US-0198,34001,Atlantic,34
US-0199,21067,Fayette,21
US-0200,02185,North Slope,02
US-0203,34037,Sussex,34
US-0204,34029,Ocean,34
US-0205,34029,Ocean,34
US-0206,34029,Ocean,34
US-0207,34029,Ocean,34
US-0209,34011,Cumberland,34
US-0210,34001,Atlantic,34
US-0211,34001,Atlantic,34
US-0212,34001,Atlantic,34
US-0223,06099,Stanislaus,06
US-0224,15001,Hawaii,15
US-0227,06083,Santa Barbara,06
US-0228,06083,Santa Barbara,06
US-0229,06083,Santa Barbara,06
US-0230,18097,Marion,18
US-0231,26047,Emmet,26
US-0232,48337,Montague,48
US-0234,12063,Jackson,12
US-0236,48123,DeWitt,48
US-0237,41051,Multnomah,41
US-0239,48265,Kerr,48
US-0241,24001,Allegany,24
US-0244,22085,Sabine,22
US-0245,18175,Washington,18
US-0247,42003,Allegheny,42
US-0248,06079,San Luis Obispo,06
US-0249,06079,San Luis Obispo,06
US-0253,02170,Matanuska-Susitna,02
US-0254,04027,Yuma,04
US-0256,02016,Aleutians West,02
US-0257,35051,Sierra,35
US-0259,48415,Scurry,48
US-0261,48321,Matagorda,48
US-0262,31065,Furnas,31
US-0264,06031,Kings,06
US-0265,48167,Galveston,48
US-0271,36103,Suffolk,36
US-0272,02290,Yukon-Koyukuk,02
US-0278,54059,Mingo,54
US-0279,21195,Pike,21
US-0282,37135,Orange,37
US-0284,48453,Travis,48
US-0285,48471,Walker,48
US-0286,22085,Sabine,22
US-0287,22115,Vernon,22
US-0288,06037,Los Angeles,06
US-0289,06071,San Bernardino,06
US-0290,06019,Fresno,06
US-0291,06099,Stanislaus,06
US-0292,06085,Santa Clara,06
US-0293,06037,Los Angeles,06
US-0294,06043,Mariposa,06
US-0295,06013,Contra Costa,06
US-0296,06077,San Joaquin,06
US-0297,06085,Santa Clara,06
US-0298,06099,Stanislaus,06
US-0299,06107,Tulare,06
US-0300,06029,Kern,06
US-0301,06023,Humboldt,06
US-0302,40031,Comanche,40
US-0303,17115,Macon,17
US-0304,39139,Richland,39
US-0306,22063,Livingston,22
US-0308,06037,Los Angeles,06
US-0309,02170,Matanuska-Susitna,02
US-0310,19105,Jones,19
US-0312,55081,Monroe,55
US-0313,48121,Denton,48
US-0316,27151,Swift,27
US-0317,40063,Hughes,40
US-0318,08073,Lincoln,08
US-0319,18059,Hancock,18
US-0320,39117,Morrow,39
US-0321,22033,East Baton Rouge,22
US-0323,02261,Valdez-Cordova,02
US-0324,39095,Lucas,39
US-0325,27021,Cass,27
US-0326,12057,Hillsborough,12
US-0327,27077,Lake of the Woods,27
US-0328,48061,Cameron,48
US-0329,30045,Judith Basin,30
US-0330,06071,San Bernardino,06
US-0331,18065,Henry,18
US-0332,26129,Ogemaw,26
US-0333,23019,Penobscot,23
US-0334,17043,DuPage,17
US-0335,48329,Midland,48
US-0336,08123,Weld,08
US-0337,06011,Colusa,06
US-0338,02170,Matanuska-Susitna,02
US-0339,48451,Tom Green,48
US-0340,05145,White,05
US-0341,05145,White,05
US-0342,05145,White,05
US-0343,05023,Cleburne,05
US-0344,05145,White,05
US-0345,05031,Craighead,05
US-0346,05145,White,05
US-0347,05067,Jackson,05
US-0348,05077,Lee,05
US-0349,05077,Lee,05
US-0350,05145,White,05
US-0351,05145,White,05
US-0352,05085,Lonoke,05
US-0353,05145,White,05
US-0354,05145,White,05
US-0355,05145,White,05
US-0356,05067,Jackson,05
US-0357,05147,Woodruff,05
US-0358,37091,Hertford,37
US-0359,55005,Barron,55
US-0361,27137,St. Louis,27
US-0363,27053,Hennepin,27
US-0364,18115,Ohio,18
US-0366,42035,Clinton,42
US-0367,51760,Richmond,51
US-0368,53011,Clark,53
US-0370,25025,Suffolk,25
US-0371,05117,Prairie,05
US-0372,05095,Monroe,05
US-0373,05029,Conway,05
US-0374,05147,Woodruff,05
US-0375,35007,Colfax,35
US-0376,48113,Dallas,48
US-0377,26105,Mason,26
US-0378,12093,Okeechobee,12
US-0379,04021,Pinal,04
US-0380,49025,Kane,49
US-0381,41047,Marion,41
US-0382,26125,Oakland,26
US-0383,39061,Hamilton,39
US-0385,06071,San Bernardino,06
US-0386,41061,Union,41
US-0387,06045,Mendocino,06
US-0388,48349,Navarro,48
US-0389,48465,Val Verde,48
US-0390,53063,Spokane,53
US-0391,42007,Beaver,42
US-0392,37183,Wake,37
US-0394,19103,Johnson,19
US-0395,27071,Koochiching,27
US-0396,51121,Montgomery,51
US-0397,20131,Nemaha,20
US-0398,40133,Seminole,40
US-0399,22059,LaSalle,22
US-0400,20155,Reno,20
US-0401,37031,Carteret,37
US-0402,04012,La Paz,04
US-0403,41025,Harney,41
US-0404,06059,Orange,06
US-0405,12115,Sarasota,12
US-0406,21067,Fayette,21
US-0407,12105,Polk,12
US-0408,29057,Dade,29
US-0409,29119,McDonald,29
US-0410,39009,Athens,39
US-0411,13245,Richmond,13
US-0412,08005,Arapahoe,08
US-0413,39167,Washington,39
US-0414,48071,Chambers,48
US-0415,21121,Knox,21
US-0416,47015,Cannon,47
US-0417,29027,Callaway,29
US-0418,55073,Marathon,55
US-0420,39011,Auglaize,39
US-0421,39023,Clark,39
US-0422,40133,Seminole,40
US-0423,37157,Rockingham,37
US-0424,26133,Osceola,26
US-0426,48147,Fannin,48
US-0428,48213,Henderson,48
US-0429,20107,Linn,20
US-0430,34023,Middlesex,34
US-0431,17081,Jefferson,17
US-0432,34027,Morris,34
US-0433,24045,Wicomico,24
US-0434,06073,San Diego,06
US-0435,37051,Cumberland,37
US-0436,41067,Washington,41
US-0437,21213,Simpson,21
US-0438,27151,Swift,27
US-0439,55025,Dane,55
US-0440,48085,Collin,48
US-0441,23015,Lincoln,23
US-0442,48369,Parmer,48
US-0443,39103,Medina,39
US-0444,48477,Washington,48
US-0445,48289,Leon,48
US-0446,01021,Chilton,01
US-0447,39029,Columbiana,39
US-0448,51069,Frederick,51
US-0449,21061,Edmonson,21
US-0450,48499,Wood,48
US-0451,21049,Clark,21
US-0452,48467,Van Zandt,48
US-0453,48367,Parker,48
US-0454,05119,Pulaski,05
US-0456,38025,Dunn,38
US-0457,55091,Pepin,55
US-0458,48141,El Paso,48
US-0459,48085,Collin,48
US-0460,05067,Jackson,05
US-0461,24011,Caroline,24
US-0462,06019,Fresno,06
US-0463,39139,Richland,39
US-0464,48217,Hill,48
US-0465,05067,Jackson,05
US-0466,05145,White,05
US-0468,26165,Wexford,26
US-0469,40073,Kingfisher,40
US-0470,16039,Elmore,16
US-0471,40015,Caddo,40
US-0472,42127,Wayne,42
US-0473,48031,Blanco,48
US-0474,26115,Monroe,26
US-0476,39047,Fayette,39
US-0477,40109,Oklahoma,40
US-0478,48267,Kimble,48
US-0479,17089,Kane,17
US-0480,48453,Travis,48
US-0481,48281,Lampasas,48
US-0482,17039,De Witt,17
US-0484,02170,Matanuska-Susitna,02
US-0485,49049,Utah,49
US-0487,48251,Johnson,48
US-0488,22105,Tangipahoa,22
US-0489,48303,Lubbock,48
US-0490,16027,Canyon,16
US-0492,48179,Gray,48
US-0493,48307,McCulloch,48
US-0494,40069,Johnston,40
US-0495,17075,Iroquois,17
US-0496,38101,Ward,38
US-0497,22041,Franklin,22
US-0498,22041,Franklin,22
US-0499,42115,Susquehanna,42
US-0500,17063,Grundy,17
US-0501,55101,Racine,55
US-0502,17021,Christian,17
US-0503,51810,Virginia Beach,51
US-0504,12095,Orange,12
US-0506,17019,Champaign,17
US-0508,27117,Pipestone,27
US-0509,27059,Isanti,27
US-0510,55103,Richland,55
US-0511,16049,Idaho,16
US-0512,55039,Fond du Lac,55
US-0513,47173,Union,47
US-0514,22017,Caddo,22
US-0515,48259,Kendall,48
US-0516,13031,Bulloch,13
US-0518,26055,Grand Traverse,26
US-0519,26163,Wayne,26
US-0520,48467,Van Zandt,48
US-0521,39077,Huron,39
US-0522,27053,Hennepin,27
US-0523,09003,Hartford,09
US-0524,48375,Potter,48
US-0525,27033,Cottonwood,27
US-0526,33011,Hillsborough,33
US-0527,12101,Pasco,12
US-0528,48249,Jim Wells,48
US-0529,13261,Sumter,13
US-0530,20015,Butler,20
US-0532,48025,Bee,48
US-0533,20143,Ottawa,20
US-0534,17147,Piatt,17
US-0538,48041,Brazos,48
US-0540,01003,Baldwin,01
US-0541,01009,Blount,01
US-0542,02020,Anchorage,02
US-0543,02122,Kenai Peninsula,02
US-0544,02130,Ketchikan Gateway,02
US-0545,02130,Ketchikan Gateway,02
US-0546,05093,Mississippi,05
US-0547,04019,Pima,04
US-0548,04013,Maricopa,04
US-0549,04007,Gila,04
US-0550,35029,Luna,35
US-0551,47043,Dickson,47
US-0553,17099,LaSalle,17
US-0554,17203,Woodford,17
US-0555,04021,Pinal,04
US-0556,06005,Amador,06
US-0557,29186,Ste. Genevieve,29
US-0558,02170,Matanuska-Susitna,02
US-0560,47179,Washington,47
US-0561,16015,Boise,16
US-0562,22105,Tangipahoa,22
US-0563,47121,Meigs,47
US-0564,22015,Bossier,22
US-0565,48273,Kleberg,48
US-0566,49005,Cache,49
US-0567,27165,Watonwan,27
US-0568,25025,Suffolk,25
US-0569,22103,St. Tammany,22
US-0570,39057,Greene,39
US-0572,41005,Clackamas,41
US-0573,17103,Lee,17
US-0574,17011,Bureau,17
US-0575,18085,Kosciusko,18
US-0576,40069,Johnston,40
US-0577,12057,Hillsborough,12
US-0578,17103,Lee,17
US-0579,17099,LaSalle,17
US-0580,48187,Guadalupe,48
US-0581,22001,Acadia,22
US-0582,33019,Sullivan,33
US-0583,48141,El Paso,48
US-0584,26099,Macomb,26
US-0585,28091,Marion,28
US-0587,46025,Clark,46
US-0588,22001,Acadia,22
US-0590,40087,McClain,40
US-0591,18089,Lake,18
US-0592,26073,Isabella,26
US-0593,51165,Rockingham,51
US-0594,26065,Ingham,26
US-0595,17125,Mason,17
US-0596,47031,Coffee,47
US-0597,30003,Big Horn,30
US-0598,06037,Los Angeles,06
US-0600,23031,York,23
US-0601,02050,Bethel,02
US-0603,12127,Volusia,12
US-0604,48439,Tarrant,48
US-0605,27085,McLeod,27
US-0606,48231,Hunt,48
US-0607,19043,Clayton,19
US-0608,01089,Madison,01
US-0611,40073,Kingfisher,40
US-0612,31111,Lincoln,31
US-0613,39071,Highland,39
US-0614,08095,Phillips,08
US-0616,40095,Marshall,40
US-0617,22019,Calcasieu,22
US-0620,12083,Marion,12
US-0621,27129,Renville,27
US-0622,39139,Richland,39
US-0623,08025,Crowley,08
US-0624,29063,DeKalb,29
US-0625,26155,Shiawassee,26
US-0626,49005,Cache,49
US-0627,40073,Kingfisher,40
US-0628,55035,Eau Claire,55
US-0629,20133,Neosho,20
US-0630,13139,Hall,13
US-0631,36115,Washington,36
US-0632,27145,Stearns,27
US-0633,33013,Merrimack,33
US-0634,27035,Crow Wing,27
US-0635,28109,Pearl River,28
US-0636,48113,Dallas,48
US-0637,19063,Emmet,19
US-0638,04027,Yuma,04
US-0639,31041,Custer,31
US-0640,55049,Iowa,55
US-0641,27143,Sibley,27
US-0642,40037,Creek,40
US-0643,29115,Linn,29
US-0644,18063,Hendricks,18
US-0645,51029,Buckingham,51
US-0646,27037,Dakota,27
US-0648,28087,Lowndes,28
US-0649,48137,Edwards,48
US-0650,29009,Barry,29
US-0651,48013,Atascosa,48
US-0652,39157,Tuscarawas,39
US-0653,26139,Ottawa,26
US-0654,55111,Sauk,55
US-0655,20035,Cowley,20
US-0656,20173,Sedgwick,20
US-0657,46099,Minnehaha,46
US-0658,20173,Sedgwick,20
US-0659,12069,Lake,12
US-0660,48015,Austin,48
US-0661,48443,Terrell,48
US-0662,31003,Antelope,31
US-0663,27063,Jackson,27
US-0664,50017,Orange,50
US-0665,48093,Comanche,48
US-0666,01003,Baldwin,01
US-0667,40047,Garfield,40
US-0668,27053,Hennepin,27
US-0669,39017,Butler,39
US-0670,48403,Sabine,48
US-0671,48173,Glasscock,48
US-0673,51153,Prince William,51
US-0676,40015,Caddo,40
US-0677,40015,Caddo,40
US-0678,55027,Dodge,55
US-0679,40015,Caddo,40
US-0680,40015,Caddo,40
US-0681,01125,Tuscaloosa,01
US-0682,01071,Jackson,01
US-0683,01101,Montgomery,01
US-0684,01081,Lee,01
US-0685,01043,Cullman,01
US-0686,01003,Baldwin,01
US-0687,02090,Fairbanks North Star,02
US-0688,02261,Valdez-Cordova,02
US-0689,40015,Caddo,40
US-0690,40015,Caddo,40
US-0691,40015,Caddo,40
US-0692,12037,Franklin,12
US-0693,40111,Okmulgee,40
US-0694,36109,Tompkins,36
US-0695,12047,Hamilton,12
US-0696,48239,Jackson,48
US-0697,18157,Tippecanoe,18
US-0698,48053,Burnet,48
US-0699,48401,Rusk,48
US-0700,40087,McClain,40
US-0701,20113,McPherson,20
US-0702,48055,Caldwell,48
US-0703,48167,Galveston,48
US-0704,05143,Washington,05
US-0707,08125,Yuma,08
US-0708,05087,Madison,05
US-0709,42051,Fayette,42
US-0710,42071,Lancaster,42
US-0711,40051,Grady,40
US-0712,36029,Erie,36
US-0713,05015,Carroll,05
US-0714,05081,Little River,05
US-0715,05047,Franklin,05
US-0716,40083,Logan,40
US-0717,05045,Faulkner,05
US-0718,40051,Grady,40
US-0719,15009,Maui,15
US-0720,49013,Duchesne,49
US-0721,40137,Stephens,40
US-0722,36043,Herkimer,36
US-0723,40041,Delaware,40
US-0724,22073,Ouachita,22
US-0725,39063,Hancock,39
US-0726,12093,Okeechobee,12
US-0727,12009,Brevard,12
US-0728,36069,Ontario,36
US-0729,31081,Hamilton,31
US-0730,48225,Houston,48
US-0731,06019,Fresno,06
US-0732,27053,Hennepin,27
US-0733,16049,Idaho,16
US-0734,05007,Benton,05
US-0735,48169,Garza,48
US-0736,48067,Cass,48
US-0738,55125,Vilas,55
US-0739,48029,Bexar,48
US-0740,04025,Yavapai,04
US-0741,48145,Falls,48
US-0742,27067,Kandiyohi,27
US-0744,23003,Aroostook,23
US-0747,23019,Penobscot,23
US-0751,21067,Fayette,21
US-0752,39015,Brown,39
US-0753,18109,Morgan,18
US-0754,42041,Cumberland,42
US-0755,39089,Licking,39
US-0756,32003,Clark,32
US-0757,39059,Guernsey,39
US-0758,51001,Accomack,51
US-0759,36065,Oneida,36
US-0760,12095,Orange,12
US-0761,42107,Schuylkill,42
US-0762,48095,Concho,48
US-0763,15001,Hawaii,15
US-0765,34027,Morris,34
US-0766,12009,Brevard,12
US-0767,36103,Suffolk,36
US-0769,22033,East Baton Rouge,22
US-0770,37069,Franklin,37
US-0771,48157,Fort Bend,48
US-0772,48431,Sterling,48
US-0773,12103,Pinellas,12
US-0774,22015,Bossier,22
US-0775,51093,Isle of Wight,51
US-0776,48249,Jim Wells,48
US-0777,48349,Navarro,48
US-0778,53039,Klickitat,53
US-0779,55105,Rock,55
US-0780,48101,Cottle,48
US-0781,27135,Roseau,27
US-0782,48453,Travis,48
US-0783,39043,Erie,39
US-0784,46027,Clay,46
US-0785,40051,Grady,40
US-0786,48295,Lipscomb,48
US-0787,12121,Suwannee,12
US-0788,47119,Maury,47
US-0789,21235,Whitley,21
US-0790,12101,Pasco,12
US-0791,27119,Polk,27
US-0792,22079,Rapides,22
US-0793,46039,Deuel,46
US-0794,48085,Collin,48
US-0795,08035,Douglas,08
US-0796,40033,Cotton,40
US-0797,48201,Harris,48
US-0798,55085,Oneida,55
US-0799,06065,Riverside,06
US-0800,42089,Monroe,42
US-0801,48157,Fort Bend,48
US-0802,51800,Suffolk,51
US-0803,29073,Gasconade,29
US-0804,40105,Nowata,40
US-0805,40137,Stephens,40
US-0806,48219,Hockley,48
US-0807,36065,Oneida,36
US-0808,26081,Kent,26
US-0809,12095,Orange,12
US-0810,12113,Santa Rosa,12
US-0811,12069,Lake,12
US-0812,46067,Hutchinson,46
US-0813,12095,Orange,12
US-0814,27145,Stearns,27
US-0815,40051,Grady,40
US-0816,40137,Stephens,40
US-0817,40051,Grady,40
US-0818,27153,Todd,27
US-0819,30057,Madison,30
US-0820,04015,Mohave,04
US-0821,12086,Miami-Dade,12
US-0822,40069,Johnston,40
US-0823,40011,Blaine,40
US-0824,51117,Mecklenburg,51
US-0825,40041,Delaware,40
US-0826,40051,Grady,40
US-0827,29113,Lincoln,29
US-0828,42107,Schuylkill,42
US-0829,42077,Lehigh,42
US-0830,41063,Wallowa,41
US-0832,48209,Hays,48
US-0833,27029,Clearwater,27
US-0834,39025,Clermont,39
US-0835,39035,Cuyahoga,39
US-0836,40083,Logan,40
US-0837,53069,Wahkiakum,53
US-0838,39041,Delaware,39
US-0839,35059,Union,35
US-0840,06059,Orange,06
US-0841,36111,Ulster,36
US-0842,29179,Reynolds,29
US-0843,27137,St. Louis,27
US-0844,32033,White Pine,32
US-0845,27029,Clearwater,27
US-0846,48029,Bexar,48
US-0847,37025,Cabarrus,37
US-0848,48183,Gregg,48
US-0849,26103,Marquette,26
US-0850,27083,Lyon,27
US-0851,55109,St. Croix,55
US-0852,17163,St. Clair,17
US-0853,48279,Lamb,48
US-0854,06059,Orange,06
US-0855,12095,Orange,12
US-0856,39169,Wayne,39
US-0857,36117,Wayne,36
US-0858,48277,Lamar,48
US-0859,40103,Noble,40
US-0860,41013,Crook,41
US-0861,39049,Franklin,39
US-0862,40039,Custer,40
US-0863,34015,Gloucester,34
US-0864,06065,Riverside,06
US-0865,35055,Taos,35
US-0866,34007,Camden,34
US-0867,26037,Clinton,26
US-0868,26127,Oceana,26
US-0870,29177,Ray,29
US-0871,39159,Union,39
US-0872,34027,Morris,34
US-0873,27033,Cottonwood,27
US-0874,35031,McKinley,35
US-0875,22079,Rapides,22
US-0876,48439,Tarrant,48
US-0877,53067,Thurston,53
US-0878,36059,Nassau,36
US-0879,12005,Bay,12
US-0881,26139,Ottawa,26
US-0882,39017,Butler,39
US-0883,01005,Barbour,01
US-0884,05059,Hot Spring,05
US-0885,20063,Gove,20
US-0886,27061,Itasca,27
US-0887,26037,Clinton,26
US-0889,31089,Holt,31
US-0890,36053,Madison,36
US-0893,13047,Catoosa,13
US-0894,13153,Houston,13
US-0895,17011,Bureau,17
US-0896,18141,St. Joseph,18
US-0897,20149,Pottawatomie,20
US-0900,42091,Montgomery,42
US-0901,37083,Halifax,37
US-0902,47055,Giles,47
US-0903,39155,Trumbull,39
US-0904,40015,Caddo,40
US-0905,53007,Chelan,53
US-0906,42041,Cumberland,42
US-0907,48085,Collin,48
US-0908,48367,Parker,48
US-0910,48321,Matagorda,48
US-0912,48285,Lavaca,48
US-0913,02164,Lake and Peninsula,02
US-0914,05119,Pulaski,05
US-0915,06047,Merced,06
US-0916,06113,Yolo,06
US-0917,09005,Litchfield,09
US-0918,13261,Sumter,13
US-0919,18111,Newton,18
US-0920,30013,Cascade,30
US-0921,40047,Garfield,40
US-0922,40081,Lincoln,40
US-0923,40015,Caddo,40
US-0924,40073,Kingfisher,40
US-0925,40137,Stephens,40
US-0926,40137,Stephens,40
US-0928,17111,McHenry,17
US-0932,20133,Neosho,20
US-0933,23027,Waldo,23
US-0934,09005,Litchfield,09
US-0935,23029,Washington,23
US-0936,04011,Greenlee,04
US-0937,08123,Weld,08
US-0938,17089,Kane,17
US-0939,55127,Walworth,55
US-0940,18131,Pulaski,18
US-0941,48001,Anderson,48
US-0942,26139,Ottawa,26
US-0943,53033,King,53
US-0945,12069,Lake,12
US-0946,33011,Hillsborough,33
US-0947,23019,Penobscot,23
US-0948,42009,Bedford,42
US-0949,17137,Morgan,17
US-0950,06065,Riverside,06
US-0951,26095,Luce,26
US-0952,55043,Grant,55
US-0953,48159,Franklin,48
US-0955,42091,Montgomery,42
US-0956,05145,White,05
US-0957,22055,Lafayette,22
US-0958,13115,Floyd,13
US-0959,23031,York,23
US-0960,25025,Suffolk,25
US-0961,22001,Acadia,22
US-0962,04015,Mohave,04
US-0963,48225,Houston,48
US-0964,48083,Coleman,48
US-0965,12069,Lake,12
US-0966,39155,Trumbull,39
US-0967,16029,Caribou,16
US-0968,40143,Tulsa,40
US-0969,26015,Barry,26
US-0970,48181,Grayson,48
US-0971,48265,Kerr,48
US-0972,48453,Travis,48
US-0973,48065,Carson,48
US-0974,48307,McCulloch,48
US-0975,48171,Gillespie,48
US-0976,48339,Montgomery,48
US-0977,48469,Victoria,48
US-0979,48135,Ector,48
US-0980,40107,Okfuskee,40
US-0981,48179,Gray,48
US-0982,27171,Wright,27
US-0983,29029,Camden,29
US-0984,27171,Wright,27
US-0986,32031,Washoe,32
US-0987,42067,Juniata,42
US-0988,12103,Pinellas,12
US-0989,36059,Nassau,36
US-0990,42041,Cumberland,42
US-0991,12069,Lake,12
US-0992,48281,Lampasas,48
US-0993,48045,Briscoe,48
US-0994,48149,Fayette,48
US-0995,37053,Currituck,37
US-0996,48249,Jim Wells,48
US-0997,48367,Parker,48
US-0998,48085,Collin,48
US-0999,16003,Adams,16
US-0F3,19059,Dickinson,19
US-1000,30057,Madison,30
US-1001,37035,Catawba,37
US-1002,49037,San Juan,49
US-1003,37093,Hoke,37
US-1004,37101,Johnston,37
US-1005,27021,Cass,27
US-1006,55065,Lafayette,55
US-1007,53055,San Juan,53
US-1008,40083,Logan,40
US-1009,48201,Harris,48
US-1010,42071,Lancaster,42
US-1011,18109,Morgan,18
US-1012,42115,Susquehanna,42
US-1013,29077,Greene,29
US-1014,49035,Salt Lake,49
US-1015,48415,Scurry,48
US-1016,20155,Reno,20
US-1017,36071,Orange,36
US-1021,22001,Acadia,22
US-1022,05109,Pike,05
US-1023,17019,Champaign,17
US-1025,55075,Marinette,55
US-1026,30049,Lewis and Clark,30
US-1036,48293,Limestone,48
US-1037,40051,Grady,40
US-10378,41039,Lane,41
US-1044,40051,Grady,40
US-1046,30053,Lincoln,30
US-1052,26037,Clinton,26
US-1053,20115,Marion,20
US-1054,12095,Orange,12
US-1060,06095,Solano,06
US-1061,51107,Loudoun,51
US-1062,30039,Granite,30
US-1063,12073,Leon,12
US-1064,39165,Warren,39
US-1065,12073,Leon,12
US-1066,12097,Osceola,12
US-1067,53033,King,53
US-1068,42019,Butler,42
US-1070,42101,Philadelphia,42
US-1071,02170,Matanuska-Susitna,02
US-1072,05031,Craighead,05
US-1073,05081,Little River,05
US-1074,36067,Onondaga,36
US-1075,39135,Preble,39
US-1076,40007,Beaver,40
US-1077,40013,Bryan,40
US-1078,48173,Glasscock,48
US-1079,48497,Wise,48
US-1080,17113,McLean,17
US-1082,18057,Hamilton,18
US-1083,39109,Miami,39
US-1084,35028,Los Alamos,35
US-1085,36077,Otsego,36
US-1086,12095,Orange,12
US-1087,30031,Gallatin,30
US-1088,17011,Bureau,17
US-1089,54057,Mineral,54
US-1090,41043,Linn,41
US-1091,18053,Grant,18
US-1092,55011,Buffalo,55
US-1093,12127,Volusia,12
US-1094,30083,Richland,30
US-1095,30111,Yellowstone,30
US-1096,40107,Okfuskee,40
US-1097,48035,Bosque,48
US-1100,16049,Idaho,16
US-1101,40053,Grant,40
US-1102,41063,Wallowa,41
US-1103,40113,Osage,40
US-1104,21081,Grant,21
US-1105,12095,Orange,12
US-1106,18127,Porter,18
US-1107,20099,Labette,20
US-1108,18181,White,18
US-11086,01003,Baldwin,01
US-1109,12093,Okeechobee,12
US-1110,39025,Clermont,39
US-1111,01107,Pickens,01
US-1112,12097,Osceola,12
US-1113,19109,Kossuth,19
US-11138,11001,District of Columbia,11
US-1114,19077,Guthrie,19
US-1115,16073,Owyhee,16
US-1116,16037,Custer,16
US-1117,42043,Dauphin,42
US-1118,32031,Washoe,32
US-1119,47117,Marshall,47
US-1120,47189,Wilson,47
US-1121,42091,Montgomery,42
US-1122,36059,Nassau,36
US-1123,20097,Kiowa,20
US-1124,40053,Grant,40
US-1125,22115,Vernon,22
US-1126,16077,Power,16
US-1127,06111,Ventura,06
US-1128,05101,Newton,05
US-1129,26049,Genesee,26
US-1130,34021,Mercer,34
US-1131,02185,North Slope,02
US-1132,18129,Posey,18
US-1133,22037,East Feliciana,22
US-1134,48339,Montgomery,48
US-1135,22075,Plaquemines,22
US-1136,22039,Evangeline,22
US-1137,51061,Fauquier,51
US-1138,29121,Macon,29
US-1139,21015,Boone,21
US-1140,42129,Westmoreland,42
US-1141,48209,Hays,48
US-1142,55127,Walworth,55
US-1143,39005,Ashland,39
US-1144,35023,Hidalgo,35
US-1145,41035,Klamath,41
US-1146,53009,Clallam,53
US-1148,32003,Clark,32
US-1149,20105,Lincoln,20
US-1150,30007,Broadwater,30
US-1151,06065,Riverside,06
US-1152,35035,Otero,35
US-1153,32007,Elko,32
US-1154,34005,Burlington,34
US-1155,39061,Hamilton,39
US-1156,12071,Lee,12
US-1157,23021,Piscataquis,23
US-1158,51015,Augusta,51
US-1159,55093,Pierce,55
US-1161,01089,Madison,01
US-1162,08123,Weld,08
US-1163,26013,Baraga,26
US-1164,22035,East Carroll,22
US-1165,32027,Pershing,32
US-1166,17175,Stark,17
US-1167,06107,Tulare,06
US-1169,39105,Meigs,39
US-1170,41013,Crook,41
US-1171,27015,Brown,27
US-1172,35049,Santa Fe,35
US-1173,41029,Jackson,41
US-1174,48453,Travis,48
US-1175,16085,Valley,16
US-1176,22033,East Baton Rouge,22
US-1177,34007,Camden,34
US-1179,45003,Aiken,45
US-1182,18169,Wabash,18
US-11825,38077,Richland,38
US-1183,39153,Summit,39
US-1185,06113,Yolo,06
US-1186,06019,Fresno,06
US-1187,06083,Santa Barbara,06
US-1188,06109,Tuolumne,06
US-1189,51760,Richmond,51
US-1190,39151,Stark,39
US-1191,27171,Wright,27
US-1192,19015,Boone,19
US-1193,30111,Yellowstone,30
US-1194,22075,Plaquemines,22
US-1195,53031,Jefferson,53
US-1196,02240,Southeast Fairbanks,02
US-1197,40093,Major,40
US-1198,18149,Starke,18
US-1199,48265,Kerr,48
US-1200,19037,Chickasaw,19
US-1201,27103,Nicollet,27
US-1202,22097,St. Landry,22
US-1203,22097,St. Landry,22
US-1204,26093,Livingston,26
US-1205,29147,Nodaway,29
US-1206,06001,Alameda,06
US-1207,27095,Mille Lacs,27
US-1208,53031,Jefferson,53
US-1209,40147,Washington,40
US-1210,40039,Custer,40
US-1211,18141,St. Joseph,18
US-1212,32003,Clark,32
US-1213,26033,Chippewa,26
US-1214,51035,Carroll,51
US-1215,22001,Acadia,22
US-1216,27031,Cook,27
US-1217,16059,Lemhi,16
US-1222,12085,Martin,12
US-1223,48311,McMullen,48
US-1225,08069,Larimer,08
US-1226,47141,Putnam,47
US-1229,51770,Roanoke,51
US-1230,48285,Lavaca,48
US-1231,26033,Chippewa,26
US-1233,06111,Ventura,06
US-1235,22097,St. Landry,22
US-1237,51029,Buckingham,51
US-1238,17203,Woodford,17
US-12383,53001,Adams,53
US-1239,29225,Webster,29
US-1240,22101,St. Mary,22
US-12404,55043,Grant,55
US-1241,17067,Hancock,17
US-1242,45001,Abbeville,45
US-1244,51590,Danville,51
US-1245,35035,Otero,35
US-1246,35001,Bernalillo,35
US-1247,40051,Grady,40
US-1248,13121,Fulton,13
US-1249,27127,Redwood,27
US-12491,39171,Williams,39
US-1250,08001,Adams,08
US-12504,51105,Lee,51
US-1251,30111,Yellowstone,30
US-1252,48293,Limestone,48
US-1253,32003,Clark,32
US-1254,50021,Rutland,50
US-12544,36071,Orange,36
US-1255,26005,Allegan,26
US-1256,13045,Carroll,13
US-1257,18089,Lake,18
US-1258,45019,Charleston,45
US-1259,40073,Kingfisher,40
US-1260,40039,Custer,40
US-1262,02060,Bristol Bay,02
US-1263,13039,Camden,13
US-1264,16049,Idaho,16
US-12643,24037,St. Mary's,24
US-12647,02290,Yukon-Koyukuk,02
US-12648,06031,Kings,06
US-12649,26139,Ottawa,26
US-1265,50001,Addison,50
US-12651,05055,Greene,05
US-12652,05145,White,05
US-12653,05111,Poinsett,05
US-12654,13093,Dooly,13
US-12655,19075,Grundy,19
US-12656,05147,Woodruff,05
US-12657,22067,Morehouse,22
US-12658,22097,St. Landry,22
US-12659,05145,White,05
US-1266,16069,Nez Perce,16
US-12660,49047,Uintah,49
US-12661,24021,Frederick,24
US-12662,49021,Iron,49
US-12663,48201,Harris,48
US-12664,48411,San Saba,48
US-12665,48309,McLennan,48
US-12666,48287,Lee,48
US-12667,40005,Atoka,40
US-12668,28103,Noxubee,28
US-12669,28103,Noxubee,28
US-1267,35043,Sandoval,35
US-12670,28103,Noxubee,28
US-12671,28095,Monroe,28
US-12672,48387,Red River,48
US-12673,47123,Monroe,47
US-12674,05035,Crittenden,05
US-12679,35035,Otero,35
US-1268,53077,Yakima,53
US-12680,53013,Columbia,53
US-12681,48363,Palo Pinto,48
US-12682,53071,Walla Walla,53
US-12683,23011,Kennebec,23
US-12684,12097,Osceola,12
US-12685,33003,Carroll,33
US-12686,33003,Carroll,33
US-12688,29013,Bates,29
US-12689,12011,Broward,12
US-1269,40113,Osage,40
US-12690,48325,Medina,48
US-12691,18105,Monroe,18
US-12692,20177,Shawnee,20
US-12693,05107,Phillips,05
US-12694,26053,Gogebic,26
US-12695,48029,Bexar,48
US-1270,05129,Searcy,05
US-12701,12071,Lee,12
US-12702,48251,Johnson,48
US-12703,38101,Ward,38
US-12704,06011,Colusa,06
US-12705,22001,Acadia,22
US-12706,12089,Nassau,12
US-12707,12057,Hillsborough,12
US-12708,41047,Marion,41
US-12709,31013,Box Butte,31
US-1271,30029,Flathead,30
US-12710,40075,Kiowa,40
US-12711,47159,Smith,47
US-12712,56003,Big Horn,56
US-12713,39051,Fulton,39
US-12714,48161,Freestone,48
US-12715,08013,Boulder,08
US-12716,12105,Polk,12
US-12717,48137,Edwards,48
US-12718,20057,Ford,20
US-12719,26091,Lenawee,26
US-1272,40123,Pontotoc,40
US-12720,21177,Muhlenberg,21
US-12721,16059,Lemhi,16
US-12722,48213,Henderson,48
US-12724,48149,Fayette,48
US-12725,42077,Lehigh,42
US-12726,55115,Shawano,55
US-12727,42049,Erie,42
US-12728,37133,Onslow,37
US-12729,18101,Martin,18
US-1273,42089,Monroe,42
US-12730,55091,Pepin,55
US-12731,17157,Randolph,17
US-12732,27035,Crow Wing,27
US-12733,13055,Chattooga,13
US-12734,08035,Douglas,08
US-12735,30111,Yellowstone,30
US-12736,38101,Ward,38
US-12737,48027,Bell,48
US-1274,30043,Jefferson,30
US-12740,17177,Stephenson,17
US-12741,47039,Decatur,47
US-12742,34007,Camden,34
US-12743,30095,Stillwater,30
US-12744,22031,De Soto,22
US-12745,48097,Cooke,48
US-12746,27171,Wright,27
US-12747,22099,St. Martin,22
US-12748,33003,Carroll,33
US-1275,33003,Carroll,33
US-12751,26061,Houghton,26
US-12752,39129,Pickaway,39
US-12753,48143,Erath,48
US-12754,48035,Bosque,48
US-12755,48451,Tom Green,48
US-12756,48413,Schleicher,48
US-12757,48401,Rusk,48
US-12759,29029,Camden,29
US-1276,27127,Redwood,27
US-12761,53075,Whitman,53
US-12762,41065,Wasco,41
US-12763,48013,Atascosa,48
US-12764,49053,Washington,49
US-12765,04013,Maricopa,04
US-12766,51093,Isle of Wight,51
US-12769,42115,Susquehanna,42
US-1277,18041,Fayette,18
US-12770,41031,Jefferson,41
US-12771,06029,Kern,06
US-12775,21003,Allen,21
US-12776,47173,Union,47
US-12777,22045,Iberia,22
US-12778,08011,Bent,08
US-12779,51810,Virginia Beach,51
US-1278,50001,Addison,50
US-12780,53043,Lincoln,53
US-12781,48481,Wharton,48
US-12783,12087,Monroe,12
US-1279,50001,Addison,50
US-12795,48321,Matagorda,48
US-12796,48279,Lamb,48
US-12798,12086,Miami-Dade,12
US-1280,20167,Russell,20
US-12803,37071,Gaston,37
US-12804,55073,Marathon,55
US-12805,17075,Iroquois,17
US-12806,20073,Greenwood,20
US-12807,02170,Matanuska-Susitna,02
US-12808,02170,Matanuska-Susitna,02
US-12809,17117,Macoupin,17
US-1281,39049,Franklin,39
US-12810,27025,Chisago,27
US-12811,31035,Clay,31
US-12812,48439,Tarrant,48
US-12813,48349,Navarro,48
US-12814,12011,Broward,12
US-12818,12087,Monroe,12
US-12819,12011,Broward,12
US-1282,41063,Wallowa,41
US-12824,12086,Miami-Dade,12
US-12825,46035,Davison,46
US-12827,12105,Polk,12
US-12828,12087,Monroe,12
US-1283,18003,Allen,18
US-12830,12086,Miami-Dade,12
US-12833,41005,Clackamas,41
US-12834,47153,Sequatchie,47
US-12835,54099,Wayne,54
US-12836,12035,Flagler,12
US-12839,28033,DeSoto,28
US-1284,18019,Clark,18
US-12840,21049,Clark,21
US-12841,29153,Ozark,29
US-12844,12087,Monroe,12
US-12847,12086,Miami-Dade,12
US-12848,12086,Miami-Dade,12
US-1285,12086,Miami-Dade,12
US-12850,12086,Miami-Dade,12
US-12851,08021,Conejos,08
US-12852,18057,Hamilton,18
US-12853,26145,Saginaw,26
US-12854,30107,Wheatland,30
US-12855,38097,Traill,38
US-12856,12086,Miami-Dade,12
US-12857,12127,Volusia,12
US-12858,48479,Webb,48
US-1286,22073,Ouachita,22
US-12860,12087,Monroe,12
US-12862,02122,Kenai Peninsula,02
US-12863,12085,Martin,12
US-12865,16001,Ada,16
US-12866,12085,Martin,12
US-12867,12086,Miami-Dade,12
US-12868,12086,Miami-Dade,12
US-12869,12055,Highlands,12
US-1287,19159,Ringgold,19
US-12870,06071,San Bernardino,06
US-12871,12087,Monroe,12
US-12872,12086,Miami-Dade,12
US-12873,12071,Lee,12
US-12875,12087,Monroe,12
US-12876,12086,Miami-Dade,12
US-12878,12055,Highlands,12
US-1288,34013,Essex,34
US-12880,12051,Hendry,12
US-12881,01065,Hale,01
US-12882,01083,Limestone,01
US-12883,01019,Cherokee,01
US-12884,01093,Marion,01
US-12885,05069,Jefferson,05
US-12886,06109,Tuolumne,06
US-12887,06029,Kern,06
US-12888,06063,Plumas,06
US-12889,06011,Colusa,06
US-1289,18085,Kosciusko,18
US-12890,06071,San Bernardino,06
US-12891,06019,Fresno,06
US-12892,12117,Seminole,12
US-12893,12051,Hendry,12
US-12894,12053,Hernando,12
US-12895,12065,Jefferson,12
US-12897,13137,Habersham,13
US-1290,19195,Worth,19
US-12900,39049,Franklin,39
US-12901,47185,White,47
US-12902,42035,Clinton,42
US-12903,22005,Ascension,22
US-12904,42015,Bradford,42
US-12905,51029,Buckingham,51
US-1291,35003,Catron,35
US-12910,02164,Lake and Peninsula,02
US-12911,01115,St. Clair,01
US-12912,12009,Brevard,12
US-12913,08029,Delta,08
US-12914,27013,Blue Earth,27
US-12915,48397,Rockwall,48
US-12916,29213,Taney,29
US-12919,48021,Bastrop,48
US-12922,12053,Hernando,12
US-12923,55013,Burnett,55
US-12924,17141,Ogle,17
US-12928,55105,Rock,55
US-12929,08085,Montrose,08
US-1293,11001,District of Columbia,11
US-12930,26125,Oakland,26
US-12932,06073,San Diego,06
US-12933,12027,DeSoto,12
US-12934,12027,DeSoto,12
US-12935,48053,Burnet,48
US-12936,12069,Lake,12
US-12937,01097,Mobile,01
US-12938,22097,St. Landry,22
US-12939,55113,Sawyer,55
US-1294,04027,Yuma,04
US-12940,48325,Medina,48
US-12941,04007,Gila,04
US-12943,39153,Summit,39
US-12944,22113,Vermilion,22
US-12945,04013,Maricopa,04
US-12946,04013,Maricopa,04
US-12948,29013,Bates,29
US-12949,26017,Bay,26
US-12950,29013,Bates,29
US-12951,30111,Yellowstone,30
US-12952,30041,Hill,30
US-12953,13121,Fulton,13
US-12954,48491,Williamson,48
US-12955,48171,Gillespie,48
US-12957,40147,Washington,40
US-12958,13121,Fulton,13
US-12959,21035,Calloway,21
US-1296,16069,Nez Perce,16
US-12960,01003,Baldwin,01
US-12963,13117,Forsyth,13
US-12964,48231,Hunt,48
US-12965,20149,Pottawatomie,20
US-12966,02230,Skagway,02
US-12968,34039,Union,34
US-12969,48093,Comanche,48
US-12970,48439,Tarrant,48
US-12971,17001,Adams,17
US-12972,12031,Duval,12
US-12973,13139,Hall,13
US-12980,26115,Monroe,26
US-12981,27111,Otter Tail,27
US-12982,48231,Hunt,48
US-12983,51153,Prince William,51
US-12984,26055,Grand Traverse,26
US-12985,12001,Alachua,12
US-12986,27073,Lac qui Parle,27
US-12987,17001,Adams,17
US-12988,48463,Uvalde,48
US-12991,18029,Dearborn,18
US-12992,27057,Hubbard,27
US-12993,26093,Livingston,26
US-12994,55007,Bayfield,55
US-12995,48049,Brown,48
US-12996,08001,Adams,08
US-12997,12107,Putnam,12
US-1302,41053,Polk,41
US-1303,06037,Los Angeles,06
US-1304,32003,Clark,32
US-1305,04012,La Paz,04
US-1306,04012,La Paz,04
US-1309,04012,La Paz,04
US-1310,04012,La Paz,04
US-1312,04019,Pima,04
US-1313,06037,Los Angeles,06
US-1314,06037,Los Angeles,06
US-1315,06037,Los Angeles,06
US-1316,06037,Los Angeles,06
US-1317,06037,Los Angeles,06
US-1318,06037,Los Angeles,06
US-1319,48453,Travis,48
US-1321,48491,Williamson,48
US-1322,48491,Williamson,48
US-1323,48491,Williamson,48
US-1324,48453,Travis,48
US-1326,04027,Yuma,04
US-1332,06065,Riverside,06
US-1334,04012,La Paz,04
US-1335,35001,Bernalillo,35
US-1397,48021,Bastrop,48
US-1398,48029,Bexar,48
US-1400,04012,La Paz,04
US-1408,48021,Bastrop,48
US-1409,48149,Fayette,48
US-1410,06037,Los Angeles,06
US-1411,06037,Los Angeles,06
US-1412,06037,Los Angeles,06
US-1413,06037,Los Angeles,06
US-1414,06037,Los Angeles,06
US-1415,06037,Los Angeles,06
US-1416,06037,Los Angeles,06
US-1417,06037,Los Angeles,06
US-1418,06037,Los Angeles,06
US-1419,06037,Los Angeles,06
US-1420,06037,Los Angeles,06
US-1421,06037,Los Angeles,06
US-1422,06037,Los Angeles,06
US-1423,06037,Los Angeles,06
US-1424,06037,Los Angeles,06
US-1425,06037,Los Angeles,06
US-1426,06037,Los Angeles,06
US-1427,04003,Cochise,04
US-1428,04003,Cochise,04
US-1432,04023,Santa Cruz,04
US-1433,06037,Los Angeles,06
US-1435,06071,San Bernardino,06
US-1440,04025,Yavapai,04
US-1441,04015,Mohave,04
US-1445,04021,Pinal,04
US-1446,04021,Pinal,04
US-1447,04019,Pima,04
US-1448,04019,Pima,04
US-1449,04019,Pima,04
US-1450,04003,Cochise,04
US-1452,04003,Cochise,04
US-1460,35013,Doña Ana,35
US-1461,35013,Doña Ana,35
US-1462,06037,Los Angeles,06
US-1463,06037,Los Angeles,06
US-1464,06037,Los Angeles,06
US-1465,06037,Los Angeles,06
US-1466,06037,Los Angeles,06
US-1467,06037,Los Angeles,06
US-1468,06037,Los Angeles,06
US-1469,06037,Los Angeles,06
US-1470,06037,Los Angeles,06
US-1471,06037,Los Angeles,06
US-1472,06037,Los Angeles,06
US-1474,04015,Mohave,04
US-1476,04015,Mohave,04
US-1481,04017,Navajo,04
US-1482,04015,Mohave,04
US-1483,08059,Jefferson,08
US-1486,49055,Wayne,49
US-1487,06027,Inyo,06
US-1488,06107,Tulare,06
US-1490,06027,Inyo,06
US-1494,06037,Los Angeles,06
US-1495,11001,District of Columbia,11
US-1496,06037,Los Angeles,06
US-1497,06037,Los Angeles,06
US-1498,06037,Los Angeles,06
US-1500,48497,Wise,48
US-1501,55069,Lincoln,55
US-1502,12111,St. Lucie,12
US-1503,18089,Lake,18
US-1504,30075,Powder River,30
US-1505,18091,LaPorte,18
US-1506,49005,Cache,49
US-1507,40149,Washita,40
US-1508,48265,Kerr,48
US-1509,42095,Northampton,42
US-1510,30063,Missoula,30
US-1512,56035,Sublette,56
US-1513,30111,Yellowstone,30
US-1514,48271,Kinney,48
US-1515,48053,Burnet,48
US-1516,53047,Okanogan,53
US-1517,05031,Craighead,05
US-1518,49021,Iron,49
US-1519,12103,Pinellas,12
US-1520,37025,Cabarrus,37
US-1521,48113,Dallas,48
US-1522,49027,Millard,49
US-1523,08039,Elbert,08
US-1524,26133,Osceola,26
US-1525,16025,Camas,16
US-1526,27091,Martin,27
US-1527,13113,Fayette,13
US-1528,51640,Galax,51
US-1529,49055,Wayne,49
US-1530,49017,Garfield,49
US-1531,49007,Carbon,49
US-1533,49003,Box Elder,49
US-1534,49009,Daggett,49
US-1535,48461,Upton,48
US-1536,48461,Upton,48
US-1538,32019,Lyon,32
US-1539,49049,Utah,49
US-1540,06011,Colusa,06
US-1541,41047,Marion,41
US-1542,41019,Douglas,41
US-1554,06025,Imperial,06
US-1555,06107,Tulare,06
US-1566,48443,Terrell,48
US-1567,06045,Mendocino,06
US-1586,35043,Sandoval,35
US-1594,48209,Hays,48
US-1595,06037,Los Angeles,06
US-1596,06037,Los Angeles,06
US-1597,06037,Los Angeles,06
US-1598,06037,Los Angeles,06
US-1599,48209,Hays,48
US-1600,12095,Orange,12
US-1606,04013,Maricopa,04
US-1607,04013,Maricopa,04
US-1613,04013,Maricopa,04
US-1616,48453,Travis,48
US-1617,06037,Los Angeles,06
US-1619,35051,Sierra,35
US-1624,23029,Washington,23
US-1625,06053,Monterey,06
US-1628,06079,San Luis Obispo,06
US-1629,06025,Imperial,06
US-1632,12087,Monroe,12
US-1634,12087,Monroe,12
US-1636,06037,Los Angeles,06
US-1637,06037,Los Angeles,06
US-1639,06027,Inyo,06
US-1640,06107,Tulare,06
US-1641,06027,Inyo,06
US-1642,49017,Garfield,49
US-1643,48391,Refugio,48
US-1644,48271,Kinney,48
US-1645,48463,Uvalde,48
US-1646,06071,San Bernardino,06
US-1648,04015,Mohave,04
US-1654,04019,Pima,04
US-1656,04019,Pima,04
US-1659,48123,DeWitt,48
US-1660,08123,Weld,08
US-1661,13179,Liberty,13
US-1662,22109,Terrebonne,22
US-1670,48201,Harris,48
US-1672,49025,Kane,49
US-1673,49039,Sanpete,49
US-1674,04021,Pinal,04
US-1677,48479,Webb,48
US-1683,04011,Greenlee,04
US-1684,04011,Greenlee,04
US-1685,04011,Greenlee,04
US-1686,04011,Greenlee,04
US-1687,04011,Greenlee,04
US-1689,48201,Harris,48
US-1691,48127,Dimmit,48
US-1695,39079,Jackson,39
US-1697,12031,Duval,12
US-1698,12031,Duval,12
US-1701,26059,Hillsdale,26
US-1702,05031,Craighead,05
US-1703,26139,Ottawa,26
US-1704,48273,Kleberg,48
US-1705,22035,East Carroll,22
US-1706,06027,Inyo,06
US-1707,18021,Clay,18
US-1708,26125,Oakland,26
US-1709,16069,Nez Perce,16
US-1711,48019,Bandera,48
US-1712,06037,Los Angeles,06
US-1713,06051,Mono,06
US-1714,06037,Los Angeles,06
US-1715,06037,Los Angeles,06
US-1716,04013,Maricopa,04
US-1717,06037,Los Angeles,06
US-1718,06037,Los Angeles,06
US-1719,06037,Los Angeles,06
US-1721,06037,Los Angeles,06
US-1722,06037,Los Angeles,06
US-1723,06037,Los Angeles,06
US-1724,06037,Los Angeles,06
US-1725,06037,Los Angeles,06
US-1729,48109,Culberson,48
US-1734,06037,Los Angeles,06
US-1738,48229,Hudspeth,48
US-1739,48389,Reeves,48
US-1747,06029,Kern,06
US-1751,12105,Polk,12
US-1753,06037,Los Angeles,06
US-1754,06037,Los Angeles,06
US-1756,06037,Los Angeles,06
US-1757,06037,Los Angeles,06
US-1758,06037,Los Angeles,06
US-1759,06037,Los Angeles,06
US-1760,06037,Los Angeles,06
US-1761,06037,Los Angeles,06
US-1762,06037,Los Angeles,06
US-1763,06037,Los Angeles,06
US-1764,06037,Los Angeles,06
US-1765,06037,Los Angeles,06
US-1769,48473,Waller,48
US-1771,49043,Summit,49
US-1772,06037,Los Angeles,06
US-1774,06037,Los Angeles,06
US-1777,06037,Los Angeles,06
US-1779,06037,Los Angeles,06
US-1780,06037,Los Angeles,06
US-1781,06037,Los Angeles,06
US-1782,06037,Los Angeles,06
US-1783,06037,Los Angeles,06
US-1784,06037,Los Angeles,06
US-1788,04013,Maricopa,04
US-1789,36079,Putnam,36
US-1790,04013,Maricopa,04
US-1794,06037,Los Angeles,06
US-1795,06051,Mono,06
US-1796,06051,Mono,06
US-1797,06051,Mono,06
US-1800,06051,Mono,06
US-1801,32021,Mineral,32
US-1803,04027,Yuma,04
US-1815,04013,Maricopa,04
US-1816,04013,Maricopa,04
US-1820,48321,Matagorda,48
US-1824,48149,Fayette,48
US-1825,48021,Bastrop,48
US-1830,04025,Yavapai,04
US-1832,04025,Yavapai,04
US-1833,12005,Bay,12
US-1838,06071,San Bernardino,06
US-1841,01045,Dale,01
US-1842,01045,Dale,01
US-1843,01045,Dale,01
US-1844,01045,Dale,01
US-1845,01045,Dale,01
US-1846,01045,Dale,01
US-1847,01045,Dale,01
US-1848,01045,Dale,01
US-1849,01031,Coffee,01
US-1852,32001,Churchill,32
US-1853,32019,Lyon,32
US-1854,32019,Lyon,32
US-1858,49027,Millard,49
US-1859,49047,Uintah,49
US-1860,49047,Uintah,49
US-1861,49047,Uintah,49
US-1862,49047,Uintah,49
US-1863,49047,Uintah,49
US-1864,49047,Uintah,49
US-1866,48103,Crane,48
US-1867,48317,Martin,48
US-1870,48431,Sterling,48
US-1871,35037,Quay,35
US-1872,35037,Quay,35
US-1874,32021,Mineral,32
US-1877,06037,Los Angeles,06
US-1878,06037,Los Angeles,06
US-1879,48299,Llano,48
US-1880,48299,Llano,48
US-1881,06037,Los Angeles,06
US-1883,06071,San Bernardino,06
US-1884,06071,San Bernardino,06
US-1885,06071,San Bernardino,06
US-1886,06071,San Bernardino,06
US-1887,06071,San Bernardino,06
US-1888,06071,San Bernardino,06
US-1897,06037,Los Angeles,06
US-1900,06037,Los Angeles,06
US-1901,06037,Los Angeles,06
US-1902,15009,Maui,15
US-1903,15003,Honolulu,15
US-1904,22105,Tangipahoa,22
US-1905,22023,Cameron,22
US-1906,22023,Cameron,22
US-1908,22015,Bossier,22
US-1909,23003,Aroostook,23
US-1910,06037,Los Angeles,06
US-1912,48035,Bosque,48
US-1915,48443,Terrell,48
US-1916,48465,Val Verde,48
US-1917,48443,Terrell,48
US-1920,48389,Reeves,48
US-1923,48389,Reeves,48
US-1925,48435,Sutton,48
US-1929,35047,San Miguel,35
US-1933,08003,Alamosa,08
US-1934,42095,Northampton,42
US-1936,44005,Newport,44
US-1943,48243,Jeff Davis,48
US-1948,06027,Inyo,06
US-1951,26101,Manistee,26
US-1952,45045,Greenville,45
US-1953,42129,Westmoreland,42
US-1954,39149,Shelby,39
US-1955,48439,Tarrant,48
US-1956,08037,Eagle,08
US-1957,19145,Page,19
US-1958,18137,Ripley,18
US-1959,26001,Alcona,26
US-1960,41033,Josephine,41
US-1961,48209,Hays,48
US-1962,45059,Laurens,45
US-1963,45063,Lexington,45
US-1964,45045,Greenville,45
US-1965,45077,Pickens,45
US-1966,51041,Chesterfield,51
US-1967,48251,Johnson,48
US-1968,26129,Ogemaw,26
US-1969,26065,Ingham,26
US-1970,18039,Elkhart,18
US-1971,55027,Dodge,55
US-1972,20099,Labette,20
US-1973,55001,Adams,55
US-1974,26067,Ionia,26
US-1975,18151,Steuben,18
US-1976,55045,Green,55
US-1977,12091,Okaloosa,12
US-1978,04025,Yavapai,04
US-1979,18151,Steuben,18
US-1980,18151,Steuben,18
US-1981,18087,LaGrange,18
US-1982,18143,Scott,18
US-1983,18173,Warrick,18
US-1984,26161,Washtenaw,26
US-1985,30043,Jefferson,30
US-1986,39035,Cuyahoga,39
US-1987,39059,Guernsey,39
US-1990,04013,Maricopa,04
US-1991,04013,Maricopa,04
US-1994,04013,Maricopa,04
US-1995,04013,Maricopa,04
US-1999,01003,Baldwin,01
US-2000,01003,Baldwin,01
US-2001,46123,Tripp,46
US-2002,55021,Columbia,55
US-2003,48439,Tarrant,48
US-2004,08103,Rio Blanco,08
US-2009,40121,Pittsburg,40
US-2011,48265,Kerr,48
US-2012,48265,Kerr,48
US-2014,48061,Cameron,48
US-2015,48215,Hidalgo,48
US-2016,48215,Hidalgo,48
US-2017,35033,Mora,35
US-2018,41069,Wheeler,41
US-2022,51173,Smyth,51
US-2024,32005,Douglas,32
US-2037,18155,Switzerland,18
US-2038,12095,Orange,12
US-2039,36057,Montgomery,36
US-2040,06037,Los Angeles,06
US-2044,06037,Los Angeles,06
US-2045,06037,Los Angeles,06
US-2046,06037,Los Angeles,06
US-2048,04021,Pinal,04
US-2050,41017,Deschutes,41
US-2052,48439,Tarrant,48
US-2055,48031,Blanco,48
US-2057,48031,Blanco,48
US-2062,48439,Tarrant,48
US-2063,04019,Pima,04
US-2068,28041,Greene,28
US-2069,06103,Tehama,06
US-2070,06037,Los Angeles,06
US-2071,01129,Washington,01
US-2075,48037,Bowie,48
US-2077,01045,Dale,01
US-2078,04015,Mohave,04
US-2079,48061,Cameron,48
US-2086,48313,Madison,48
US-2092,27137,St. Louis,27
US-2098,06037,Los Angeles,06
US-20NJ,34023,Middlesex,34
US-2102,06037,Los Angeles,06
US-2103,06037,Los Angeles,06
US-2105,06071,San Bernardino,06
US-2108,06027,Inyo,06
US-2109,06027,Inyo,06
US-2110,06027,Inyo,06
US-2111,06027,Inyo,06
US-2112,06027,Inyo,06
US-2113,06027,Inyo,06
US-2114,06027,Inyo,06
US-2115,06027,Inyo,06
US-2116,06107,Tulare,06
US-2117,06029,Kern,06
US-2119,06027,Inyo,06
US-2120,06027,Inyo,06
US-2121,06027,Inyo,06
US-2122,06071,San Bernardino,06
US-2123,04015,Mohave,04
US-2124,04005,Coconino,04
US-2129,06037,Los Angeles,06
US-2130,06037,Los Angeles,06
US-2131,06037,Los Angeles,06
US-2132,06037,Los Angeles,06
US-2135,32007,Elko,32
US-2136,32033,White Pine,32
US-2137,49023,Juab,49
US-2138,32033,White Pine,32
US-2139,32033,White Pine,32
US-2141,32017,Lincoln,32
US-2147,15009,Maui,15
US-2148,15009,Maui,15
US-2149,15009,Maui,15
US-2160,48013,Atascosa,48
US-2161,48127,Dimmit,48
US-2168,06065,Riverside,06
US-2169,48249,Jim Wells,48
US-2170,06073,San Diego,06
US-2179,02275,Wrangell,02
US-2180,48109,Culberson,48
US-2184,48319,Mason,48
US-2191,04027,Yuma,04
US-2193,04027,Yuma,04
US-2195,04025,Yavapai,04
US-2196,04007,Gila,04
US-2197,12086,Miami-Dade,12
US-2200,06059,Orange,06
US-2207,48039,Brazoria,48
US-2208,48039,Brazoria,48
US-2211,48137,Edwards,48
US-2216,48267,Kimble,48
US-2245,32019,Lyon,32
US-2246,32019,Lyon,32
US-2247,32005,Douglas,32
US-2248,32005,Douglas,32
US-2249,32005,Douglas,32
US-2250,32005,Douglas,32
US-2276,48137,Edwards,48
US-2290,04021,Pinal,04
US-2324,01065,Hale,01
US-2325,13095,Dougherty,13
US-2328,06071,San Bernardino,06
US-2336,35013,Doña Ana,35
US-2347,06053,Monterey,06
US-2349,12063,Jackson,12
US-2350,41061,Union,41
US-2353,12053,Hernando,12
US-2358,53025,Grant,53
US-2360,53027,Grays Harbor,53
US-2378,53073,Whatcom,53
US-2386,48401,Rusk,48
US-2391,20079,Harvey,20
US-2402,06073,San Diego,06
US-2404,06111,Ventura,06
US-2409,06011,Colusa,06
US-2410,06011,Colusa,06
US-2415,06037,Los Angeles,06
US-2417,06071,San Bernardino,06
US-2420,12055,Highlands,12
US-2421,53041,Lewis,53
US-2422,08103,Rio Blanco,08
US-2423,02170,Matanuska-Susitna,02
US-2424,04013,Maricopa,04
US-2425,12043,Glades,12
US-2426,19121,Madison,19
US-2427,04019,Pima,04
US-2429,04019,Pima,04
US-2432,41017,Deschutes,41
US-2433,41013,Crook,41
US-2434,30029,Flathead,30
US-2435,22029,Concordia,22
US-2438,48057,Calhoun,48
US-2445,48271,Kinney,48
US-2446,48271,Kinney,48
US-2451,48323,Maverick,48
US-2452,48323,Maverick,48
US-2454,48323,Maverick,48
US-2455,48323,Maverick,48
US-2456,04003,Cochise,04
US-2457,12087,Monroe,12
US-2458,12087,Monroe,12
US-2459,12087,Monroe,12
US-2460,48427,Starr,48
US-2461,35029,Luna,35
US-2464,04027,Yuma,04
US-2465,48377,Presidio,48
US-2466,06029,Kern,06
US-2467,06107,Tulare,06
US-2468,06029,Kern,06
US-2469,06029,Kern,06
US-2470,06029,Kern,06
US-2471,48271,Kinney,48
US-2476,48271,Kinney,48
US-2478,48271,Kinney,48
US-2479,48271,Kinney,48
US-2482,48465,Val Verde,48
US-2484,48465,Val Verde,48
US-2486,48465,Val Verde,48
US-2487,48465,Val Verde,48
US-2488,48465,Val Verde,48
US-2489,48465,Val Verde,48
US-2490,48465,Val Verde,48
US-2493,48271,Kinney,48
US-2494,48271,Kinney,48
US-2496,48027,Bell,48
US-2500,15007,Kauai,15
US-2502,15007,Kauai,15
US-2509,48209,Hays,48
US-2510,19137,Montgomery,19
US-2511,18105,Monroe,18
US-2512,55027,Dodge,55
US-2513,12071,Lee,12
US-2514,53067,Thurston,53
US-2515,48167,Galveston,48
US-2518,04003,Cochise,04
US-2519,04003,Cochise,04
US-2520,04003,Cochise,04
US-2522,04003,Cochise,04
US-2526,13153,Houston,13
US-2527,48019,Bandera,48
US-2528,48019,Bandera,48
US-2529,13117,Forsyth,13
US-2537,48385,Real,48
US-2538,13121,Fulton,13
US-2539,48019,Bandera,48
US-2541,34007,Camden,34
US-2542,48355,Nueces,48
US-2543,48499,Wood,48
US-2544,27021,Cass,27
US-2545,20001,Allen,20
US-2546,20159,Rice,20
US-2547,53073,Whatcom,53
US-2548,06037,Los Angeles,06
US-2549,08123,Weld,08
US-2550,27171,Wright,27
US-2551,29041,Chariton,29
US-2552,06073,San Diego,06
US-2558,35023,Hidalgo,35
US-2559,04003,Cochise,04
US-2560,04023,Santa Cruz,04
US-2561,04023,Santa Cruz,04
US-2562,04019,Pima,04
US-2563,04019,Pima,04
US-2564,04019,Pima,04
US-2565,04019,Pima,04
US-2566,45025,Chesterfield,45
US-2568,06073,San Diego,06
US-2569,06073,San Diego,06
US-2570,06073,San Diego,06
US-2571,45083,Spartanburg,45
US-2572,48473,Waller,48
US-2573,48431,Sterling,48
US-2574,48231,Hunt,48
US-2575,48097,Cooke,48
US-2576,48493,Wilson,48
US-2577,36119,Westchester,36
US-2578,48029,Bexar,48
US-2579,26023,Branch,26
US-2580,06037,Los Angeles,06
US-2581,06037,Los Angeles,06
US-2582,06037,Los Angeles,06
US-2583,06037,Los Angeles,06
US-2584,06037,Los Angeles,06
US-2585,06037,Los Angeles,06
US-2586,06037,Los Angeles,06
US-2587,06037,Los Angeles,06
US-2588,06037,Los Angeles,06
US-2589,06037,Los Angeles,06
US-2590,06037,Los Angeles,06
US-2591,06037,Los Angeles,06
US-2592,06037,Los Angeles,06
US-2593,06037,Los Angeles,06
US-2594,06037,Los Angeles,06
US-2595,06037,Los Angeles,06
US-2596,06037,Los Angeles,06
US-2597,06037,Los Angeles,06
US-2598,06037,Los Angeles,06
US-2599,06037,Los Angeles,06
US-2600,06037,Los Angeles,06
US-2601,06037,Los Angeles,06
US-2602,06037,Los Angeles,06
US-2603,06037,Los Angeles,06
US-2604,06037,Los Angeles,06
US-2605,06037,Los Angeles,06
US-2606,06037,Los Angeles,06
US-2607,06037,Los Angeles,06
US-2608,06037,Los Angeles,06
US-2609,06037,Los Angeles,06
US-2610,06037,Los Angeles,06
US-2611,06037,Los Angeles,06
US-2612,06037,Los Angeles,06
US-2613,06037,Los Angeles,06
US-2614,06037,Los Angeles,06
US-2615,06037,Los Angeles,06
US-2616,06037,Los Angeles,06
US-2617,06037,Los Angeles,06
US-2618,06037,Los Angeles,06
US-2619,06037,Los Angeles,06
US-2620,06037,Los Angeles,06
US-2621,06037,Los Angeles,06
US-2622,06037,Los Angeles,06
US-2623,06037,Los Angeles,06
US-2624,06037,Los Angeles,06
US-2625,06037,Los Angeles,06
US-2626,06037,Los Angeles,06
US-2627,06037,Los Angeles,06
US-2628,06037,Los Angeles,06
US-2629,06037,Los Angeles,06
US-2630,06037,Los Angeles,06
US-2631,06037,Los Angeles,06
US-2632,06037,Los Angeles,06
US-2633,06037,Los Angeles,06
US-2634,06037,Los Angeles,06
US-2635,06037,Los Angeles,06
US-2636,06037,Los Angeles,06
US-2637,06037,Los Angeles,06
US-2639,06037,Los Angeles,06
US-2640,06037,Los Angeles,06
US-2641,12095,Orange,12
US-2648,04025,Yavapai,04
US-2649,06073,San Diego,06
US-2650,06073,San Diego,06
US-2659,04015,Mohave,04
US-2660,04015,Mohave,04
US-2662,35023,Hidalgo,35
US-2663,35023,Hidalgo,35
US-2665,35023,Hidalgo,35
US-2669,04003,Cochise,04
US-2670,04003,Cochise,04
US-2671,04003,Cochise,04
US-2672,04003,Cochise,04
US-2674,04003,Cochise,04
US-2676,23005,Cumberland,23
US-2677,23015,Lincoln,23
US-2678,15009,Maui,15
US-2679,15009,Maui,15
US-2680,15009,Maui,15
US-2681,15009,Maui,15
US-2682,15009,Maui,15
US-2684,15009,Maui,15
US-2685,06073,San Diego,06
US-2686,06073,San Diego,06
US-2687,06073,San Diego,06
US-2688,06073,San Diego,06
US-2689,06073,San Diego,06
US-2690,06073,San Diego,06
US-2691,06073,San Diego,06
US-2697,06073,San Diego,06
US-2698,06073,San Diego,06
US-2699,06073,San Diego,06
US-2700,06073,San Diego,06
US-2701,06073,San Diego,06
US-2702,06073,San Diego,06
US-2703,06073,San Diego,06
US-2704,06073,San Diego,06
US-2705,06073,San Diego,06
US-2706,06073,San Diego,06
US-2707,06073,San Diego,06
US-2708,06073,San Diego,06
US-2709,06073,San Diego,06
US-2710,06073,San Diego,06
US-2711,06073,San Diego,06
US-2718,06037,Los Angeles,06
US-2719,06037,Los Angeles,06
US-2720,06037,Los Angeles,06
US-2721,06037,Los Angeles,06
US-2722,06037,Los Angeles,06
US-2723,06037,Los Angeles,06
US-2724,06037,Los Angeles,06
US-2725,06037,Los Angeles,06
US-2726,06037,Los Angeles,06
US-2727,06037,Los Angeles,06
US-2728,06037,Los Angeles,06
US-2729,06037,Los Angeles,06
US-2730,06037,Los Angeles,06
US-2731,06037,Los Angeles,06
US-2732,06037,Los Angeles,06
US-2733,06037,Los Angeles,06
US-2734,06037,Los Angeles,06
US-2735,06037,Los Angeles,06
US-2736,06037,Los Angeles,06
US-2737,06037,Los Angeles,06
US-2738,06037,Los Angeles,06
US-2739,06037,Los Angeles,06
US-2741,06037,Los Angeles,06
US-2743,06037,Los Angeles,06
US-2744,06037,Los Angeles,06
US-2745,06037,Los Angeles,06
US-2746,06037,Los Angeles,06
US-2747,06111,Ventura,06
US-2748,06083,Santa Barbara,06
US-2762,06079,San Luis Obispo,06
US-2768,06053,Monterey,06
US-2772,06075,San Francisco,06
US-2776,06085,Santa Clara,06
US-2783,06001,Alameda,06
US-2800,04009,Graham,04
US-2811,06041,Marin,06
US-2817,06097,Sonoma,06
US-2818,06045,Mendocino,06
US-2820,06023,Humboldt,06
US-2822,41057,Tillamook,41
US-2823,41007,Clatsop,41
US-2824,41007,Clatsop,41
US-2826,53049,Pacific,53
US-2828,53027,Grays Harbor,53
US-2831,53031,Jefferson,53
US-2832,53045,Mason,53
US-2834,53035,Kitsap,53
US-2835,53035,Kitsap,53
US-2836,53035,Kitsap,53
US-2837,53061,Snohomish,53
US-2841,02110,Juneau,02
US-2842,02110,Juneau,02
US-2843,02110,Juneau,02
US-2844,02110,Juneau,02
US-2845,02110,Juneau,02
US-2846,02110,Juneau,02
US-2848,02282,Yakutat,02
US-2850,02261,Valdez-Cordova,02
US-2851,02261,Valdez-Cordova,02
US-2855,02122,Kenai Peninsula,02
US-2856,02122,Kenai Peninsula,02
US-2858,02122,Kenai Peninsula,02
US-2859,02122,Kenai Peninsula,02
US-2860,02122,Kenai Peninsula,02
US-2861,02122,Kenai Peninsula,02
US-2862,02122,Kenai Peninsula,02
US-2863,02122,Kenai Peninsula,02
US-2864,02122,Kenai Peninsula,02
US-2865,02122,Kenai Peninsula,02
US-2866,02122,Kenai Peninsula,02
US-2870,02122,Kenai Peninsula,02
US-2873,02122,Kenai Peninsula,02
US-2874,02122,Kenai Peninsula,02
US-2876,02122,Kenai Peninsula,02
US-2877,02122,Kenai Peninsula,02
US-2879,02122,Kenai Peninsula,02
US-2880,02122,Kenai Peninsula,02
US-2881,02122,Kenai Peninsula,02
US-2882,02122,Kenai Peninsula,02
US-2885,02122,Kenai Peninsula,02
US-2886,02122,Kenai Peninsula,02
US-2887,02020,Anchorage,02
US-2890,02170,Matanuska-Susitna,02
US-2891,02170,Matanuska-Susitna,02
US-2893,02170,Matanuska-Susitna,02
US-2894,02170,Matanuska-Susitna,02
US-2895,02170,Matanuska-Susitna,02
US-2896,02170,Matanuska-Susitna,02
US-2897,02170,Matanuska-Susitna,02
US-2899,02122,Kenai Peninsula,02
US-2901,02122,Kenai Peninsula,02
US-2902,02164,Lake and Peninsula,02
US-2903,02013,Aleutians East,02
US-2920,02122,Kenai Peninsula,02
US-2931,02261,Valdez-Cordova,02
US-2933,48053,Burnet,48
US-2940,04021,Pinal,04
US-2945,04021,Pinal,04
US-2949,06073,San Diego,06
US-2950,06073,San Diego,06
US-2951,06073,San Diego,06
US-2952,06073,San Diego,06
US-2953,06073,San Diego,06
US-2955,04025,Yavapai,04
US-2956,06037,Los Angeles,06
US-2962,48413,Schleicher,48
US-2977,48327,Menard,48
US-2978,49017,Garfield,49
US-2979,49055,Wayne,49
US-2980,49055,Wayne,49
US-2981,49055,Wayne,49
US-2982,49015,Emery,49
US-2983,49055,Wayne,49
US-2984,22113,Vermilion,22
US-2986,06037,Los Angeles,06
US-2987,48285,Lavaca,48
US-2988,04015,Mohave,04
US-2989,04015,Mohave,04
US-2993,48053,Burnet,48
US-2995,48497,Wise,48
US-2FA7,12109,St. Johns,12
US-3004,48291,Liberty,48
US-3007,48131,Duval,48
US-3018,48201,Harris,48
US-3019,48051,Burleson,48
US-3022,48479,Webb,48
US-3023,48077,Clay,48
US-3025,30027,Fergus,30
US-3026,30027,Fergus,30
US-3027,20007,Barber,20
US-3040,02185,North Slope,02
US-3041,02185,North Slope,02
US-3043,48497,Wise,48
US-3044,48347,Nacogdoches,48
US-3045,48381,Randall,48
US-3046,48349,Navarro,48
US-3047,21037,Campbell,21
US-3052,48171,Gillespie,48
US-3053,20041,Dickinson,20
US-3057,06037,Los Angeles,06
US-3061,06037,Los Angeles,06
US-3065,06031,Kings,06
US-3072,04027,Yuma,04
US-3073,04027,Yuma,04
US-3080,48091,Comal,48
US-3082,48215,Hidalgo,48
US-3083,48113,Dallas,48
US-3084,48215,Hidalgo,48
US-3086,48127,Dimmit,48
US-3089,48507,Zavala,48
US-3092,48409,San Patricio,48
US-3093,48037,Bowie,48
US-3100,34029,Ocean,34
US-3101,53061,Snohomish,53
US-3102,06071,San Bernardino,06
US-3103,06103,Tehama,06
US-3104,06085,Santa Clara,06
US-3105,06065,Riverside,06
US-3106,06023,Humboldt,06
US-3107,06093,Siskiyou,06
US-3108,06045,Mendocino,06
US-3109,06033,Lake,06
US-3110,06035,Lassen,06
US-3111,06069,San Benito,06
US-3113,06069,San Benito,06
US-3116,06065,Riverside,06
US-3118,04012,La Paz,04
US-3121,04012,La Paz,04
US-3124,06071,San Bernardino,06
US-3125,04015,Mohave,04
US-3127,32003,Clark,32
US-3128,32003,Clark,32
US-3129,32003,Clark,32
US-3131,32003,Clark,32
US-3135,49037,San Juan,49
US-3136,53077,Yakima,53
US-3141,51127,New Kent,51
US-3142,08101,Pueblo,08
US-3143,19161,Sac,19
US-3146,53025,Grant,53
US-3148,48141,El Paso,48
US-3149,53065,Stevens,53
US-3150,48201,Harris,48
US-3151,49021,Iron,49
US-3152,49043,Summit,49
US-3153,55081,Monroe,55
US-3155,06005,Amador,06
US-3156,06073,San Diego,06
US-3161,48201,Harris,48
US-3162,48015,Austin,48
US-3163,02090,Fairbanks North Star,02
US-3164,06037,Los Angeles,06
US-3165,06037,Los Angeles,06
US-3166,06037,Los Angeles,06
US-3169,06059,Orange,06
US-3171,48201,Harris,48
US-3175,48201,Harris,48
US-3176,48201,Harris,48
US-3177,48061,Cameron,48
US-3178,48113,Dallas,48
US-3179,48439,Tarrant,48
US-3190,48029,Bexar,48
US-3193,48439,Tarrant,48
US-3194,40027,Cleveland,40
US-3199,15003,Honolulu,15
US-3200,15003,Honolulu,15
US-3201,15003,Honolulu,15
US-3202,15001,Hawaii,15
US-3208,04005,Coconino,04
US-3209,06037,Los Angeles,06
US-3212,48045,Briscoe,48
US-3214,48045,Briscoe,48
US-3216,29510,St. Louis,29
US-3217,29510,St. Louis,29
US-3222,29510,St. Louis,29
US-3224,12097,Osceola,12
US-3227,29510,St. Louis,29
US-3228,35039,Rio Arriba,35
US-3229,48377,Presidio,48
US-3230,32031,Washoe,32
US-3231,48239,Jackson,48
US-3234,42009,Bedford,42
US-3238,22025,Catahoula,22
US-3241,22069,Natchitoches,22
US-3243,22043,Grant,22
US-3244,22043,Grant,22
US-3246,48311,McMullen,48
US-3247,05091,Miller,05
US-3250,48181,Grayson,48
US-3253,32019,Lyon,32
US-3254,32005,Douglas,32
US-3257,48381,Randall,48
US-3261,23021,Piscataquis,23
US-3262,06065,Riverside,06
US-3263,48167,Galveston,48
US-3264,48167,Galveston,48
US-3265,48013,Atascosa,48
US-3267,48311,McMullen,48
US-3268,21151,Madison,21
US-3269,37033,Caswell,37
US-3270,26029,Charlevoix,26
US-3271,12086,Miami-Dade,12
US-3272,12087,Monroe,12
US-3273,12087,Monroe,12
US-3274,26091,Lenawee,26
US-3275,27137,St. Louis,27
US-3276,27139,Scott,27
US-3277,26163,Wayne,26
US-3278,26155,Shiawassee,26
US-3279,53009,Clallam,53
US-3280,27137,St. Louis,27
US-3281,41005,Clackamas,41
US-3282,41043,Linn,41
US-3283,47157,Shelby,47
US-3284,48439,Tarrant,48
US-3286,39153,Summit,39
US-3287,48029,Bexar,48
US-3288,48029,Bexar,48
US-3295,35043,Sandoval,35
US-3299,35001,Bernalillo,35
US-3300,12086,Miami-Dade,12
US-3301,06037,Los Angeles,06
US-3302,06037,Los Angeles,06
US-3303,06037,Los Angeles,06
US-3304,51003,Albemarle,51
US-3306,12086,Miami-Dade,12
US-3307,12086,Miami-Dade,12
US-3308,02122,Kenai Peninsula,02
US-3309,12086,Miami-Dade,12
US-3310,12111,St. Lucie,12
US-3311,04013,Maricopa,04
US-3312,04007,Gila,04
US-3313,04013,Maricopa,04
US-3314,04013,Maricopa,04
US-3315,04013,Maricopa,04
US-3316,04013,Maricopa,04
US-3317,04013,Maricopa,04
US-3318,12111,St. Lucie,12
US-3319,12009,Brevard,12
US-3320,06037,Los Angeles,06
US-3321,48259,Kendall,48
US-3322,35003,Catron,35
US-3324,04017,Navajo,04
US-3325,35003,Catron,35
US-3326,35003,Catron,35
US-3327,35003,Catron,35
US-3328,04007,Gila,04
US-3330,04013,Maricopa,04
US-3331,04007,Gila,04
US-3334,04013,Maricopa,04
US-3338,06037,Los Angeles,06
US-3340,02164,Lake and Peninsula,02
US-3342,02164,Lake and Peninsula,02
US-3343,02164,Lake and Peninsula,02
US-3344,48239,Jackson,48
US-3345,48201,Harris,48
US-3346,48481,Wharton,48
US-3347,12086,Miami-Dade,12
US-3348,02164,Lake and Peninsula,02
US-3350,48491,Williamson,48
US-3351,04003,Cochise,04
US-3352,06037,Los Angeles,06
US-3353,48053,Burnet,48
US-3354,06037,Los Angeles,06
US-3355,06037,Los Angeles,06
US-3356,06037,Los Angeles,06
US-3357,06037,Los Angeles,06
US-3358,06037,Los Angeles,06
US-3359,06037,Los Angeles,06
US-3360,12069,Lake,12
US-3361,04003,Cochise,04
US-3362,06071,San Bernardino,06
US-3364,48333,Mills,48
US-3365,48371,Pecos,48
US-3366,06059,Orange,06
US-3378,06073,San Diego,06
US-3379,06073,San Diego,06
US-3380,06073,San Diego,06
US-3381,06073,San Diego,06
US-3382,06073,San Diego,06
US-3383,06073,San Diego,06
US-3384,06073,San Diego,06
US-3386,12086,Miami-Dade,12
US-3387,42107,Schuylkill,42
US-3388,29105,Laclede,29
US-3389,19107,Keokuk,19
US-3390,19119,Lyon,19
US-3391,41013,Crook,41
US-3393,42103,Pike,42
US-3394,48185,Grimes,48
US-3395,06001,Alameda,06
US-3396,16085,Valley,16
US-3398,16085,Valley,16
US-3399,16085,Valley,16
US-3400,16085,Valley,16
US-3401,16085,Valley,16
US-3402,49015,Emery,49
US-3403,49015,Emery,49
US-3404,23013,Knox,23
US-3405,30029,Flathead,30
US-3406,30029,Flathead,30
US-3407,30067,Park,30
US-3408,37121,Mitchell,37
US-3409,45073,Oconee,45
US-3410,53041,Lewis,53
US-3411,16085,Valley,16
US-3412,16049,Idaho,16
US-3413,56039,Teton,56
US-3414,56039,Teton,56
US-3415,46029,Codington,46
US-3416,48039,Brazoria,48
US-3426,48247,Jim Hogg,48
US-3427,48427,Starr,48
US-3433,06037,Los Angeles,06
US-3434,53033,King,53
US-3435,53057,Skagit,53
US-3436,48453,Travis,48
US-3437,48209,Hays,48
US-3438,48307,McCulloch,48
US-3439,35051,Sierra,35
US-3440,48281,Lampasas,48
US-3441,48193,Hamilton,48
US-3442,12105,Polk,12
US-3443,48303,Lubbock,48
US-3444,48017,Bailey,48
US-3453,06037,Los Angeles,06
US-3456,06071,San Bernardino,06
US-3457,48019,Bandera,48
US-3461,49053,Washington,49
US-3462,48459,Upshur,48
US-3463,48435,Sutton,48
US-3464,48435,Sutton,48
US-3466,48371,Pecos,48
US-3470,48243,Jeff Davis,48
US-3471,48109,Culberson,48
US-3480,35017,Grant,35
US-3481,35017,Grant,35
US-3482,35017,Grant,35
US-3484,04007,Gila,04
US-3492,06073,San Diego,06
US-3493,06073,San Diego,06
US-3501,06073,San Diego,06
US-3502,06073,San Diego,06
US-3503,06073,San Diego,06
US-3505,35045,San Juan,35
US-3511,04021,Pinal,04
US-3514,04021,Pinal,04
US-3518,04013,Maricopa,04
US-3521,02170,Matanuska-Susitna,02
US-3522,02170,Matanuska-Susitna,02
US-3523,02170,Matanuska-Susitna,02
US-3524,02170,Matanuska-Susitna,02
US-3525,48201,Harris,48
US-3535,06059,Orange,06
US-3536,06059,Orange,06
US-3537,06059,Orange,06
US-3538,06059,Orange,06
US-3539,06059,Orange,06
US-3540,06059,Orange,06
US-3565,48453,Travis,48
US-3566,36111,Ulster,36
US-3571,48453,Travis,48
US-3573,06071,San Bernardino,06
US-3574,06071,San Bernardino,06
US-3575,06071,San Bernardino,06
US-3577,06019,Fresno,06
US-3578,06031,Kings,06
US-3579,06031,Kings,06
US-3584,32017,Lincoln,32
US-3589,06071,San Bernardino,06
US-3597,30035,Glacier,30
US-3600,06073,San Diego,06
US-3601,06073,San Diego,06
US-3604,41043,Linn,41
US-3615,53057,Skagit,53
US-3616,04013,Maricopa,04
US-3617,04013,Maricopa,04
US-3629,35001,Bernalillo,35
US-3630,06059,Orange,06
US-3634,32019,Lyon,32
US-3637,06091,Sierra,06
US-3655,48259,Kendall,48
US-3658,06083,Santa Barbara,06
US-3673,06111,Ventura,06
US-3677,35023,Hidalgo,35
US-3679,16049,Idaho,16
US-3681,16049,Idaho,16
US-3682,16059,Lemhi,16
US-3685,48049,Brown,48
US-3686,48049,Brown,48
US-3687,48127,Dimmit,48
US-3688,48465,Val Verde,48
US-3689,28001,Adams,28
US-3690,48149,Fayette,48
US-3691,48053,Burnet,48
US-3693,48081,Coke,48
US-3694,49017,Garfield,49
US-36WA,53039,Klickitat,53
US-3704,48479,Webb,48
US-3706,23019,Penobscot,23
US-3710,32019,Lyon,32
US-3715,06071,San Bernardino,06
US-3716,06071,San Bernardino,06
US-3719,39117,Morrow,39
US-3720,12131,Walton,12
US-3723,12131,Walton,12
US-3730,04013,Maricopa,04
US-3731,04013,Maricopa,04
US-3738,04015,Mohave,04
US-3739,04015,Mohave,04
US-3741,04019,Pima,04
US-3744,48283,La Salle,48
US-3745,56039,Teton,56
US-3746,56039,Teton,56
US-3747,30057,Madison,30
US-3749,04012,La Paz,04
US-3751,04012,La Paz,04
US-3752,04012,La Paz,04
US-3753,48325,Medina,48
US-3756,04021,Pinal,04
US-3757,04021,Pinal,04
US-3759,04013,Maricopa,04
US-3760,04021,Pinal,04
US-3761,53057,Skagit,53
US-3762,32003,Clark,32
US-3766,06037,Los Angeles,06
US-3767,06037,Los Angeles,06
US-3768,06037,Los Angeles,06
US-3769,06037,Los Angeles,06
US-3770,48325,Medina,48
US-3772,48157,Fort Bend,48
US-3773,48245,Jefferson,48
US-3774,21067,Fayette,21
US-3775,28047,Harrison,28
US-3776,28059,Jackson,28
US-3779,21059,Daviess,21
US-3780,04001,Apache,04
US-3781,41039,Lane,41
US-3782,29101,Johnson,29
US-3783,20159,Rice,20
US-3784,21037,Campbell,21
US-3785,22109,Terrebonne,22
US-3786,26021,Berrien,26
US-3787,40005,Atoka,40
US-3788,51145,Powhatan,51
US-3796,04019,Pima,04
US-3797,04009,Graham,04
US-3798,04009,Graham,04
US-3800,15009,Maui,15
US-3804,35053,Socorro,35
US-3806,48479,Webb,48
US-3809,56039,Teton,56
US-3812,16063,Lincoln,16
US-3813,16079,Shoshone,16
US-3814,16063,Lincoln,16
US-3817,26115,Monroe,26
US-3823,48153,Floyd,48
US-3826,32003,Clark,32
US-3831,29173,Ralls,29
US-3834,48309,McLennan,48
US-3837,12086,Miami-Dade,12
US-3845,53055,San Juan,53
US-3850,06065,Riverside,06
US-3851,06029,Kern,06
US-3852,06029,Kern,06
US-3854,40037,Creek,40
US-3857,36027,Dutchess,36
US-3859,48127,Dimmit,48
US-3860,48323,Maverick,48
US-3866,04012,La Paz,04
US-3867,04009,Graham,04
US-3868,04025,Yavapai,04
US-3869,04025,Yavapai,04
US-3870,04025,Yavapai,04
US-3871,04015,Mohave,04
US-3872,04013,Maricopa,04
US-3873,04013,Maricopa,04
US-3876,48019,Bandera,48
US-3877,48385,Real,48
US-3878,48067,Cass,48
US-3879,48183,Gregg,48
US-3880,48343,Morris,48
US-3883,08013,Boulder,08
US-3884,56021,Laramie,56
US-3886,48157,Fort Bend,48
US-3888,48371,Pecos,48
US-3892,40109,Oklahoma,40
US-3893,40109,Oklahoma,40
US-3895,04003,Cochise,04
US-3896,04003,Cochise,04
US-3899,08045,Garfield,08
US-3904,06067,Sacramento,06
US-3905,12011,Broward,12
US-3906,12099,Palm Beach,12
US-3908,04007,Gila,04
US-3909,04009,Graham,04
US-3910,06071,San Bernardino,06
US-3911,48141,El Paso,48
US-3912,27053,Hennepin,27
US-3913,17031,Cook,17
US-3914,48291,Liberty,48
US-3915,06061,Placer,06
US-3916,35001,Bernalillo,35
US-3917,41009,Columbia,41
US-3918,12086,Miami-Dade,12
US-3919,12099,Palm Beach,12
US-3920,12095,Orange,12
US-3921,12053,Hernando,12
US-3925,06079,San Luis Obispo,06
US-3930,06029,Kern,06
US-3931,49025,Kane,49
US-3935,35019,Guadalupe,35
US-3936,35041,Roosevelt,35
US-3937,22047,Iberville,22
US-3938,06037,Los Angeles,06
US-3939,06071,San Bernardino,06
US-3945,08041,El Paso,08
US-3948,48029,Bexar,48
US-3949,48361,Orange,48
US-3950,22033,East Baton Rouge,22
US-3955,01097,Mobile,01
US-3956,01097,Mobile,01
US-3958,12019,Clay,12
US-3961,48479,Webb,48
US-3962,48283,La Salle,48
US-3963,48283,La Salle,48
US-3964,36059,Nassau,36
US-3967,04012,La Paz,04
US-3968,04007,Gila,04
US-3969,04012,La Paz,04
US-3970,04025,Yavapai,04
US-3971,04012,La Paz,04
US-3972,04013,Maricopa,04
US-3974,06029,Kern,06
US-3977,04013,Maricopa,04
US-3978,06107,Tulare,06
US-3979,06103,Tehama,06
US-3980,06023,Humboldt,06
US-3982,06009,Calaveras,06
US-3984,06049,Modoc,06
US-3986,06035,Lassen,06
US-3989,22001,Acadia,22
US-3990,22099,St. Martin,22
US-3991,22099,St. Martin,22
US-3992,22099,St. Martin,22
US-3995,06113,Yolo,06
US-3998,04003,Cochise,04
US-3999,04013,Maricopa,04
US-3T9,48377,Presidio,48
US-4000,04013,Maricopa,04
US-4001,04013,Maricopa,04
US-4004,26093,Livingston,26
US-4005,06093,Siskiyou,06
US-4006,06069,San Benito,06
US-4007,06011,Colusa,06
US-4008,06085,Santa Clara,06
US-4009,06071,San Bernardino,06
US-4010,06031,Kings,06
US-4012,06111,Ventura,06
US-4014,06079,San Luis Obispo,06
US-4015,06021,Glenn,06
US-4016,06023,Humboldt,06
US-4017,06071,San Bernardino,06
US-4018,06109,Tuolumne,06
US-4019,06049,Modoc,06
US-4020,06071,San Bernardino,06
US-4021,06023,Humboldt,06
US-4022,06049,Modoc,06
US-4023,08077,Mesa,08
US-4024,08077,Mesa,08
US-4025,08109,Saguache,08
US-4026,08109,Saguache,08
US-4027,16073,Owyhee,16
US-4028,16073,Owyhee,16
US-4029,16049,Idaho,16
US-4030,16059,Lemhi,16
US-4032,16059,Lemhi,16
US-4033,16049,Idaho,16
US-4034,16049,Idaho,16
US-4035,16049,Idaho,16
US-4036,16049,Idaho,16
US-4037,16049,Idaho,16
US-4038,16049,Idaho,16
US-4039,16049,Idaho,16
US-4040,16073,Owyhee,16
US-4041,16049,Idaho,16
US-4042,16057,Latah,16
US-4043,16069,Nez Perce,16
US-4044,16049,Idaho,16
US-4046,16057,Latah,16
US-4047,16049,Idaho,16
US-4048,16039,Elmore,16
US-4049,16003,Adams,16
US-4050,16059,Lemhi,16
US-4051,16055,Kootenai,16
US-4052,25027,Worcester,25
US-4053,16059,Lemhi,16
US-4054,16073,Owyhee,16
US-4055,16049,Idaho,16
US-4056,16049,Idaho,16
US-4057,16049,Idaho,16
US-4058,16049,Idaho,16
US-4059,16049,Idaho,16
US-4060,16049,Idaho,16
US-4061,16073,Owyhee,16
US-4062,16049,Idaho,16
US-4063,16073,Owyhee,16
US-4064,16073,Owyhee,16
US-4065,16059,Lemhi,16
US-4066,16085,Valley,16
US-4067,16085,Valley,16
US-4068,16085,Valley,16
US-4069,16059,Lemhi,16
US-4073,30067,Park,30
US-4074,30005,Blaine,30
US-4075,30005,Blaine,30
US-4077,30059,Meagher,30
US-4079,32027,Pershing,32
US-4081,32009,Esmeralda,32
US-4082,32007,Elko,32
US-4083,32007,Elko,32
US-4084,32007,Elko,32
US-4085,32009,Esmeralda,32
US-4086,32009,Esmeralda,32
US-4089,32007,Elko,32
US-4090,32013,Humboldt,32
US-4091,32027,Pershing,32
US-4092,32027,Pershing,32
US-4095,32007,Elko,32
US-4096,32023,Nye,32
US-4097,32013,Humboldt,32
US-4098,32019,Lyon,32
US-4099,32019,Lyon,32
US-4100,32019,Lyon,32
US-4101,32007,Elko,32
US-4102,32013,Humboldt,32
US-4103,32013,Humboldt,32
US-4105,32021,Mineral,32
US-4106,32005,Douglas,32
US-4107,32005,Douglas,32
US-4108,32005,Douglas,32
US-4109,32019,Lyon,32
US-4110,32019,Lyon,32
US-4113,34007,Camden,34
US-4114,34029,Ocean,34
US-4115,34029,Ocean,34
US-4116,34029,Ocean,34
US-4117,48245,Jefferson,48
US-4120,48339,Montgomery,48
US-4121,27163,Washington,27
US-4122,04012,La Paz,04
US-4123,04012,La Paz,04
US-4124,04015,Mohave,04
US-4125,08001,Adams,08
US-4126,56021,Laramie,56
US-4127,56021,Laramie,56
US-4129,04027,Yuma,04
US-4130,48217,Hill,48
US-4134,12091,Okaloosa,12
US-4135,06087,Santa Cruz,06
US-4137,06087,Santa Cruz,06
US-4138,06013,Contra Costa,06
US-4141,06053,Monterey,06
US-4145,48463,Uvalde,48
US-4146,42115,Susquehanna,42
US-4154,06071,San Bernardino,06
US-4157,48047,Brooks,48
US-4160,22047,Iberville,22
US-4163,48027,Bell,48
US-4164,48099,Coryell,48
US-4165,48099,Coryell,48
US-4166,48099,Coryell,48
US-4169,04019,Pima,04
US-4170,09005,Litchfield,09
US-4171,35061,Valencia,35
US-4172,32003,Clark,32
US-4174,04015,Mohave,04
US-4175,04015,Mohave,04
US-4176,04015,Mohave,04
US-4177,04015,Mohave,04
US-4179,49049,Utah,49
US-4181,04027,Yuma,04
US-4182,08035,Douglas,08
US-4184,56041,Uinta,56
US-4185,18003,Allen,18
US-4186,48245,Jefferson,48
US-4187,47177,Warren,47
US-4188,01051,Elmore,01
US-4189,37035,Catawba,37
US-4190,48453,Travis,48
US-4192,30057,Madison,30
US-4193,16019,Bonneville,16
US-4197,48137,Edwards,48
US-4198,48465,Val Verde,48
US-4200,48105,Crockett,48
US-4202,48465,Val Verde,48
US-4204,04015,Mohave,04
US-4207,48127,Dimmit,48
US-4212,48507,Zavala,48
US-4215,01003,Baldwin,01
US-4216,56025,Natrona,56
US-4217,06051,Mono,06
US-4218,26161,Washtenaw,26
US-4219,18137,Ripley,18
US-4220,06037,Los Angeles,06
US-4221,06037,Los Angeles,06
US-4222,06037,Los Angeles,06
US-4223,06037,Los Angeles,06
US-4224,06037,Los Angeles,06
US-4225,06037,Los Angeles,06
US-4226,06037,Los Angeles,06
US-4228,48147,Fannin,48
US-4230,20037,Crawford,20
US-4232,29111,Lewis,29
US-4233,48181,Grayson,48
US-4235,48339,Montgomery,48
US-4238,29009,Barry,29
US-4243,49055,Wayne,49
US-4244,06073,San Diego,06
US-4245,49055,Wayne,49
US-4246,49017,Garfield,49
US-4247,12133,Washington,12
US-4248,48465,Val Verde,48
US-4252,32019,Lyon,32
US-4254,32019,Lyon,32
US-4256,41019,Douglas,41
US-4257,06037,Los Angeles,06
US-4265,32019,Lyon,32
US-4269,32019,Lyon,32
US-4270,32019,Lyon,32
US-4271,32019,Lyon,32
US-4272,32001,Churchill,32
US-4274,04005,Coconino,04
US-4275,06037,Los Angeles,06
US-4276,06037,Los Angeles,06
US-4277,06037,Los Angeles,06
US-4278,06037,Los Angeles,06
US-4279,06037,Los Angeles,06
US-4280,06037,Los Angeles,06
US-4281,06037,Los Angeles,06
US-4282,06037,Los Angeles,06
US-4283,06037,Los Angeles,06
US-4284,06037,Los Angeles,06
US-4285,06037,Los Angeles,06
US-4286,06037,Los Angeles,06
US-4287,06037,Los Angeles,06
US-4288,06037,Los Angeles,06
US-4289,06037,Los Angeles,06
US-4290,06037,Los Angeles,06
US-4291,06037,Los Angeles,06
US-4292,06037,Los Angeles,06
US-4293,06037,Los Angeles,06
US-4296,06037,Los Angeles,06
US-4297,06037,Los Angeles,06
US-4298,06059,Orange,06
US-4301,12069,Lake,12
US-4304,22057,Lafourche,22
US-4305,21069,Fleming,21
US-4307,04015,Mohave,04
US-4315,01081,Lee,01
US-4316,04003,Cochise,04
US-4317,04003,Cochise,04
US-4319,06071,San Bernardino,06
US-4323,51153,Prince William,51
US-4324,48293,Limestone,48
US-4327,08069,Larimer,08
US-4328,19033,Cerro Gordo,19
US-4329,49053,Washington,49
US-4330,49057,Weber,49
US-4331,51187,Warren,51
US-4332,29027,Callaway,29
US-4333,29145,Newton,29
US-4334,29145,Newton,29
US-4341,29109,Lawrence,29
US-4345,51101,King William,51
US-4346,48333,Mills,48
US-4347,48057,Calhoun,48
US-4348,08003,Alamosa,08
US-4349,29510,St. Louis,29
US-4351,49045,Tooele,49
US-4352,26099,Macomb,26
US-4354,48291,Liberty,48
US-4356,48199,Hardin,48
US-4357,48049,Brown,48
US-4359,48083,Coleman,48
US-4360,48349,Navarro,48
US-4361,48327,Menard,48
US-4363,48073,Cherokee,48
US-4367,40009,Beckham,40
US-4368,51095,James City,51
US-4369,13277,Tift,13
US-4370,27049,Goodhue,27
US-4372,39015,Brown,39
US-4373,34007,Camden,34
US-4374,48313,Madison,48
US-4375,48225,Houston,48
US-4377,48047,Brooks,48
US-4378,48215,Hidalgo,48
US-4379,48029,Bexar,48
US-4380,48203,Harrison,48
US-4381,48411,San Saba,48
US-4382,48333,Mills,48
US-4383,48095,Concho,48
US-4390,48377,Presidio,48
US-4391,29145,Newton,29
US-4392,48073,Cherokee,48
US-4393,48383,Reagan,48
US-4394,48235,Irion,48
US-4396,17141,Ogle,17
US-4398,06073,San Diego,06
US-4399,08055,Huerfano,08
US-4400,08039,Elbert,08
US-4402,06079,San Luis Obispo,06
US-4403,06065,Riverside,06
US-4404,19135,Monroe,19
US-4405,06023,Humboldt,06
US-4406,22017,Caddo,22
US-4407,48073,Cherokee,48
US-4409,48047,Brooks,48
US-4411,48493,Wilson,48
US-4412,48493,Wilson,48
US-4413,48345,Motley,48
US-4416,48089,Colorado,48
US-4417,12011,Broward,12
US-4418,16017,Bonner,16
US-4419,29145,Newton,29
US-4420,29097,Jasper,29
US-4422,48491,Williamson,48
US-4423,06073,San Diego,06
US-4424,17183,Vermilion,17
US-4425,21017,Bourbon,21
US-4429,48265,Kerr,48
US-4430,26057,Gratiot,26
US-4432,04019,Pima,04
US-4433,30005,Blaine,30
US-4434,01003,Baldwin,01
US-4435,06073,San Diego,06
US-4436,22103,St. Tammany,22
US-4437,12057,Hillsborough,12
US-4440,12069,Lake,12
US-4441,48415,Scurry,48
US-4442,12053,Hernando,12
US-4443,12101,Pasco,12
US-4444,12095,Orange,12
US-4445,12083,Marion,12
US-4446,48143,Erath,48
US-4447,48005,Angelina,48
US-4448,48405,San Augustine,48
US-4449,48071,Chambers,48
US-4450,48071,Chambers,48
US-4451,48089,Colorado,48
US-4452,48089,Colorado,48
US-4453,48481,Wharton,48
US-4454,48137,Edwards,48
US-4455,48137,Edwards,48
US-4456,12101,Pasco,12
US-4457,48143,Erath,48
US-4460,48335,Mitchell,48
US-4461,27139,Scott,27
US-4462,27075,Lake,27
US-4463,21213,Simpson,21
US-4464,29055,Crawford,29
US-4465,48005,Angelina,48
US-4466,48057,Calhoun,48
US-4467,42021,Cambria,42
US-4468,35043,Sandoval,35
US-4469,48283,La Salle,48
US-4470,42069,Lackawanna,42
US-4471,48281,Lampasas,48
US-4472,48251,Johnson,48
US-4473,48439,Tarrant,48
US-4475,17203,Woodford,17
US-4476,16081,Teton,16
US-4477,13225,Peach,13
US-4481,48443,Terrell,48
US-4482,48443,Terrell,48
US-4485,18005,Bartholomew,18
US-4486,06029,Kern,06
US-4487,20063,Gove,20
US-4488,27049,Goodhue,27
US-4489,26145,Saginaw,26
US-4490,29161,Phelps,29
US-4491,29105,Laclede,29
US-4492,39017,Butler,39
US-4493,39057,Greene,39
US-4494,42121,Venango,42
US-4495,47181,Wayne,47
US-4496,41047,Marion,41
US-4497,40031,Comanche,40
US-4498,48085,Collin,48
US-4500,48113,Dallas,48
US-4501,06029,Kern,06
US-4502,06003,Alpine,06
US-4503,32005,Douglas,32
US-4504,26155,Shiawassee,26
US-4505,26147,St. Clair,26
US-4506,04013,Maricopa,04
US-4507,48147,Fannin,48
US-4508,40111,Okmulgee,40
US-4510,48465,Val Verde,48
US-4511,40109,Oklahoma,40
US-4513,40109,Oklahoma,40
US-4514,04019,Pima,04
US-4515,04007,Gila,04
US-4516,04011,Greenlee,04
US-4517,35039,Rio Arriba,35
US-4518,04011,Greenlee,04
US-4519,04007,Gila,04
US-4520,06101,Sutter,06
US-4521,56023,Lincoln,56
US-4522,04003,Cochise,04
US-4523,48201,Harris,48
US-4524,40131,Rogers,40
US-4525,04013,Maricopa,04
US-4526,06073,San Diego,06
US-4527,48443,Terrell,48
US-4528,48443,Terrell,48
US-4532,48477,Washington,48
US-4533,06059,Orange,06
US-4534,06037,Los Angeles,06
US-4537,48053,Burnet,48
US-4538,06037,Los Angeles,06
US-4539,48053,Burnet,48
US-4541,04009,Graham,04
US-4542,04009,Graham,04
US-4546,48003,Andrews,48
US-4548,04005,Coconino,04
US-4549,06073,San Diego,06
US-4550,48235,Irion,48
US-4552,12015,Charlotte,12
US-4554,20099,Labette,20
US-4555,48441,Taylor,48
US-4562,49037,San Juan,49
US-4565,48485,Wichita,48
US-4566,48487,Wilbarger,48
US-4571,04013,Maricopa,04
US-4572,01103,Morgan,01
US-4573,19065,Fayette,19
US-4574,19163,Scott,19
US-4575,18131,Pulaski,18
US-4576,29077,Greene,29
US-4577,37047,Columbus,37
US-4578,36055,Monroe,36
US-4579,48485,Wichita,48
US-4580,48453,Travis,48
US-4582,35009,Curry,35
US-4584,01003,Baldwin,01
US-4590,40131,Rogers,40
US-4591,40143,Tulsa,40
US-4592,40143,Tulsa,40
US-4594,06029,Kern,06
US-4595,36065,Oneida,36
US-4596,49043,Summit,49
US-4598,49051,Wasatch,49
US-4599,06089,Shasta,06
US-4601,04005,Coconino,04
US-4607,22071,Orleans,22
US-4615,56011,Crook,56
US-4616,56005,Campbell,56
US-4617,37025,Cabarrus,37
US-4618,47123,Monroe,47
US-4619,28151,Washington,28
US-4620,31041,Custer,31
US-4621,37047,Columbus,37
US-4626,56007,Carbon,56
US-4628,06029,Kern,06
US-4629,49007,Carbon,49
US-4630,06071,San Bernardino,06
US-4632,56025,Natrona,56
US-4635,48109,Culberson,48
US-4637,23001,Androscoggin,23
US-4639,48371,Pecos,48
US-4640,08041,El Paso,08
US-4644,06029,Kern,06
US-4645,49027,Millard,49
US-4647,13077,Coweta,13
US-4649,48319,Mason,48
US-4650,20173,Sedgwick,20
US-4659,48137,Edwards,48
US-4660,48229,Hudspeth,48
US-4662,35003,Catron,35
US-4667,48043,Brewster,48
US-4671,22039,Evangeline,22
US-4672,48389,Reeves,48
US-4673,49015,Emery,49
US-4674,49003,Box Elder,49
US-4675,49053,Washington,49
US-4676,49015,Emery,49
US-4677,49015,Emery,49
US-4678,49007,Carbon,49
US-4679,49007,Carbon,49
US-4680,49047,Uintah,49
US-4681,49047,Uintah,49
US-4682,49047,Uintah,49
US-4683,49019,Grand,49
US-4684,49019,Grand,49
US-4686,49019,Grand,49
US-4687,49015,Emery,49
US-4688,49015,Emery,49
US-4690,04015,Mohave,04
US-4691,49053,Washington,49
US-4693,32009,Esmeralda,32
US-4694,06027,Inyo,06
US-4698,06029,Kern,06
US-4700,27049,Goodhue,27
US-4704,06071,San Bernardino,06
US-4705,06071,San Bernardino,06
US-4710,04003,Cochise,04
US-4711,49003,Box Elder,49
US-4715,06065,Riverside,06
US-4716,06065,Riverside,06
US-4717,06065,Riverside,06
US-4722,06071,San Bernardino,06
US-4723,06071,San Bernardino,06
US-4725,04003,Cochise,04
US-4726,48465,Val Verde,48
US-4731,48439,Tarrant,48
US-4732,48371,Pecos,48
US-4733,48443,Terrell,48
US-4734,48443,Terrell,48
US-4735,48371,Pecos,48
US-4741,40137,Stephens,40
US-4742,48487,Wilbarger,48
US-4743,48487,Wilbarger,48
US-4744,47099,Lawrence,47
US-4745,39045,Fairfield,39
US-4746,13175,Laurens,13
US-4747,54067,Nicholas,54
US-4748,48139,Ellis,48
US-4749,39089,Licking,39
US-4750,21083,Graves,21
US-4751,21083,Graves,21
US-4752,13045,Carroll,13
US-4753,36121,Wyoming,36
US-4755,51001,Accomack,51
US-4756,51107,Loudoun,51
US-4757,48423,Smith,48
US-4758,48147,Fannin,48
US-4759,40031,Comanche,40
US-4760,06037,Los Angeles,06
US-4761,06037,Los Angeles,06
US-4764,56001,Albany,56
US-4765,08003,Alamosa,08
US-4766,19013,Black Hawk,19
US-4767,19155,Pottawattamie,19
US-4768,48089,Colorado,48
US-4769,06077,San Joaquin,06
US-4770,08077,Mesa,08
US-4771,08049,Grand,08
US-4773,48241,Jasper,48
US-4774,48417,Shackelford,48
US-4775,48403,Sabine,48
US-4778,13255,Spalding,13
US-4779,17099,LaSalle,17
US-4780,17031,Cook,17
US-4781,19167,Sioux,19
US-4782,17107,Logan,17
US-4784,18131,Pulaski,18
US-4785,22063,Livingston,22
US-4786,18123,Perry,18
US-4787,48201,Harris,48
US-4788,48039,Brazoria,48
US-4789,48157,Fort Bend,48
US-4790,48201,Harris,48
US-4792,48201,Harris,48
US-4794,48041,Brazos,48
US-4795,48319,Mason,48
US-4798,37119,Mecklenburg,37
US-4799,37119,Mecklenburg,37
US-4800,22115,Vernon,22
US-4801,22115,Vernon,22
US-4802,48373,Polk,48
US-4803,22019,Calcasieu,22
US-4804,22019,Calcasieu,22
US-4805,48245,Jefferson,48
US-4813,06037,Los Angeles,06
US-4814,06037,Los Angeles,06
US-4815,06037,Los Angeles,06
US-4816,06037,Los Angeles,06
US-4817,06037,Los Angeles,06
US-4820,26007,Alpena,26
US-4821,26121,Muskegon,26
US-4822,06037,Los Angeles,06
US-4823,06037,Los Angeles,06
US-4826,25007,Dukes,25
US-4827,39109,Miami,39
US-4828,04025,Yavapai,04
US-4835,04013,Maricopa,04
US-4836,12017,Citrus,12
US-4840,21099,Hart,21
US-4841,30069,Petroleum,30
US-4842,26077,Kalamazoo,26
US-4843,20103,Leavenworth,20
US-4844,12031,Duval,12
US-4846,26093,Livingston,26
US-4847,10005,Sussex,10
US-4848,29161,Phelps,29
US-4849,35029,Luna,35
US-4851,35003,Catron,35
US-4853,36117,Wayne,36
US-4856,48177,Gonzales,48
US-4857,26055,Grand Traverse,26
US-4858,47145,Roane,47
US-4861,51163,Rockbridge,51
US-4862,02090,Fairbanks North Star,02
US-4863,17063,Grundy,17
US-4864,20169,Saline,20
US-4865,17155,Putnam,17
US-4866,22071,Orleans,22
US-4867,17189,Washington,17
US-4869,21125,Laurel,21
US-4870,24043,Washington,24
US-4871,24510,Baltimore,24
US-4873,21151,Madison,21
US-4874,06037,Los Angeles,06
US-4875,48141,El Paso,48
US-4876,48435,Sutton,48
US-4877,48491,Williamson,48
US-4878,48229,Hudspeth,48
US-4879,40137,Stephens,40
US-4880,01057,Fayette,01
US-4881,47111,Macon,47
US-4882,29201,Scott,29
US-4883,29091,Howell,29
US-4884,47113,Madison,47
US-4885,29187,St. Francois,29
US-4886,17081,Jefferson,17
US-4887,05005,Baxter,05
US-4888,29055,Crawford,29
US-4889,21053,Clinton,21
US-4890,40009,Beckham,40
US-4891,05083,Logan,05
US-4892,29023,Butler,29
US-4893,29023,Butler,29
US-4894,40123,Pontotoc,40
US-4895,17049,Effingham,17
US-4896,05029,Conway,05
US-4897,47183,Weakley,47
US-4898,47183,Weakley,47
US-4899,21013,Bell,21
US-4900,47085,Humphreys,47
US-4901,47085,Humphreys,47
US-4902,29001,Adair,29
US-4903,18021,Clay,18
US-4904,05009,Boone,05
US-4905,29153,Ozark,29
US-4906,05123,St. Francis,05
US-4907,47031,Coffee,47
US-4908,48217,Hill,48
US-4909,48217,Hill,48
US-4910,48227,Howard,48
US-4911,48227,Howard,48
US-4912,28003,Alcorn,28
US-4913,28003,Alcorn,28
US-4914,19111,Lee,19
US-4915,29159,Pettis,29
US-4916,28107,Panola,28
US-4917,21227,Warren,21
US-4919,01051,Elmore,01
US-4920,48181,Grayson,48
US-4921,55129,Washburn,55
US-4922,48221,Hood,48
US-4923,40153,Woodward,40
US-4924,40153,Woodward,40
US-4925,47181,Wayne,47
US-4926,05133,Sevier,05
US-4927,47045,Dyer,47
US-4928,13285,Troup,13
US-4929,37189,Watauga,37
US-4930,29157,Perry,29
US-4933,40101,Muskogee,40
US-4934,47039,Decatur,47
US-4935,54045,Logan,54
US-4936,13069,Coffee,13
US-4937,13279,Toombs,13
US-4938,13279,Toombs,13
US-4939,47071,Hardin,47
US-4940,30041,Hill,30
US-4941,39145,Scioto,39
US-4943,48215,Hidalgo,48
US-4944,29221,Washington,29
US-4945,29221,Washington,29
US-4946,48021,Bastrop,48
US-4947,42101,Philadelphia,42
US-4949,53009,Clallam,53
US-4950,48463,Uvalde,48
US-4952,48035,Bosque,48
US-4953,02105,Hoonah-Angoon,02
US-4954,48469,Victoria,48
US-4955,48477,Washington,48
US-4956,48071,Chambers,48
US-4957,48355,Nueces,48
US-4958,48313,Madison,48
US-4959,48291,Liberty,48
US-4960,48091,Comal,48
US-4961,04025,Yavapai,04
US-4962,04021,Pinal,04
US-4964,48141,El Paso,48
US-4965,12105,Polk,12
US-4968,48027,Bell,48
US-4969,48435,Sutton,48
US-4970,48137,Edwards,48
US-4971,22055,Lafayette,22
US-4972,48299,Llano,48
US-4973,42011,Berks,42
US-4974,48319,Mason,48
US-4975,48201,Harris,48
US-4976,51179,Stafford,51
US-4977,54003,Berkeley,54
US-4978,06001,Alameda,06
US-4979,02170,Matanuska-Susitna,02
US-4980,08005,Arapahoe,08
US-4981,05085,Lonoke,05
US-4982,08013,Boulder,08
US-4983,13021,Bibb,13
US-4984,17043,DuPage,17
US-4985,13087,Decatur,13
US-4986,12027,DeSoto,12
US-4987,55075,Marinette,55
US-4988,08039,Elbert,08
US-4989,12057,Hillsborough,12
US-4990,36031,Essex,36
US-4991,12105,Polk,12
US-4992,02170,Matanuska-Susitna,02
US-4993,27035,Crow Wing,27
US-4994,26017,Bay,26
US-4995,26115,Monroe,26
US-4999,22071,Orleans,22
US-5000,22055,Lafayette,22
US-5001,19033,Cerro Gordo,19
US-5003,19121,Madison,19
US-5004,19089,Howard,19
US-5005,47179,Washington,47
US-5006,22099,St. Martin,22
US-5007,24009,Calvert,24
US-5008,48201,Harris,48
US-5009,48201,Harris,48
US-5010,40031,Comanche,40
US-5011,48089,Colorado,48
US-5012,22019,Calcasieu,22
US-5013,40031,Comanche,40
US-5014,40141,Tillman,40
US-5015,48485,Wichita,48
US-5017,48077,Clay,48
US-5018,48337,Montague,48
US-5019,48121,Denton,48
US-5020,48121,Denton,48
US-5021,48121,Denton,48
US-5022,48085,Collin,48
US-5023,48485,Wichita,48
US-5024,48161,Freestone,48
US-5025,48347,Nacogdoches,48
US-5027,53057,Skagit,53
US-5028,36067,Onondaga,36
US-5030,04021,Pinal,04
US-5031,04009,Graham,04
US-5032,48029,Bexar,48
US-5033,48029,Bexar,48
US-5034,48013,Atascosa,48
US-5045,48215,Hidalgo,48
US-5046,22023,Cameron,22
US-5047,22023,Cameron,22
US-5050,48201,Harris,48
US-5055,48337,Montague,48
US-5056,48223,Hopkins,48
US-5057,40107,Okfuskee,40
US-5058,40143,Tulsa,40
US-5059,40143,Tulsa,40
US-5060,48371,Pecos,48
US-5063,40031,Comanche,40
US-5067,37119,Mecklenburg,37
US-5068,37119,Mecklenburg,37
US-5071,04013,Maricopa,04
US-5072,04023,Santa Cruz,04
US-5073,12017,Citrus,12
US-5076,12033,Escambia,12
US-5077,48177,Gonzales,48
US-5078,40095,Marshall,40
US-5079,40069,Johnston,40
US-5080,40069,Johnston,40
US-5081,40099,Murray,40
US-5083,48121,Denton,48
US-5086,48497,Wise,48
US-5087,08029,Delta,08
US-5088,48251,Johnson,48
US-5089,12087,Monroe,12
US-5091,12087,Monroe,12
US-5092,12087,Monroe,12
US-5093,12087,Monroe,12
US-5094,12087,Monroe,12
US-5096,08045,Garfield,08
US-5100,12086,Miami-Dade,12
US-5101,12086,Miami-Dade,12
US-5103,08123,Weld,08
US-5104,17203,Woodford,17
US-5105,22017,Caddo,22
US-5106,17065,Hamilton,17
US-5107,22097,St. Landry,22
US-5110,48497,Wise,48
US-5111,48097,Cooke,48
US-5113,36065,Oneida,36
US-5119,12103,Pinellas,12
US-5120,12115,Sarasota,12
US-5122,06025,Imperial,06
US-5123,06025,Imperial,06
US-5124,06025,Imperial,06
US-5125,41035,Klamath,41
US-5130,53029,Island,53
US-5132,48083,Coleman,48
US-5137,48093,Comanche,48
US-5138,48305,Lynn,48
US-5139,29229,Wright,29
US-5144,48283,La Salle,48
US-5145,06043,Mariposa,06
US-5146,06043,Mariposa,06
US-5148,30029,Flathead,30
US-5154,29143,New Madrid,29
US-5155,18039,Elkhart,18
US-5157,06071,San Bernardino,06
US-5160,08005,Arapahoe,08
US-5161,08001,Adams,08
US-5164,48277,Lamar,48
US-5168,27059,Isanti,27
US-5169,27061,Itasca,27
US-5170,55039,Fond du Lac,55
US-5171,39005,Ashland,39
US-5172,39061,Hamilton,39
US-5173,39017,Butler,39
US-5174,26057,Gratiot,26
US-5175,20131,Nemaha,20
US-5176,29053,Cooper,29
US-5177,27139,Scott,27
US-5178,20035,Cowley,20
US-5179,42095,Northampton,42
US-5180,22033,East Baton Rouge,22
US-5181,48201,Harris,48
US-5182,13211,Morgan,13
US-5183,19097,Jackson,19
US-5184,16069,Nez Perce,16
US-5185,41013,Crook,41
US-5186,41059,Umatilla,41
US-5187,45015,Berkeley,45
US-5188,48491,Williamson,48
US-5189,48231,Hunt,48
US-5192,36071,Orange,36
US-5193,36103,Suffolk,36
US-5196,09001,Fairfield,09
US-5197,09001,Fairfield,09
US-5198,36027,Dutchess,36
US-5200,08045,Garfield,08
US-5201,51059,Fairfax,51
US-5202,08001,Adams,08
US-5203,08043,Fremont,08
US-5204,35019,Guadalupe,35
US-5205,53053,Pierce,53
US-5206,53053,Pierce,53
US-5207,49039,Sanpete,49
US-5208,27147,Steele,27
US-5209,25017,Middlesex,25
US-5211,28121,Rankin,28
US-5212,29011,Barton,29
US-5213,40035,Craig,40
US-5214,40105,Nowata,40
US-5215,34033,Salem,34
US-5216,04017,Navajo,04
US-5217,04017,Navajo,04
US-5218,48209,Hays,48
US-5219,35031,McKinley,35
US-5220,04005,Coconino,04
US-5221,04005,Coconino,04
US-5222,04005,Coconino,04
US-5224,04005,Coconino,04
US-5225,05073,Lafayette,05
US-5226,42071,Lancaster,42
US-5227,47125,Montgomery,47
US-5228,16081,Teton,16
US-5229,06107,Tulare,06
US-5232,48465,Val Verde,48
US-5235,29011,Barton,29
US-5238,48043,Brewster,48
US-5241,48043,Brewster,48
US-5244,48443,Terrell,48
US-5245,48043,Brewster,48
US-5246,48043,Brewster,48
US-5247,48043,Brewster,48
US-5248,35017,Grant,35
US-5250,06019,Fresno,06
US-5251,06019,Fresno,06
US-5257,48107,Crosby,48
US-5266,17089,Kane,17
US-5269,37025,Cabarrus,37
US-5270,37045,Cleveland,37
US-5272,22087,St. Bernard,22
US-5273,22023,Cameron,22
US-5274,40065,Jackson,40
US-5275,18089,Lake,18
US-5277,49013,Duchesne,49
US-5279,49017,Garfield,49
US-5280,49019,Grand,49
US-5283,49045,Tooele,49
US-5284,49037,San Juan,49
US-5285,49003,Box Elder,49
US-5286,49003,Box Elder,49
US-5287,49003,Box Elder,49
US-5288,49003,Box Elder,49
US-5289,49003,Box Elder,49
US-5290,49037,San Juan,49
US-5291,49047,Uintah,49
US-5292,49017,Garfield,49
US-5295,49045,Tooele,49
US-5297,49017,Garfield,49
US-5298,49019,Grand,49
US-5299,49019,Grand,49
US-52NK,36065,Oneida,36
US-5300,49019,Grand,49
US-5301,49037,San Juan,49
US-5304,49037,San Juan,49
US-5306,49037,San Juan,49
US-5309,49017,Garfield,49
US-5310,49047,Uintah,49
US-5311,49015,Emery,49
US-5312,49047,Uintah,49
US-5314,49055,Wayne,49
US-5315,49025,Kane,49
US-5318,49057,Weber,49
US-5319,49057,Weber,49
US-5320,49017,Garfield,49
US-5322,49057,Weber,49
US-5325,49017,Garfield,49
US-5329,49015,Emery,49
US-5331,49055,Wayne,49
US-5332,49037,San Juan,49
US-5333,49045,Tooele,49
US-5334,49053,Washington,49
US-5335,49043,Summit,49
US-5336,49047,Uintah,49
US-5338,49037,San Juan,49
US-5340,49037,San Juan,49
US-5341,49019,Grand,49
US-5342,49055,Wayne,49
US-5344,49037,San Juan,49
US-5345,49047,Uintah,49
US-5346,49001,Beaver,49
US-5347,49047,Uintah,49
US-5348,49019,Grand,49
US-5349,49037,San Juan,49
US-5350,49037,San Juan,49
US-5352,49017,Garfield,49
US-5353,49025,Kane,49
US-5354,49023,Juab,49
US-5355,49037,San Juan,49
US-5356,49037,San Juan,49
US-5357,49017,Garfield,49
US-5358,49007,Carbon,49
US-5359,49055,Wayne,49
US-5360,49037,San Juan,49
US-5361,49037,San Juan,49
US-5362,49047,Uintah,49
US-5363,49047,Uintah,49
US-5364,49017,Garfield,49
US-5365,49019,Grand,49
US-5366,49017,Garfield,49
US-5367,49019,Grand,49
US-5368,49019,Grand,49
US-5369,49019,Grand,49
US-5370,49015,Emery,49
US-5371,49047,Uintah,49
US-5372,49019,Grand,49
US-5373,49047,Uintah,49
US-5374,49017,Garfield,49
US-5375,49037,San Juan,49
US-5376,49051,Wasatch,49
US-5377,49037,San Juan,49
US-5378,49047,Uintah,49
US-5379,49055,Wayne,49
US-5380,49047,Uintah,49
US-5381,49013,Duchesne,49
US-5382,39125,Paulding,39
US-5383,48505,Zapata,48
US-5384,06025,Imperial,06
US-5385,06025,Imperial,06
US-5386,06025,Imperial,06
US-5387,06025,Imperial,06
US-5388,06025,Imperial,06
US-5389,06025,Imperial,06
US-5390,06025,Imperial,06
US-5397,36103,Suffolk,36
US-5403,32031,Washoe,32
US-5404,32031,Washoe,32
US-5405,48229,Hudspeth,48
US-5411,29097,Jasper,29
US-5412,29109,Lawrence,29
US-5413,40083,Logan,40
US-5415,22075,Plaquemines,22
US-5416,22075,Plaquemines,22
US-5418,40047,Garfield,40
US-5419,13077,Coweta,13
US-5420,12097,Osceola,12
US-5421,35017,Grant,35
US-5422,28091,Marion,28
US-5423,35033,Mora,35
US-5424,35025,Lea,35
US-5426,32023,Nye,32
US-5427,32023,Nye,32
US-5430,01045,Dale,01
US-5431,01045,Dale,01
US-5432,01045,Dale,01
US-5433,01045,Dale,01
US-5434,01045,Dale,01
US-5436,01031,Coffee,01
US-5437,01031,Coffee,01
US-5438,01031,Coffee,01
US-5439,01031,Coffee,01
US-5442,01045,Dale,01
US-5443,01045,Dale,01
US-5444,48431,Sterling,48
US-5449,56019,Johnson,56
US-5454,32009,Esmeralda,32
US-5456,32009,Esmeralda,32
US-5457,32009,Esmeralda,32
US-5462,36103,Suffolk,36
US-5464,48247,Jim Hogg,48
US-5465,41043,Linn,41
US-5468,48167,Galveston,48
US-5469,48411,San Saba,48
US-5471,18055,Greene,18
US-5472,42003,Allegheny,42
US-5473,20043,Doniphan,20
US-5474,21037,Campbell,21
US-5475,27097,Morrison,27
US-5476,19013,Black Hawk,19
US-5477,19153,Polk,19
US-5478,16037,Custer,16
US-5479,29095,Jackson,29
US-5480,41023,Grant,41
US-5481,48089,Colorado,48
US-5482,48089,Colorado,48
US-5483,48089,Colorado,48
US-5487,35025,Lea,35
US-5488,48179,Gray,48
US-5492,32031,Washoe,32
US-5493,22119,Webster,22
US-5495,49015,Emery,49
US-5496,39055,Geauga,39
US-5497,32023,Nye,32
US-5498,32023,Nye,32
US-5499,32023,Nye,32
US-5500,01093,Marion,01
US-5502,22029,Concordia,22
US-5505,49017,Garfield,49
US-5506,22075,Plaquemines,22
US-5508,05079,Lincoln,05
US-5509,05079,Lincoln,05
US-5510,05069,Jefferson,05
US-5511,37133,Onslow,37
US-5514,32017,Lincoln,32
US-5517,48441,Taylor,48
US-5518,48117,Deaf Smith,48
US-5519,48153,Floyd,48
US-5524,29159,Pettis,29
US-5526,06065,Riverside,06
US-5528,31063,Frontier,31
US-5529,17149,Pike,17
US-5531,29137,Monroe,29
US-5532,17057,Fulton,17
US-5535,17067,Hancock,17
US-5537,17027,Clinton,17
US-5538,17189,Washington,17
US-5540,35035,Otero,35
US-5544,04013,Maricopa,04
US-5545,04015,Mohave,04
US-5547,04015,Mohave,04
US-5548,04015,Mohave,04
US-5549,04015,Mohave,04
US-5550,04015,Mohave,04
US-5551,04015,Mohave,04
US-5552,04015,Mohave,04
US-5557,56013,Fremont,56
US-5559,24019,Dorchester,24
US-5561,06071,San Bernardino,06
US-5564,35005,Chaves,35
US-5565,35035,Otero,35
US-5566,35035,Otero,35
US-5569,35035,Otero,35
US-5572,35035,Otero,35
US-5573,35035,Otero,35
US-5574,35035,Otero,35
US-5576,51047,Culpeper,51
US-5577,51157,Rappahannock,51
US-5578,51071,Giles,51
US-5579,51157,Rappahannock,51
US-5580,20099,Labette,20
US-5581,35047,San Miguel,35
US-5583,35033,Mora,35
US-5585,13071,Colquitt,13
US-5590,35039,Rio Arriba,35
US-5592,35039,Rio Arriba,35
US-5593,08021,Conejos,08
US-5597,45019,Charleston,45
US-5598,48319,Mason,48
US-5599,48279,Lamb,48
US-5600,16051,Jefferson,16
US-5606,30029,Flathead,30
US-5607,06091,Sierra,06
US-5608,06063,Plumas,06
US-5609,32031,Washoe,32
US-5610,56043,Washakie,56
US-5612,22057,Lafourche,22
US-5613,28049,Hinds,28
US-5614,18177,Wayne,18
US-5620,22075,Plaquemines,22
US-5621,22075,Plaquemines,22
US-5622,22075,Plaquemines,22
US-5623,22075,Plaquemines,22
US-5624,22075,Plaquemines,22
US-5626,22075,Plaquemines,22
US-5627,22075,Plaquemines,22
US-5628,39095,Lucas,39
US-5629,39173,Wood,39
US-5630,39095,Lucas,39
US-5631,22075,Plaquemines,22
US-5632,39143,Sandusky,39
US-5634,27049,Goodhue,27
US-5635,39069,Henry,39
US-5641,37093,Hoke,37
US-5642,37165,Scotland,37
US-5643,18099,Marshall,18
US-5645,48149,Fayette,48
US-5646,18003,Allen,18
US-5647,26139,Ottawa,26
US-5648,26135,Oscoda,26
US-5649,18115,Ohio,18
US-5650,26005,Allegan,26
US-5651,26049,Genesee,26
US-5652,39023,Clark,39
US-5653,22009,Avoyelles,22
US-5654,01059,Franklin,01
US-5655,53027,Grays Harbor,53
US-5657,29103,Knox,29
US-5660,22091,St. Helena,22
US-5661,36041,Hamilton,36
US-5664,22113,Vermilion,22
US-5670,48071,Chambers,48
US-5671,35006,Cibola,35
US-5673,13057,Cherokee,13
US-5683,24009,Calvert,24
US-5687,24017,Charles,24
US-5688,22027,Claiborne,22
US-5690,48043,Brewster,48
US-5691,48043,Brewster,48
US-5692,48165,Gaines,48
US-5693,48501,Yoakum,48
US-5697,48197,Hardeman,48
US-5698,40035,Craig,40
US-5701,48503,Young,48
US-5702,06083,Santa Barbara,06
US-5703,06111,Ventura,06
US-5707,17147,Piatt,17
US-5709,49003,Box Elder,49
US-5710,16031,Cassia,16
US-5711,16031,Cassia,16
US-5712,16031,Cassia,16
US-5716,16031,Cassia,16
US-5717,16063,Lincoln,16
US-5720,16067,Minidoka,16
US-5722,01121,Talladega,01
US-5723,20209,Wyandotte,20
US-5724,47163,Sullivan,47
US-5725,45031,Darlington,45
US-5726,47189,Wilson,47
US-5727,17163,St. Clair,17
US-5728,04013,Maricopa,04
US-5729,04013,Maricopa,04
US-5730,32003,Clark,32
US-5731,32003,Clark,32
US-5735,29209,Stone,29
US-5740,06103,Tehama,06
US-5741,06079,San Luis Obispo,06
US-5742,06115,Yuba,06
US-5744,06019,Fresno,06
US-5745,06101,Sutter,06
US-5747,06011,Colusa,06
US-5748,06007,Butte,06
US-5749,06019,Fresno,06
US-5750,06099,Stanislaus,06
US-5751,06103,Tehama,06
US-5752,06095,Solano,06
US-5753,06113,Yolo,06
US-5754,06071,San Bernardino,06
US-5755,06053,Monterey,06
US-5756,06019,Fresno,06
US-5757,06031,Kings,06
US-5758,06019,Fresno,06
US-5760,06019,Fresno,06
US-5761,06031,Kings,06
US-5764,06031,Kings,06
US-5765,06019,Fresno,06
US-5766,06019,Fresno,06
US-5767,06019,Fresno,06
US-5768,06019,Fresno,06
US-5771,06039,Madera,06
US-5772,06077,San Joaquin,06
US-5773,06019,Fresno,06
US-5774,06101,Sutter,06
US-5775,06099,Stanislaus,06
US-5776,06047,Merced,06
US-5778,06011,Colusa,06
US-5779,06011,Colusa,06
US-5780,06011,Colusa,06
US-5781,06011,Colusa,06
US-5788,13151,Henry,13
US-5789,21077,Gallatin,21
US-5790,06019,Fresno,06
US-5793,17037,DeKalb,17
US-5794,27115,Pine,27
US-5795,04027,Yuma,04
US-5796,06077,San Joaquin,06
US-5797,06069,San Benito,06
US-5798,06021,Glenn,06
US-5799,01003,Baldwin,01
US-5800,01003,Baldwin,01
US-5801,01003,Baldwin,01
US-5802,06113,Yolo,06
US-5803,06025,Imperial,06
US-5804,35009,Curry,35
US-5805,48489,Willacy,48
US-5806,48215,Hidalgo,48
US-5807,48215,Hidalgo,48
US-5808,48309,McLennan,48
US-5809,48451,Tom Green,48
US-5810,48121,Denton,48
US-5811,48469,Victoria,48
US-5812,48097,Cooke,48
US-5813,48369,Parmer,48
US-5814,48303,Lubbock,48
US-5815,48481,Wharton,48
US-5816,48481,Wharton,48
US-5817,48369,Parmer,48
US-5818,53015,Cowlitz,53
US-5819,53015,Cowlitz,53
US-5820,53059,Skamania,53
US-5821,32019,Lyon,32
US-5822,48173,Glasscock,48
US-5823,48445,Terry,48
US-5824,48151,Fisher,48
US-5825,37045,Cleveland,37
US-5826,37045,Cleveland,37
US-5827,40047,Garfield,40
US-5832,22057,Lafourche,22
US-5833,56007,Carbon,56
US-5834,16015,Boise,16
US-5835,48061,Cameron,48
US-5838,06037,Los Angeles,06
US-5839,06037,Los Angeles,06
US-5841,06037,Los Angeles,06
US-5842,48047,Brooks,48
US-5847,06009,Calaveras,06
US-5848,06037,Los Angeles,06
US-5849,06037,Los Angeles,06
US-5850,06037,Los Angeles,06
US-5851,06083,Santa Barbara,06
US-5852,06083,Santa Barbara,06
US-5853,06073,San Diego,06
US-5861,04015,Mohave,04
US-5862,04001,Apache,04
US-5863,06037,Los Angeles,06
US-5866,06073,San Diego,06
US-5867,48361,Orange,48
US-5871,06039,Madera,06
US-5872,06039,Madera,06
US-5873,06019,Fresno,06
US-5874,06029,Kern,06
US-5876,04015,Mohave,04
US-5877,04015,Mohave,04
US-5878,04015,Mohave,04
US-5879,04015,Mohave,04
US-5880,04015,Mohave,04
US-5881,06071,San Bernardino,06
US-5883,13185,Lowndes,13
US-5884,13199,Meriwether,13
US-5885,13223,Paulding,13
US-5891,06025,Imperial,06
US-5892,06071,San Bernardino,06
US-5893,06071,San Bernardino,06
US-5895,12051,Hendry,12
US-5896,12051,Hendry,12
US-5898,12051,Hendry,12
US-5899,08035,Douglas,08
US-58T,48497,Wise,48
US-5900,21013,Bell,21
US-5901,39173,Wood,39
US-5902,40075,Kiowa,40
US-5905,41045,Malheur,41
US-5906,26117,Montcalm,26
US-5907,16085,Valley,16
US-5908,16041,Franklin,16
US-5911,48217,Hill,48
US-5912,48465,Val Verde,48
US-5913,48465,Val Verde,48
US-5914,48265,Kerr,48
US-5915,48265,Kerr,48
US-5916,48385,Real,48
US-5917,48265,Kerr,48
US-5918,48259,Kendall,48
US-5919,48281,Lampasas,48
US-5920,48019,Bandera,48
US-5921,48281,Lampasas,48
US-5922,48325,Medina,48
US-5923,35027,Lincoln,35
US-5924,48385,Real,48
US-5925,48137,Edwards,48
US-5929,48371,Pecos,48
US-5931,48443,Terrell,48
US-5932,48271,Kinney,48
US-5933,48137,Edwards,48
US-5934,04013,Maricopa,04
US-5935,34011,Cumberland,34
US-5937,04021,Pinal,04
US-5938,48427,Starr,48
US-5961,48435,Sutton,48
US-5976,04013,Maricopa,04
US-5977,48055,Caldwell,48
US-5988,12031,Duval,12
US-6004,30101,Toole,30
US-6005,53047,Okanogan,53
US-6011,32003,Clark,32
US-6012,04015,Mohave,04
US-6014,49023,Juab,49
US-6015,49035,Salt Lake,49
US-6016,30001,Beaverhead,30
US-6017,30001,Beaverhead,30
US-6025,06021,Glenn,06
US-6034,48443,Terrell,48
US-6037,48061,Cameron,48
US-6047,49035,Salt Lake,49
US-6048,30073,Pondera,30
US-6049,30101,Toole,30
US-6050,56013,Fremont,56
US-6051,16033,Clark,16
US-6052,49049,Utah,49
US-6053,30099,Teton,30
US-6054,49011,Davis,49
US-6055,49001,Beaver,49
US-6056,49053,Washington,49
US-6057,32003,Clark,32
US-6058,32003,Clark,32
US-6059,06071,San Bernardino,06
US-6062,06029,Kern,06
US-6085,53055,San Juan,53
US-6103,30049,Lewis and Clark,30
US-6104,16011,Bingham,16
US-6105,16071,Oneida,16
US-6106,49011,Davis,49
US-6107,32003,Clark,32
US-6117,22019,Calcasieu,22
US-6119,22001,Acadia,22
US-6120,48039,Brazoria,48
US-6121,48325,Medina,48
US-6122,48299,Llano,48
US-6127,48043,Brewster,48
US-6128,48043,Brewster,48
US-6129,48043,Brewster,48
US-6130,48443,Terrell,48
US-6131,48137,Edwards,48
US-6134,48261,Kenedy,48
US-6135,48261,Kenedy,48
US-6137,48481,Wharton,48
US-6138,48481,Wharton,48
US-6139,48481,Wharton,48
US-6140,48481,Wharton,48
US-6141,48481,Wharton,48
US-6143,48465,Val Verde,48
US-6144,48465,Val Verde,48
US-6146,48465,Val Verde,48
US-6147,48465,Val Verde,48
US-6150,13039,Camden,13
US-6152,13039,Camden,13
US-6154,32003,Clark,32
US-6155,06019,Fresno,06
US-6159,22065,Madison,22
US-6161,22035,East Carroll,22
US-6165,05017,Chicot,05
US-6167,05017,Chicot,05
US-6170,05003,Ashley,05
US-6171,05017,Chicot,05
US-6172,05041,Desha,05
US-6175,05041,Desha,05
US-6176,05041,Desha,05
US-6177,05041,Desha,05
US-6178,05041,Desha,05
US-6180,05079,Lincoln,05
US-6181,48043,Brewster,48
US-6182,17049,Effingham,17
US-6186,06013,Contra Costa,06
US-6187,17163,St. Clair,17
US-6191,22001,Acadia,22
US-6192,22047,Iberville,22
US-6193,22001,Acadia,22
US-6197,22075,Plaquemines,22
US-6198,12071,Lee,12
US-6200,29133,Mississippi,29
US-6201,29207,Stoddard,29
US-6203,29023,Butler,29
US-6204,39007,Ashtabula,39
US-6205,28047,Harrison,28
US-6206,29133,Mississippi,29
US-6207,21075,Fulton,21
US-6209,47095,Lake,47
US-6210,29155,Pemiscot,29
US-6211,05031,Craighead,05
US-6212,05093,Mississippi,05
US-6214,05111,Poinsett,05
US-6215,05093,Mississippi,05
US-6219,05093,Mississippi,05
US-6222,06093,Siskiyou,06
US-6223,41035,Klamath,41
US-6224,22001,Acadia,22
US-6227,22001,Acadia,22
US-6228,22097,St. Landry,22
US-6229,22001,Acadia,22
US-6231,48423,Smith,48
US-6233,48105,Crockett,48
US-6235,48465,Val Verde,48
US-6236,48465,Val Verde,48
US-6237,48465,Val Verde,48
US-6245,48443,Terrell,48
US-6246,30035,Glacier,30
US-6247,30077,Powell,30
US-6248,13253,Seminole,13
US-6249,13087,Decatur,13
US-6250,06021,Glenn,06
US-6251,06021,Glenn,06
US-6252,06021,Glenn,06
US-6254,06011,Colusa,06
US-6255,06021,Glenn,06
US-6257,51147,Prince Edward,51
US-6258,48319,Mason,48
US-6260,48471,Walker,48
US-6261,01083,Limestone,01
US-6262,01097,Mobile,01
US-6263,02164,Lake and Peninsula,02
US-6264,05001,Arkansas,05
US-6265,40123,Pontotoc,40
US-6266,48387,Red River,48
US-6267,22009,Avoyelles,22
US-6268,22009,Avoyelles,22
US-6269,22009,Avoyelles,22
US-6270,22009,Avoyelles,22
US-6271,22077,Pointe Coupee,22
US-6272,22077,Pointe Coupee,22
US-6273,04013,Maricopa,04
US-6274,04013,Maricopa,04
US-6275,48215,Hidalgo,48
US-6276,32003,Clark,32
US-6277,32003,Clark,32
US-6278,04005,Coconino,04
US-6279,04013,Maricopa,04
US-6280,48425,Somervell,48
US-6281,48425,Somervell,48
US-6282,48149,Fayette,48
US-6283,48401,Rusk,48
US-6284,48449,Titus,48
US-6285,04013,Maricopa,04
US-6286,48321,Matagorda,48
US-6287,48057,Calhoun,48
US-6288,48293,Limestone,48
US-6289,48157,Fort Bend,48
US-6290,48395,Robertson,48
US-6291,49047,Uintah,49
US-6292,42081,Lycoming,42
US-6293,26023,Branch,26
US-6294,06037,Los Angeles,06
US-6295,06083,Santa Barbara,06
US-6297,48217,Hill,48
US-6298,48201,Harris,48
US-6299,48201,Harris,48
US-6300,40017,Canadian,40
US-6301,48201,Harris,48
US-6302,35061,Valencia,35
US-6304,06001,Alameda,06
US-6305,06065,Riverside,06
US-6306,24013,Carroll,24
US-6308,51101,King William,51
US-6309,06111,Ventura,06
US-6310,51059,Fairfax,51
US-6311,46029,Codington,46
US-6312,42073,Lawrence,42
US-6313,48379,Rains,48
US-6314,37101,Johnston,37
US-6315,48109,Culberson,48
US-6316,35015,Eddy,35
US-6318,35015,Eddy,35
US-6319,48021,Bastrop,48
US-6320,48399,Runnels,48
US-6321,48173,Glasscock,48
US-6322,20055,Finney,20
US-6324,20055,Finney,20
US-6325,36117,Wayne,36
US-6329,22109,Terrebonne,22
US-6332,17141,Ogle,17
US-6333,22101,St. Mary,22
US-6338,17019,Champaign,17
US-6339,20035,Cowley,20
US-6340,48467,Van Zandt,48
US-6341,19195,Worth,19
US-6342,19001,Adair,19
US-6343,19013,Black Hawk,19
US-6344,16083,Twin Falls,16
US-6345,48215,Hidalgo,48
US-6346,48181,Grayson,48
US-6347,49043,Summit,49
US-6348,51177,Spotsylvania,51
US-6349,55023,Crawford,55
US-6350,35055,Taos,35
US-6351,47117,Marshall,47
US-6352,48431,Sterling,48
US-6354,22113,Vermilion,22
US-6355,42125,Washington,42
US-6357,48035,Bosque,48
US-6358,29155,Pemiscot,29
US-6360,29017,Bollinger,29
US-6361,35015,Eddy,35
US-6364,48425,Somervell,48
US-6365,49003,Box Elder,49
US-6366,48497,Wise,48
US-6367,42095,Northampton,42
US-6368,48453,Travis,48
US-6369,48453,Travis,48
US-6377,15003,Honolulu,15
US-6378,48453,Travis,48
US-6379,48121,Denton,48
US-6380,15003,Honolulu,15
US-6381,15003,Honolulu,15
US-6382,15003,Honolulu,15
US-6383,15003,Honolulu,15
US-6384,48037,Bowie,48
US-6387,08029,Delta,08
US-6388,20139,Osage,20
US-6390,53015,Cowlitz,53
US-6391,05107,Phillips,05
US-6392,05107,Phillips,05
US-6393,05107,Phillips,05
US-6394,05077,Lee,05
US-6395,05107,Phillips,05
US-6398,28119,Quitman,28
US-6399,28119,Quitman,28
US-6404,28133,Sunflower,28
US-6406,28133,Sunflower,28
US-6408,28011,Bolivar,28
US-6409,05093,Mississippi,05
US-6410,26117,Montcalm,26
US-6411,13031,Bulloch,13
US-6412,17097,Lake,17
US-6413,17031,Cook,17
US-6414,17203,Woodford,17
US-6415,02170,Matanuska-Susitna,02
US-6416,20011,Bourbon,20
US-6417,20111,Lyon,20
US-6418,20173,Sedgwick,20
US-6419,20025,Clark,20
US-6420,02170,Matanuska-Susitna,02
US-6421,08041,El Paso,08
US-6422,31153,Sarpy,31
US-6423,39013,Belmont,39
US-6424,22029,Concordia,22
US-6427,39027,Clinton,39
US-6429,04015,Mohave,04
US-6430,22097,St. Landry,22
US-6431,29139,Montgomery,29
US-6432,22039,Evangeline,22
US-6433,22003,Allen,22
US-6436,30027,Fergus,30
US-6437,05085,Lonoke,05
US-6438,05085,Lonoke,05
US-6439,48481,Wharton,48
US-6440,48391,Refugio,48
US-6441,48391,Refugio,48
US-6442,48463,Uvalde,48
US-6444,04012,La Paz,04
US-6445,32017,Lincoln,32
US-6446,32017,Lincoln,32
US-6447,32017,Lincoln,32
US-6448,32017,Lincoln,32
US-6449,32017,Lincoln,32
US-6452,48117,Deaf Smith,48
US-6455,05113,Polk,05
US-6456,32007,Elko,32
US-6457,48481,Wharton,48
US-6460,42001,Adams,42
US-6468,04015,Mohave,04
US-6469,22019,Calcasieu,22
US-6471,02070,Dillingham,02
US-6472,02070,Dillingham,02
US-6473,04013,Maricopa,04
US-6474,22083,Richland,22
US-6475,22083,Richland,22
US-6477,22041,Franklin,22
US-6479,47155,Sevier,47
US-6481,04021,Pinal,04
US-6483,05057,Hempstead,05
US-6484,05007,Benton,05
US-6485,22057,Lafourche,22
US-6486,13255,Spalding,13
US-6487,48117,Deaf Smith,48
US-6489,48117,Deaf Smith,48
US-6490,19177,Van Buren,19
US-6491,17149,Pike,17
US-6493,26099,Macomb,26
US-6494,26087,Lapeer,26
US-6496,36041,Hamilton,36
US-6498,48099,Coryell,48
US-6499,48099,Coryell,48
US-6500,48099,Coryell,48
US-6501,48099,Coryell,48
US-6502,48027,Bell,48
US-6503,35015,Eddy,35
US-6504,26015,Barry,26
US-6505,26123,Newaygo,26
US-6506,26117,Montcalm,26
US-6507,04015,Mohave,04
US-6509,35035,Otero,35
US-6510,06049,Modoc,06
US-6511,27045,Fillmore,27
US-6513,39007,Ashtabula,39
US-6515,53077,Yakima,53
US-6517,06073,San Diego,06
US-6518,06073,San Diego,06
US-6519,40067,Jefferson,40
US-6520,17091,Kankakee,17
US-6526,42055,Franklin,42
US-6528,41025,Harney,41
US-6529,17103,Lee,17
US-6534,17111,McHenry,17
US-6535,51047,Culpeper,51
US-6536,17099,LaSalle,17
US-6540,28151,Washington,28
US-6541,13201,Miller,13
US-6543,16037,Custer,16
US-6545,17117,Macoupin,17
US-6547,45021,Cherokee,45
US-6548,45083,Spartanburg,45
US-6549,26125,Oakland,26
US-6550,12053,Hernando,12
US-6551,48367,Parker,48
US-6552,26049,Genesee,26
US-6553,12113,Santa Rosa,12
US-6554,26089,Leelanau,26
US-6555,26097,Mackinac,26
US-6556,48429,Stephens,48
US-6557,06037,Los Angeles,06
US-6559,40023,Choctaw,40
US-6560,35047,San Miguel,35
US-6567,06015,Del Norte,06
US-6569,17187,Warren,17
US-6570,22009,Avoyelles,22
US-6571,22009,Avoyelles,22
US-6572,29037,Cass,29
US-6573,39089,Licking,39
US-6574,22079,Rapides,22
US-6576,13205,Mitchell,13
US-6579,41037,Lake,41
US-6580,27141,Sherburne,27
US-6581,01025,Clarke,01
US-6582,48453,Travis,48
US-6583,22077,Pointe Coupee,22
US-6584,13159,Jasper,13
US-6586,35005,Chaves,35
US-6590,35005,Chaves,35
US-6591,35035,Otero,35
US-6592,35035,Otero,35
US-6593,22079,Rapides,22
US-6594,45063,Lexington,45
US-6597,22009,Avoyelles,22
US-6598,53077,Yakima,53
US-6599,50003,Bennington,50
US-6600,48117,Deaf Smith,48
US-6603,48117,Deaf Smith,48
US-6607,26065,Ingham,26
US-6608,55011,Buffalo,55
US-6609,55095,Polk,55
US-6612,40015,Caddo,40
US-6613,06027,Inyo,06
US-6614,32023,Nye,32
US-6615,06033,Lake,06
US-6617,26075,Jackson,26
US-6619,32031,Washoe,32
US-6620,53001,Adams,53
US-6621,53001,Adams,53
US-6622,53043,Lincoln,53
US-6627,08011,Bent,08
US-6629,41045,Malheur,41
US-6633,48111,Dallam,48
US-6634,48205,Hartley,48
US-6635,35037,Quay,35
US-6640,08063,Kit Carson,08
US-6642,08017,Cheyenne,08
US-6643,08039,Elbert,08
US-6650,08013,Boulder,08
US-6654,23003,Aroostook,23
US-6655,04003,Cochise,04
US-6656,04003,Cochise,04
US-6658,04003,Cochise,04
US-6659,04003,Cochise,04
US-6660,04003,Cochise,04
US-6661,04003,Cochise,04
US-6662,04003,Cochise,04
US-6664,06073,San Diego,06
US-6665,18039,Elkhart,18
US-6666,49041,Sevier,49
US-6667,27073,Lac qui Parle,27
US-6668,27121,Pope,27
US-6669,53061,Snohomish,53
US-6670,53031,Jefferson,53
US-6671,48133,Eastland,48
US-6672,41061,Union,41
US-6673,48251,Johnson,48
US-6674,48251,Johnson,48
US-6675,06073,San Diego,06
US-6677,48093,Comanche,48
US-6678,48143,Erath,48
US-6679,48193,Hamilton,48
US-6680,48193,Hamilton,48
US-6681,48193,Hamilton,48
US-6682,48099,Coryell,48
US-6683,48099,Coryell,48
US-6684,48099,Coryell,48
US-6685,48193,Hamilton,48
US-6686,48099,Coryell,48
US-6687,06073,San Diego,06
US-6688,06073,San Diego,06
US-6689,06073,San Diego,06
US-6690,06073,San Diego,06
US-6693,06029,Kern,06
US-6695,06037,Los Angeles,06
US-6696,06029,Kern,06
US-6697,06031,Kings,06
US-6699,06019,Fresno,06
US-6701,06019,Fresno,06
US-6705,06073,San Diego,06
US-6706,06073,San Diego,06
US-6707,06025,Imperial,06
US-6714,29186,Ste. Genevieve,29
US-6716,05085,Lonoke,05
US-6718,05085,Lonoke,05
US-6719,05085,Lonoke,05
US-6720,05085,Lonoke,05
US-6721,05085,Lonoke,05
US-6725,32023,Nye,32
US-6727,32023,Nye,32
US-6733,48463,Uvalde,48
US-6734,48463,Uvalde,48
US-6735,48463,Uvalde,48
US-6736,48463,Uvalde,48
US-6737,48463,Uvalde,48
US-6738,35025,Lea,35
US-6741,32033,White Pine,32
US-6744,50013,Grand Isle,50
US-6745,39113,Montgomery,39
US-6746,39057,Greene,39
US-6747,39057,Greene,39
US-6748,48043,Brewster,48
US-6752,48377,Presidio,48
US-6753,48377,Presidio,48
US-6754,53001,Adams,53
US-6767,04025,Yavapai,04
US-6769,13173,Lanier,13
US-6772,48059,Callahan,48
US-6773,27123,Ramsey,27
US-6774,19089,Howard,19
US-6775,06037,Los Angeles,06
US-6776,45081,Saluda,45
US-6777,29215,Texas,29
US-6778,31055,Douglas,31
US-6779,19049,Dallas,19
US-6780,27007,Beltrami,27
US-6781,17143,Peoria,17
US-6782,17095,Knox,17
US-6783,48387,Red River,48
US-6784,17203,Woodford,17
US-6785,17203,Woodford,17
US-6786,17203,Woodford,17
US-6787,01097,Mobile,01
US-6788,26077,Kalamazoo,26
US-6789,29099,Jefferson,29
US-6790,42029,Chester,42
US-6791,46103,Pennington,46
US-6792,48499,Wood,48
US-6793,48349,Navarro,48
US-6794,48101,Cottle,48
US-6795,48453,Travis,48
US-6797,06037,Los Angeles,06
US-6798,06037,Los Angeles,06
US-6799,06037,Los Angeles,06
US-6800,35009,Curry,35
US-6802,48479,Webb,48
US-6805,48105,Crockett,48
US-6806,48137,Edwards,48
US-6807,17099,LaSalle,17
US-6808,12107,Putnam,12
US-6809,17119,Madison,17
US-6810,12011,Broward,12
US-6811,19005,Allamakee,19
US-6812,37183,Wake,37
US-6813,48201,Harris,48
US-6816,02188,Northwest Arctic,02
US-6820,02290,Yukon-Koyukuk,02
US-6822,48091,Comal,48
US-6823,27083,Lyon,27
US-6824,27021,Cass,27
US-6825,48131,Duval,48
US-6826,27127,Redwood,27
US-6827,39015,Brown,39
US-6828,17097,Lake,17
US-6829,42049,Erie,42
US-6830,42101,Philadelphia,42
US-6831,48497,Wise,48
US-6832,37193,Wilkes,37
US-6833,42115,Susquehanna,42
US-6834,46103,Pennington,46
US-6835,51015,Augusta,51
US-6836,16027,Canyon,16
US-6842,48091,Comal,48
US-6846,48339,Montgomery,48
US-6847,48413,Schleicher,48
US-6850,06071,San Bernardino,06
US-6851,06071,San Bernardino,06
US-6852,06071,San Bernardino,06
US-6853,48419,Shelby,48
US-6854,35011,De Baca,35
US-6855,22079,Rapides,22
US-6856,22069,Natchitoches,22
US-6857,22069,Natchitoches,22
US-6859,16059,Lemhi,16
US-6860,40135,Sequoyah,40
US-6861,51163,Rockbridge,51
US-6863,28151,Washington,28
US-6864,28151,Washington,28
US-6870,05015,Carroll,05
US-6871,29011,Barton,29
US-6872,04015,Mohave,04
US-6873,04013,Maricopa,04
US-6874,20035,Cowley,20
US-6875,04013,Maricopa,04
US-6876,04015,Mohave,04
US-6877,42029,Chester,42
US-6878,29121,Macon,29
US-6879,29175,Randolph,29
US-6880,42025,Carbon,42
US-6881,39023,Clark,39
US-6882,48027,Bell,48
US-6883,31005,Arthur,31
US-6884,01041,Crenshaw,01
US-6885,12071,Lee,12
US-6886,12086,Miami-Dade,12
US-6887,19069,Franklin,19
US-6888,16069,Nez Perce,16
US-6889,38055,McLean,38
US-6890,31147,Richardson,31
US-6891,31089,Holt,31
US-6892,36101,Steuben,36
US-6893,45083,Spartanburg,45
US-6894,48469,Victoria,48
US-6896,06053,Monterey,06
US-6898,17005,Bond,17
US-6900,02240,Southeast Fairbanks,02
US-6901,02090,Fairbanks North Star,02
US-6902,02290,Yukon-Koyukuk,02
US-6903,02068,Denali,02
US-6904,02090,Fairbanks North Star,02
US-6905,02068,Denali,02
US-6907,02068,Denali,02
US-6908,02068,Denali,02
US-6909,02170,Matanuska-Susitna,02
US-6910,02170,Matanuska-Susitna,02
US-6911,02170,Matanuska-Susitna,02
US-6912,02170,Matanuska-Susitna,02
US-6913,02170,Matanuska-Susitna,02
US-6914,02170,Matanuska-Susitna,02
US-6915,02170,Matanuska-Susitna,02
US-6916,02170,Matanuska-Susitna,02
US-6917,02170,Matanuska-Susitna,02
US-6918,02122,Kenai Peninsula,02
US-6919,02122,Kenai Peninsula,02
US-6920,02122,Kenai Peninsula,02
US-6921,02122,Kenai Peninsula,02
US-6922,02122,Kenai Peninsula,02
US-6923,02122,Kenai Peninsula,02
US-6924,02122,Kenai Peninsula,02
US-6925,02122,Kenai Peninsula,02
US-6926,02122,Kenai Peninsula,02
US-6927,02122,Kenai Peninsula,02
US-6928,02122,Kenai Peninsula,02
US-6929,02122,Kenai Peninsula,02
US-6930,02122,Kenai Peninsula,02
US-6932,02130,Ketchikan Gateway,02
US-6933,02130,Ketchikan Gateway,02
US-6934,02275,Wrangell,02
US-6935,02275,Wrangell,02
US-6936,02060,Bristol Bay,02
US-6940,15001,Hawaii,15
US-6941,36071,Orange,36
US-6943,42089,Monroe,42
US-6944,36111,Ulster,36
US-6945,34037,Sussex,34
US-6950,42095,Northampton,42
US-6951,13269,Taylor,13
US-6952,05015,Carroll,05
US-6953,12095,Orange,12
US-6954,12109,St. Johns,12
US-6955,20121,Miami,20
US-6956,19127,Marshall,19
US-6957,39035,Cuyahoga,39
US-6958,26049,Genesee,26
US-6959,26163,Wayne,26
US-6960,47007,Bledsoe,47
US-6961,51173,Smyth,51
US-6963,53007,Chelan,53
US-6966,12021,Collier,12
US-6969,06111,Ventura,06
US-6970,06083,Santa Barbara,06
US-6971,06037,Los Angeles,06
US-6972,06079,San Luis Obispo,06
US-6973,06079,San Luis Obispo,06
US-6974,06079,San Luis Obispo,06
US-6975,06079,San Luis Obispo,06
US-6976,06079,San Luis Obispo,06
US-6977,06079,San Luis Obispo,06
US-6978,06079,San Luis Obispo,06
US-6979,06039,Madera,06
US-6980,06029,Kern,06
US-6981,49021,Iron,49
US-6982,06107,Tulare,06
US-6983,49021,Iron,49
US-6985,18009,Blackford,18
US-6988,13181,Lincoln,13
US-6989,37109,Lincoln,37
US-6990,37109,Lincoln,37
US-6991,37109,Lincoln,37
US-6992,37109,Lincoln,37
US-6993,37109,Lincoln,37
US-6994,37109,Lincoln,37
US-6995,34021,Mercer,34
US-6996,24031,Montgomery,24
US-6997,12095,Orange,12
US-7000,04013,Maricopa,04
US-7001,04013,Maricopa,04
US-7002,06037,Los Angeles,06
US-7003,42101,Philadelphia,42
US-7004,01097,Mobile,01
US-7006,48149,Fayette,48
US-7007,04012,La Paz,04
US-7008,04012,La Paz,04
US-7009,06029,Kern,06
US-7010,06029,Kern,06
US-7011,06037,Los Angeles,06
US-7012,06029,Kern,06
US-7013,06077,San Joaquin,06
US-7014,34005,Burlington,34
US-7015,24033,Prince George's,24
US-7016,12019,Clay,12
US-7017,35035,Otero,35
US-7018,35013,Doña Ana,35
US-7019,35013,Doña Ana,35
US-7020,35013,Doña Ana,35
US-7021,06029,Kern,06
US-7022,06019,Fresno,06
US-7023,35035,Otero,35
US-7024,35035,Otero,35
US-7025,35035,Otero,35
US-7026,35035,Otero,35
US-7027,22041,Franklin,22
US-7028,22041,Franklin,22
US-7029,22041,Franklin,22
US-7030,22041,Franklin,22
US-7035,06071,San Bernardino,06
US-7036,32003,Clark,32
US-7039,02240,Southeast Fairbanks,02
US-7040,02240,Southeast Fairbanks,02
US-7041,02090,Fairbanks North Star,02
US-7042,02090,Fairbanks North Star,02
US-7043,02090,Fairbanks North Star,02
US-7044,02090,Fairbanks North Star,02
US-7045,02068,Denali,02
US-7047,02068,Denali,02
US-7048,02170,Matanuska-Susitna,02
US-7053,29099,Jefferson,29
US-7056,19071,Fremont,19
US-7058,56019,Johnson,56
US-7059,08125,Yuma,08
US-7067,30029,Flathead,30
US-7070,08125,Yuma,08
US-7073,46102,Oglala Lakota,46
US-7074,56037,Sweetwater,56
US-7075,56037,Sweetwater,56
US-7080,51171,Shenandoah,51
US-7081,51001,Accomack,51
US-7082,51053,Dinwiddie,51
US-7083,13273,Terrell,13
US-7084,09013,Tolland,09
US-7085,12113,Santa Rosa,12
US-7086,39093,Lorain,39
US-7087,01073,Jefferson,01
US-7088,22041,Franklin,22
US-7089,22003,Allen,22
US-7090,30039,Granite,30
US-7091,41043,Linn,41
US-7093,48463,Uvalde,48
US-7094,12086,Miami-Dade,12
US-7095,47157,Shelby,47
US-7096,48193,Hamilton,48
US-7097,13071,Colquitt,13
US-7098,51760,Richmond,51
US-7099,06053,Monterey,06
US-7100,13029,Bryan,13
US-7101,48287,Lee,48
US-7103,04001,Apache,04
US-7106,45085,Sumter,45
US-7111,06059,Orange,06
US-7114,48149,Fayette,48
US-7117,06045,Mendocino,06
US-7118,06045,Mendocino,06
US-7119,06055,Napa,06
US-7120,56015,Goshen,56
US-7125,55095,Polk,55
US-7126,55095,Polk,55
US-7130,19099,Jasper,19
US-7131,08014,Broomfield,08
US-7132,08001,Adams,08
US-7134,53063,Spokane,53
US-7144,17037,DeKalb,17
US-7145,25015,Hampshire,25
US-7146,12069,Lake,12
US-7147,27057,Hubbard,27
US-7148,12101,Pasco,12
US-7149,12115,Sarasota,12
US-7150,06037,Los Angeles,06
US-7151,12005,Bay,12
US-7152,12095,Orange,12
US-7153,30029,Flathead,30
US-7154,30057,Madison,30
US-7155,48175,Goliad,48
US-7156,36063,Niagara,36
US-7158,48399,Runnels,48
US-7159,01097,Mobile,01
US-7160,12099,Palm Beach,12
US-7161,12115,Sarasota,12
US-7162,12107,Putnam,12
US-7163,12017,Citrus,12
US-7165,06001,Alameda,06
US-7168,06029,Kern,06
US-7169,36065,Oneida,36
US-7170,12079,Madison,12
US-7171,12015,Charlotte,12
US-7172,12015,Charlotte,12
US-7173,06007,Butte,06
US-7174,06007,Butte,06
US-7175,04003,Cochise,04
US-7176,06029,Kern,06
US-7177,22039,Evangeline,22
US-7178,22113,Vermilion,22
US-7179,06089,Shasta,06
US-7180,06089,Shasta,06
US-7181,06089,Shasta,06
US-7182,36045,Jefferson,36
US-7183,36045,Jefferson,36
US-7184,28039,George,28
US-7185,12071,Lee,12
US-7186,06089,Shasta,06
US-7187,06089,Shasta,06
US-7189,45019,Charleston,45
US-7193,32001,Churchill,32
US-7194,32023,Nye,32
US-7195,32023,Nye,32
US-7203,32023,Nye,32
US-7207,08099,Prowers,08
US-7208,48491,Williamson,48
US-7209,32011,Eureka,32
US-7213,32007,Elko,32
US-7216,37093,Hoke,37
US-7217,37093,Hoke,37
US-7218,37051,Cumberland,37
US-7219,37093,Hoke,37
US-7220,37093,Hoke,37
US-7221,37093,Hoke,37
US-7222,47125,Montgomery,47
US-7223,45067,Marion,45
US-7225,45063,Lexington,45
US-7227,45015,Berkeley,45
US-7228,48061,Cameron,48
US-7229,48323,Maverick,48
US-7230,48229,Hudspeth,48
US-7231,48141,El Paso,48
US-7232,48141,El Paso,48
US-7233,35013,Doña Ana,35
US-7234,35029,Luna,35
US-7235,35015,Eddy,35
US-7236,45063,Lexington,45
US-7239,32013,Humboldt,32
US-7242,32013,Humboldt,32
US-7247,32031,Washoe,32
US-7248,32031,Washoe,32
US-7257,20173,Sedgwick,20
US-7265,05079,Lincoln,05
US-7269,06001,Alameda,06
US-7270,06099,Stanislaus,06
US-7271,06043,Mariposa,06
US-7272,06053,Monterey,06
US-7273,06017,El Dorado,06
US-7274,06109,Tuolumne,06
US-7275,06109,Tuolumne,06
US-7281,13179,Liberty,13
US-7290,20173,Sedgwick,20
US-7291,20173,Sedgwick,20
US-7292,48227,Howard,48
US-7293,20173,Sedgwick,20
US-7296,42043,Dauphin,42
US-7297,42107,Schuylkill,42
US-7301,47003,Bedford,47
US-7302,12127,Volusia,12
US-7303,12119,Sumter,12
US-7308,42127,Wayne,42
US-7309,35001,Bernalillo,35
US-7310,48219,Hockley,48
US-7311,40037,Creek,40
US-7312,40119,Payne,40
US-7313,48079,Cochran,48
US-7314,29167,Polk,29
US-7315,26099,Macomb,26
US-7316,49019,Grand,49
US-7322,48127,Dimmit,48
US-7323,48265,Kerr,48
US-7325,17111,McHenry,17
US-7327,48277,Lamar,48
US-7328,48277,Lamar,48
US-7329,17089,Kane,17
US-7330,48155,Foard,48
US-7336,06065,Riverside,06
US-7338,29149,Oregon,29
US-7339,23005,Cumberland,23
US-7340,36025,Delaware,36
US-7341,36109,Tompkins,36
US-7347,39063,Hancock,39
US-7348,39169,Wayne,39
US-7349,16021,Boundary,16
US-7350,53065,Stevens,53
US-7351,13227,Pickens,13
US-7352,48453,Travis,48
US-7354,48419,Shelby,48
US-7355,22031,De Soto,22
US-7356,22105,Tangipahoa,22
US-7357,13121,Fulton,13
US-7359,13135,Gwinnett,13
US-7360,29169,Pulaski,29
US-7361,40127,Pushmataha,40
US-7362,13033,Burke,13
US-7363,13111,Fannin,13
US-7364,13135,Gwinnett,13
US-7365,13139,Hall,13
US-7366,13059,Clarke,13
US-7367,13211,Morgan,13
US-7368,48143,Erath,48
US-7369,53019,Ferry,53
US-7371,53065,Stevens,53
US-7372,53065,Stevens,53
US-7373,17161,Rock Island,17
US-7374,13293,Upson,13
US-7375,41063,Wallowa,41
US-7376,32007,Elko,32
US-7377,16085,Valley,16
US-7378,41029,Jackson,41
US-7379,47157,Shelby,47
US-7380,47187,Williamson,47
US-7384,40135,Sequoyah,40
US-7390,30045,Judith Basin,30
US-7394,53051,Pend Oreille,53
US-7395,48077,Clay,48
US-7396,31161,Sheridan,31
US-7398,37131,Northampton,37
US-7399,04019,Pima,04
US-7400,04019,Pima,04
US-7402,28031,Covington,28
US-7404,37097,Iredell,37
US-7405,37159,Rowan,37
US-7407,17081,Jefferson,17
US-7408,08053,Hinsdale,08
US-7409,06049,Modoc,06
US-7412,08051,Gunnison,08
US-7413,01097,Mobile,01
US-7414,28069,Kemper,28
US-7417,17197,Will,17
US-7424,13267,Tattnall,13
US-7425,12095,Orange,12
US-7426,19075,Grundy,19
US-7427,27037,Dakota,27
US-7429,40097,Mayes,40
US-7430,55085,Oneida,55
US-7431,53057,Skagit,53
US-7432,19185,Wayne,19
US-7433,42005,Armstrong,42
US-7434,22001,Acadia,22
US-7438,21067,Fayette,21
US-7439,21065,Estill,21
US-7440,21065,Estill,21
US-7441,39013,Belmont,39
US-7456,30081,Ravalli,30
US-7460,17151,Pope,17
US-7461,36121,Wyoming,36
US-7462,36121,Wyoming,36
US-7463,36121,Wyoming,36
US-7465,01113,Russell,01
US-7466,01113,Russell,01
US-7469,47139,Polk,47
US-7470,13183,Long,13
US-7475,41045,Malheur,41
US-7476,17197,Will,17
US-7477,22057,Lafourche,22
US-7478,18003,Allen,18
US-7479,29041,Chariton,29
US-7480,27139,Scott,27
US-7481,02122,Kenai Peninsula,02
US-7482,16069,Nez Perce,16
US-7483,16069,Nez Perce,16
US-7484,16049,Idaho,16
US-7485,48131,Duval,48
US-7486,31055,Douglas,31
US-7487,48043,Brewster,48
US-7488,08059,Jefferson,08
US-7489,32001,Churchill,32
US-7490,30081,Ravalli,30
US-7491,41063,Wallowa,41
US-7492,56021,Laramie,56
US-7495,56039,Teton,56
US-7496,18091,LaPorte,18
US-7497,36071,Orange,36
US-7499,37093,Hoke,37
US-7500,27019,Carver,27
US-7501,22103,St. Tammany,22
US-7502,20025,Clark,20
US-7506,17073,Henry,17
US-7507,48413,Schleicher,48
US-7508,55089,Ozaukee,55
US-7509,55127,Walworth,55
US-7510,55009,Brown,55
US-7511,20051,Ellis,20
US-7512,12073,Leon,12
US-7514,42027,Centre,42
US-7515,26125,Oakland,26
US-7516,17085,Jo Daviess,17
US-7517,04007,Gila,04
US-7518,08055,Huerfano,08
US-7519,16045,Gem,16
US-7520,30111,Yellowstone,30
US-7521,37031,Carteret,37
US-7522,32019,Lyon,32
US-7523,32031,Washoe,32
US-7524,48489,Willacy,48
US-7525,55039,Fond du Lac,55
US-7527,22003,Allen,22
US-7528,22009,Avoyelles,22
US-7530,22025,Catahoula,22
US-7531,22025,Catahoula,22
US-7532,17175,Stark,17
US-7533,17175,Stark,17
US-7535,30089,Sanders,30
US-7539,32013,Humboldt,32
US-7540,32007,Elko,32
US-7541,32013,Humboldt,32
US-7542,06039,Madera,06
US-7543,32031,Washoe,32
US-7545,32013,Humboldt,32
US-7554,55065,Lafayette,55
US-7555,48021,Bastrop,48
US-7556,48085,Collin,48
US-7557,48277,Lamar,48
US-7558,21117,Kenton,21
US-7559,48113,Dallas,48
US-7561,16059,Lemhi,16
US-7562,32021,Mineral,32
US-7563,48171,Gillespie,48
US-7564,48497,Wise,48
US-7565,48491,Williamson,48
US-7566,48099,Coryell,48
US-7567,48053,Burnet,48
US-7568,29095,Jackson,29
US-7569,29103,Knox,29
US-7570,20157,Republic,20
US-7571,55139,Winnebago,55
US-7572,36087,Rockland,36
US-7573,21049,Clark,21
US-7574,19181,Warren,19
US-7575,12009,Brevard,12
US-7576,36121,Wyoming,36
US-7577,35029,Luna,35
US-7578,48373,Polk,48
US-7579,48291,Liberty,48
US-7580,47149,Rutherford,47
US-7581,48013,Atascosa,48
US-7582,04021,Pinal,04
US-7583,48247,Jim Hogg,48
US-7585,29085,Hickory,29
US-7586,31067,Gage,31
US-7587,55135,Waupaca,55
US-7588,51630,Fredericksburg,51
US-7589,26161,Washtenaw,26
US-7590,32023,Nye,32
US-7591,27061,Itasca,27
US-7592,32013,Humboldt,32
US-7593,32013,Humboldt,32
US-7594,48491,Williamson,48
US-7597,48059,Callahan,48
US-7598,48031,Blanco,48
US-7599,48283,La Salle,48
US-7600,48311,McMullen,48
US-7601,48479,Webb,48
US-7603,15001,Hawaii,15
US-7604,15001,Hawaii,15
US-7605,04012,La Paz,04
US-7606,04015,Mohave,04
US-7607,04015,Mohave,04
US-7608,04012,La Paz,04
US-7609,04027,Yuma,04
US-7610,45045,Greenville,45
US-7621,05069,Jefferson,05
US-7622,05069,Jefferson,05
US-7625,05069,Jefferson,05
US-7626,05079,Lincoln,05
US-7627,05079,Lincoln,05
US-7629,05069,Jefferson,05
US-7630,05001,Arkansas,05
US-7631,05001,Arkansas,05
US-7634,05001,Arkansas,05
US-7636,22065,Madison,22
US-7645,23029,Washington,23
US-7647,48043,Brewster,48
US-7649,48377,Presidio,48
US-7652,32023,Nye,32
US-7659,53071,Walla Walla,53
US-7664,05125,Saline,05
US-7668,22067,Morehouse,22
US-7669,05085,Lonoke,05
US-7670,05085,Lonoke,05
US-7673,02170,Matanuska-Susitna,02
US-7676,02170,Matanuska-Susitna,02
US-7677,41001,Baker,41
US-7679,05003,Ashley,05
US-7680,01001,Autauga,01
US-7684,22067,Morehouse,22
US-7685,02170,Matanuska-Susitna,02
US-7686,26141,Presque Isle,26
US-7688,29023,Butler,29
US-7689,28055,Issaquena,28
US-7694,42061,Huntingdon,42
US-7698,56019,Johnson,56
US-7699,56019,Johnson,56
US-7700,56019,Johnson,56
US-7702,30111,Yellowstone,30
US-7703,13245,Richmond,13
US-7707,26129,Ogemaw,26
US-7708,08029,Delta,08
US-7710,04011,Greenlee,04
US-7717,41045,Malheur,41
US-7718,41045,Malheur,41
US-7720,16073,Owyhee,16
US-7721,41045,Malheur,41
US-7722,29207,Stoddard,29
US-7724,35029,Luna,35
US-7725,35049,Santa Fe,35
US-7726,35043,Sandoval,35
US-7727,35039,Rio Arriba,35
US-7728,35029,Luna,35
US-7729,35001,Bernalillo,35
US-7732,35017,Grant,35
US-7734,27011,Big Stone,27
US-7736,27019,Carver,27
US-7737,12035,Flagler,12
US-7742,27095,Mille Lacs,27
US-7743,55101,Racine,55
US-7744,27021,Cass,27
US-7753,27045,Fillmore,27
US-7756,22075,Plaquemines,22
US-7757,04025,Yavapai,04
US-7759,28149,Warren,28
US-7762,45035,Dorchester,45
US-7765,27097,Morrison,27
US-7766,27097,Morrison,27
US-7767,27097,Morrison,27
US-7768,27097,Morrison,27
US-7769,27097,Morrison,27
US-7770,13029,Bryan,13
US-7777,30095,Stillwater,30
US-7779,17099,LaSalle,17
US-7782,48043,Brewster,48
US-7783,30061,Mineral,30
US-7786,05067,Jackson,05
US-7787,05067,Jackson,05
US-7790,05075,Lawrence,05
US-7791,05021,Clay,05
US-7793,05021,Clay,05
US-7794,05075,Lawrence,05
US-7795,05075,Lawrence,05
US-7796,05075,Lawrence,05
US-7797,05075,Lawrence,05
US-7800,48043,Brewster,48
US-7802,05075,Lawrence,05
US-7803,05067,Jackson,05
US-7804,05067,Jackson,05
US-7805,05067,Jackson,05
US-7806,05067,Jackson,05
US-7808,05067,Jackson,05
US-7809,05067,Jackson,05
US-7811,05031,Craighead,05
US-7814,05063,Independence,05
US-7815,05063,Independence,05
US-7816,05063,Independence,05
US-7817,05085,Lonoke,05
US-7818,05067,Jackson,05
US-7819,05021,Clay,05
US-7820,05021,Clay,05
US-7821,05021,Clay,05
US-7822,05075,Lawrence,05
US-7823,08011,Bent,08
US-7824,08009,Baca,08
US-7825,13315,Wilcox,13
US-7827,13019,Berrien,13
US-7828,20033,Comanche,20
US-7829,20033,Comanche,20
US-7832,08035,Douglas,08
US-7833,18087,LaGrange,18
US-7834,29027,Callaway,29
US-7835,12069,Lake,12
US-7836,12057,Hillsborough,12
US-7837,27039,Dodge,27
US-7838,42111,Somerset,42
US-7839,18059,Hancock,18
US-7840,12086,Miami-Dade,12
US-7841,42129,Westmoreland,42
US-7842,53045,Mason,53
US-7843,28135,Tallahatchie,28
US-7845,31077,Greeley,31
US-7848,29161,Phelps,29
US-7849,13035,Butts,13
US-7850,36063,Niagara,36
US-7851,16037,Custer,16
US-7852,41047,Marion,41
US-7853,42133,York,42
US-7854,55131,Washington,55
US-7855,46017,Buffalo,46
US-7859,06073,San Diego,06
US-7860,06037,Los Angeles,06
US-7861,06037,Los Angeles,06
US-7862,06037,Los Angeles,06
US-7863,32003,Clark,32
US-7864,49017,Garfield,49
US-7865,06073,San Diego,06
US-7866,06065,Riverside,06
US-7867,49053,Washington,49
US-7868,49029,Morgan,49
US-7871,20017,Chase,20
US-7874,20045,Douglas,20
US-7879,41013,Crook,41
US-7881,22067,Morehouse,22
US-7882,29023,Butler,29
US-7884,05055,Greene,05
US-7887,05055,Greene,05
US-7888,05055,Greene,05
US-7891,05079,Lincoln,05
US-7894,05121,Randolph,05
US-7895,05121,Randolph,05
US-7898,01047,Dallas,01
US-7909,27097,Morrison,27
US-7910,22067,Morehouse,22
US-7914,29201,Scott,29
US-7917,29207,Stoddard,29
US-7918,05063,Independence,05
US-7920,05121,Randolph,05
US-7921,05075,Lawrence,05
US-7926,05055,Greene,05
US-7927,05085,Lonoke,05
US-7930,20173,Sedgwick,20
US-7937,08055,Huerfano,08
US-7938,08109,Saguache,08
US-7940,32033,White Pine,32
US-7941,50013,Grand Isle,50
US-7959,53063,Spokane,53
US-7974,32023,Nye,32
US-7975,32023,Nye,32
US-7977,22107,Tensas,22
US-7979,22035,East Carroll,22
US-7980,22035,East Carroll,22
US-7983,28083,Leflore,28
US-7984,28083,Leflore,28
US-7985,28083,Leflore,28
US-7986,28083,Leflore,28
US-7987,28083,Leflore,28
US-8001,17181,Union,17
US-8003,19011,Benton,19
US-8008,36055,Monroe,36
US-8012,32033,White Pine,32
US-8013,22041,Franklin,22
US-8014,22025,Catahoula,22
US-8015,22083,Richland,22
US-8016,22029,Concordia,22
US-8017,22065,Madison,22
US-8018,22065,Madison,22
US-8019,22065,Madison,22
US-8020,29133,Mississippi,29
US-8022,42009,Bedford,42
US-8023,53009,Clallam,53
US-8024,39165,Warren,39
US-8025,12033,Escambia,12
US-8026,02090,Fairbanks North Star,02
US-8027,12005,Bay,12
US-8028,18089,Lake,18
US-8029,42037,Columbia,42
US-8030,51057,Essex,51
US-8043,20015,Butler,20
US-8045,13109,Evans,13
US-8047,13109,Evans,13
US-8048,13109,Evans,13
US-8049,13267,Tattnall,13
US-8062,05119,Pulaski,05
US-8067,22123,West Carroll,22
US-8072,22035,East Carroll,22
US-8075,28163,Yazoo,28
US-8076,05017,Chicot,05
US-8077,05017,Chicot,05
US-8079,05003,Ashley,05
US-8081,22067,Morehouse,22
US-8082,05003,Ashley,05
US-8088,05001,Arkansas,05
US-8089,05041,Desha,05
US-8090,05041,Desha,05
US-8110,41045,Malheur,41
US-8111,41045,Malheur,41
US-8113,37107,Lenoir,37
US-8119,18113,Noble,18
US-8122,53071,Walla Walla,53
US-8128,32013,Humboldt,32
US-8130,48453,Travis,48
US-8131,29023,Butler,29
US-8134,36087,Rockland,36
US-8135,42081,Lycoming,42
US-8136,34015,Gloucester,34
US-8137,06037,Los Angeles,06
US-8138,06037,Los Angeles,06
US-8139,30031,Gallatin,30
US-8140,40119,Payne,40
US-8141,42107,Schuylkill,42
US-8142,47179,Washington,47
US-8143,47159,Smith,47
US-8144,08123,Weld,08
US-8145,53007,Chelan,53
US-8146,56035,Sublette,56
US-8147,42065,Jefferson,42
US-8148,01089,Madison,01
US-8149,08017,Cheyenne,08
US-8150,27061,Itasca,27
US-8152,29019,Boone,29
US-8153,49007,Carbon,49
US-8155,26161,Washtenaw,26
US-8156,26161,Washtenaw,26
US-8161,55089,Ozaukee,55
US-8162,53033,King,53
US-8163,16013,Blaine,16
US-8164,36089,St. Lawrence,36
US-8165,29049,Clinton,29
US-8166,01117,Shelby,01
US-8167,05125,Saline,05
US-8168,42017,Bucks,42
US-8169,48339,Montgomery,48
US-8170,12101,Pasco,12
US-8171,01089,Madison,01
US-8172,48037,Bowie,48
US-8173,20099,Labette,20
US-8174,01103,Morgan,01
US-8175,36065,Oneida,36
US-8176,47057,Grainger,47
US-8177,47065,Hamilton,47
US-8178,48029,Bexar,48
US-8179,48167,Galveston,48
US-8180,06037,Los Angeles,06
US-8181,06037,Los Angeles,06
US-8183,48311,McMullen,48
US-8184,12045,Gulf,12
US-8187,42133,York,42
US-8189,49013,Duchesne,49
US-8190,04005,Coconino,04
US-8191,04005,Coconino,04
US-8192,08119,Teller,08
US-8193,08123,Weld,08
US-8194,23003,Aroostook,23
US-8195,22013,Bienville,22
US-8196,16001,Ada,16
US-8197,16001,Ada,16
US-8201,02122,Kenai Peninsula,02
US-8202,02122,Kenai Peninsula,02
US-8208,22067,Morehouse,22
US-8209,22107,Tensas,22
US-8210,22065,Madison,22
US-8211,28149,Warren,28
US-8212,28149,Warren,28
US-8213,22065,Madison,22
US-8221,41043,Linn,41
US-8223,41039,Lane,41
US-8224,41039,Lane,41
US-8228,41015,Curry,41
US-8229,41015,Curry,41
US-8235,41037,Lake,41
US-8237,41015,Curry,41
US-8238,41029,Jackson,41
US-8241,41033,Josephine,41
US-8243,41013,Crook,41
US-8244,05143,Washington,05
US-8256,36063,Niagara,36
US-8262,41069,Wheeler,41
US-8264,29181,Ripley,29
US-8268,20103,Leavenworth,20
US-8269,16073,Owyhee,16
US-8270,26151,Sanilac,26
US-8271,26151,Sanilac,26
US-8272,26063,Huron,26
US-8274,48377,Presidio,48
US-8275,48043,Brewster,48
US-8276,48043,Brewster,48
US-8281,51800,Suffolk,51
US-8294,42121,Venango,42
US-8297,28163,Yazoo,28
US-8298,05041,Desha,05
US-8299,34033,Salem,34
US-8300,10005,Sussex,10
US-8302,53063,Spokane,53
US-8303,53063,Spokane,53
US-8304,02170,Matanuska-Susitna,02
US-8305,46063,Harding,46
US-8306,46063,Harding,46
US-8307,46093,Meade,46
US-8309,46105,Perkins,46
US-8312,18053,Grant,18
US-8313,30029,Flathead,30
US-8314,48049,Brown,48
US-8315,05095,Monroe,05
US-8316,39055,Geauga,39
US-8317,46045,Edmunds,46
US-8318,40073,Kingfisher,40
US-8319,40109,Oklahoma,40
US-8320,48291,Liberty,48
US-8321,35053,Socorro,35
US-8322,20059,Franklin,20
US-8323,27007,Beltrami,27
US-8324,27111,Otter Tail,27
US-8330,16019,Bonneville,16
US-8342,41041,Lincoln,41
US-8352,41055,Sherman,41
US-8353,41021,Gilliam,41
US-8354,41023,Grant,41
US-8355,41025,Harney,41
US-8357,27053,Hennepin,27
US-8359,32023,Nye,32
US-8360,32023,Nye,32
US-8361,32023,Nye,32
US-8363,30059,Meagher,30
US-8364,24019,Dorchester,24
US-8365,05119,Pulaski,05
US-8366,39085,Lake,39
US-8367,39007,Ashtabula,39
US-8368,29095,Jackson,29
US-8369,39085,Lake,39
US-8370,18089,Lake,18
US-8371,27061,Itasca,27
US-8372,40137,Stephens,40
US-8373,42071,Lancaster,42
US-8374,42001,Adams,42
US-8375,42105,Potter,42
US-8376,46093,Meade,46
US-8377,48491,Williamson,48
US-8378,48357,Ochiltree,48
US-8379,48121,Denton,48
US-8385,41045,Malheur,41
US-8386,41025,Harney,41
US-8388,41013,Crook,41
US-8396,26147,St. Clair,26
US-8399,16073,Owyhee,16
US-8400,16073,Owyhee,16
US-8401,48043,Brewster,48
US-8404,48303,Lubbock,48
US-8405,26025,Calhoun,26
US-8406,20119,Meade,20
US-8407,18023,Clinton,18
US-8408,29151,Osage,29
US-8409,29125,Maries,29
US-8410,05063,Independence,05
US-8411,26021,Berrien,26
US-8412,55065,Lafayette,55
US-8413,21049,Clark,21
US-8414,27049,Goodhue,27
US-8415,40027,Cleveland,40
US-8417,47097,Lauderdale,47
US-8418,21081,Grant,21
US-8419,47189,Wilson,47
US-8420,21231,Wayne,21
US-8421,24009,Calvert,24
US-8422,42091,Montgomery,42
US-8423,20161,Riley,20
US-8424,20161,Riley,20
US-8425,20167,Russell,20
US-8427,12119,Sumter,12
US-8428,30049,Lewis and Clark,30
US-8429,33015,Rockingham,33
US-8430,40027,Cleveland,40
US-8431,48477,Washington,48
US-8433,54077,Preston,54
US-8434,15001,Hawaii,15
US-8436,42027,Centre,42
US-8437,18003,Allen,18
US-8438,45091,York,45
US-8439,42053,Forest,42
US-8440,04015,Mohave,04
US-8441,08123,Weld,08
US-8442,35001,Bernalillo,35
US-8443,42127,Wayne,42
US-8444,41033,Josephine,41
US-8445,48339,Montgomery,48
US-8446,49049,Utah,49
US-8447,56021,Laramie,56
US-8448,02013,Aleutians East,02
US-8449,30031,Gallatin,30
US-8450,02158,Kusilvak,02
US-8452,08023,Costilla,08
US-8453,35039,Rio Arriba,35
US-8454,13295,Walker,13
US-8455,04017,Navajo,04
US-8456,22005,Ascension,22
US-8457,17027,Clinton,17
US-8458,36043,Herkimer,36
US-8459,34021,Mercer,34
US-8460,01077,Lauderdale,01
US-8461,06037,Los Angeles,06
US-8462,09013,Tolland,09
US-8463,12097,Osceola,12
US-8464,51131,Northampton,51
US-8465,30049,Lewis and Clark,30
US-8466,30047,Lake,30
US-8467,48029,Bexar,48
US-8468,47089,Jefferson,47
US-8469,47161,Stewart,47
US-8470,39035,Cuyahoga,39
US-8471,27061,Itasca,27
US-8472,19113,Linn,19
US-8473,04009,Graham,04
US-8474,51143,Pittsylvania,51
US-8475,12095,Orange,12
US-8476,27077,Lake of the Woods,27
US-8477,29101,Johnson,29
US-8479,20163,Rooks,20
US-8480,08087,Morgan,08
US-8481,26065,Ingham,26
US-8482,26065,Ingham,26
US-8483,26089,Leelanau,26
US-8484,28143,Tunica,28
US-8485,42025,Carbon,42
US-8486,42067,Juniata,42
US-8487,48231,Hunt,48
US-8488,48231,Hunt,48
US-8489,15001,Hawaii,15
US-8490,04003,Cochise,04
US-8491,35023,Hidalgo,35
US-8493,56009,Converse,56
US-8494,56009,Converse,56
US-8495,56025,Natrona,56
US-8496,56009,Converse,56
US-8498,16065,Madison,16
US-8500,16029,Caribou,16
US-8501,08103,Rio Blanco,08
US-8502,08103,Rio Blanco,08
US-8503,49053,Washington,49
US-8504,48485,Wichita,48
US-8505,06049,Modoc,06
US-8506,17111,McHenry,17
US-8507,21067,Fayette,21
US-8508,21067,Fayette,21
US-8509,21231,Wayne,21
US-8510,21215,Spencer,21
US-8511,26081,Kent,26
US-8512,28151,Washington,28
US-8513,27085,McLeod,27
US-8514,26081,Kent,26
US-8515,29009,Barry,29
US-8516,27151,Swift,27
US-8518,41025,Harney,41
US-8519,39053,Gallia,39
US-8523,40021,Cherokee,40
US-8524,40021,Cherokee,40
US-8525,51035,Carroll,51
US-8529,48377,Presidio,48
US-8534,06115,Yuba,06
US-8536,13087,Decatur,13
US-8537,56005,Campbell,56
US-8539,56025,Natrona,56
US-8540,56019,Johnson,56
US-8541,56005,Campbell,56
US-8543,56005,Campbell,56
US-8550,26111,Midland,26
US-8551,19183,Washington,19
US-8553,13153,Houston,13
US-8555,13037,Calhoun,13
US-8556,13069,Coffee,13
US-8557,56005,Campbell,56
US-8558,56005,Campbell,56
US-8559,56005,Campbell,56
US-8560,56005,Campbell,56
US-8561,56019,Johnson,56
US-8562,56019,Johnson,56
US-8563,56019,Johnson,56
US-8564,56019,Johnson,56
US-8565,56005,Campbell,56
US-8566,41055,Sherman,41
US-8568,08085,Montrose,08
US-8570,08077,Mesa,08
US-8571,08029,Delta,08
US-8577,04001,Apache,04
US-8581,56027,Niobrara,56
US-8585,06011,Colusa,06
US-8586,06029,Kern,06
US-8587,06019,Fresno,06
US-8588,39057,Greene,39
US-8589,39057,Greene,39
US-8590,18011,Boone,18
US-8591,26145,Saginaw,26
US-8592,26003,Alger,26
US-8594,48251,Johnson,48
US-8595,16023,Butte,16
US-8596,08055,Huerfano,08
US-8597,28011,Bolivar,28
US-8598,28011,Bolivar,28
US-8599,31041,Custer,31
US-8600,31107,Knox,31
US-8601,46023,Charles Mix,46
US-8602,31049,Deuel,31
US-8603,31029,Chase,31
US-8604,31047,Dawson,31
US-8609,48187,Guadalupe,48
US-8610,31181,Webster,31
US-8611,48429,Stephens,48
US-8612,48447,Throckmorton,48
US-8614,31107,Knox,31
US-8616,15001,Hawaii,15
US-8617,30071,Phillips,30
US-8619,20149,Pottawatomie,20
US-8620,20149,Pottawatomie,20
US-8621,31133,Pawnee,31
US-8622,48053,Burnet,48
US-8623,48491,Williamson,48
US-8624,18107,Montgomery,18
US-8626,28107,Panola,28
US-8627,28121,Rankin,28
US-8629,28151,Washington,28
US-8630,28151,Washington,28
US-8631,28055,Issaquena,28
US-8633,37053,Currituck,37
US-8636,28145,Union,28
US-8637,47039,Decatur,47
US-8638,20161,Riley,20
US-8641,05031,Craighead,05
US-8642,05031,Craighead,05
US-8645,05111,Poinsett,05
US-8646,05031,Craighead,05
US-8647,05031,Craighead,05
US-8649,46041,Dewey,46
US-8653,47119,Maury,47
US-8655,04021,Pinal,04
US-8657,27053,Hennepin,27
US-8661,08009,Baca,08
US-8668,37015,Bertie,37
US-8670,31131,Otoe,31
US-8671,31057,Dundy,31
US-8675,28011,Bolivar,28
US-8679,20161,Riley,20
US-8681,04027,Yuma,04
US-8682,21175,Morgan,21
US-8683,05021,Clay,05
US-8684,21211,Shelby,21
US-8685,51067,Franklin,51
US-8686,51031,Campbell,51
US-8687,37023,Burke,37
US-8688,27081,Lincoln,27
US-8689,06081,San Mateo,06
US-8690,06113,Yolo,06
US-8691,35045,San Juan,35
US-8692,48221,Hood,48
US-8693,06059,Orange,06
US-8694,06059,Orange,06
US-8695,06059,Orange,06
US-8696,06059,Orange,06
US-8697,06059,Orange,06
US-8698,06059,Orange,06
US-8699,06059,Orange,06
US-8700,06059,Orange,06
US-8701,06059,Orange,06
US-8702,06059,Orange,06
US-8703,48109,Culberson,48
US-8704,48229,Hudspeth,48
US-8706,48229,Hudspeth,48
US-8707,20161,Riley,20
US-8717,28151,Washington,28
US-8722,28011,Bolivar,28
US-8723,28011,Bolivar,28
US-8725,05041,Desha,05
US-8731,47157,Shelby,47
US-8732,06037,Los Angeles,06
US-8737,37061,Duplin,37
US-8742,05035,Crittenden,05
US-8743,05037,Cross,05
US-8744,46045,Edmunds,46
US-8745,05037,Cross,05
US-8746,05037,Cross,05
US-8749,05111,Poinsett,05
US-8750,05117,Prairie,05
US-8751,05117,Prairie,05
US-8752,05117,Prairie,05
US-8753,22113,Vermilion,22
US-8754,05117,Prairie,05
US-8755,05117,Prairie,05
US-8756,05037,Cross,05
US-8757,05123,St. Francis,05
US-8760,05147,Woodruff,05
US-8761,05107,Phillips,05
US-8762,05001,Arkansas,05
US-8763,28133,Sunflower,28
US-8764,05035,Crittenden,05
US-8765,20055,Finney,20
US-8781,16079,Shoshone,16
US-8784,53039,Klickitat,53
US-8785,53039,Klickitat,53
US-8786,05037,Cross,05
US-8787,28083,Leflore,28
US-8788,05093,Mississippi,05
US-8796,05077,Lee,05
US-8799,05037,Cross,05
US-8800,05031,Craighead,05
US-8801,05055,Greene,05
US-8802,28011,Bolivar,28
US-8803,28119,Quitman,28
US-8804,05123,St. Francis,05
US-8811,28055,Issaquena,28
US-8812,28163,Yazoo,28
US-8813,28125,Sharkey,28
US-8815,28125,Sharkey,28
US-8816,28051,Holmes,28
US-8817,28083,Leflore,28
US-8818,28053,Humphreys,28
US-8819,05031,Craighead,05
US-8820,05001,Arkansas,05
US-8821,29143,New Madrid,29
US-8823,05123,St. Francis,05
US-8824,05123,St. Francis,05
US-8825,05123,St. Francis,05
US-8827,05111,Poinsett,05
US-8830,05037,Cross,05
US-8834,05111,Poinsett,05
US-8837,05147,Woodruff,05
US-8838,02170,Matanuska-Susitna,02
US-8842,05123,St. Francis,05
US-8849,28055,Issaquena,28
US-8850,28151,Washington,28
US-8851,28125,Sharkey,28
US-8852,28125,Sharkey,28
US-8853,28053,Humphreys,28
US-8854,28133,Sunflower,28
US-8855,29155,Pemiscot,29
US-8860,05147,Woodruff,05
US-8861,28135,Tallahatchie,28
US-8862,47047,Fayette,47
US-8863,47045,Dyer,47
US-8864,47095,Lake,47
US-8874,48295,Lipscomb,48
US-8875,05035,Crittenden,05
US-8876,05035,Crittenden,05
US-8878,16069,Nez Perce,16
US-8885,53075,Whitman,53
US-8887,28119,Quitman,28
US-8889,28053,Humphreys,28
US-8890,48481,Wharton,48
US-8891,48239,Jackson,48
US-8893,05031,Craighead,05
US-8894,47131,Obion,47
US-8895,47131,Obion,47
US-8901,37141,Pender,37
US-8906,31141,Platte,31
US-8910,13015,Bartow,13
US-8916,05031,Craighead,05
US-8918,28011,Bolivar,28
US-8919,29069,Dunklin,29
US-8923,38035,Grand Forks,38
US-8928,05037,Cross,05
US-8934,05111,Poinsett,05
US-8935,05035,Crittenden,05
US-8936,05037,Cross,05
US-8940,05091,Miller,05
US-8941,05091,Miller,05
US-8943,30075,Powder River,30
US-8944,05031,Craighead,05
US-8945,02122,Kenai Peninsula,02
US-8946,02164,Lake and Peninsula,02
US-8947,08109,Saguache,08
US-8948,02170,Matanuska-Susitna,02
US-8949,16075,Payette,16
US-8950,46099,Minnehaha,46
US-8951,53005,Benton,53
US-8952,21115,Johnson,21
US-8953,48413,Schleicher,48
US-8954,48201,Harris,48
US-8955,20161,Riley,20
US-8956,08123,Weld,08
US-8957,08069,Larimer,08
US-8958,08069,Larimer,08
US-8960,01069,Houston,01
US-8961,01003,Baldwin,01
US-8962,06093,Siskiyou,06
US-8963,37149,Polk,37
US-8964,48031,Blanco,48
US-8965,47125,Montgomery,47
US-8966,28081,Lee,28
US-8967,18135,Randolph,18
US-8968,06071,San Bernardino,06
US-8969,56023,Lincoln,56
US-8970,41035,Klamath,41
US-8971,42117,Tioga,42
US-8972,04021,Pinal,04
US-8973,12109,St. Johns,12
US-8974,48171,Gillespie,48
US-8975,06089,Shasta,06
US-8976,42001,Adams,42
US-8977,29027,Callaway,29
US-8978,05089,Marion,05
US-8979,01033,Colbert,01
US-8980,01073,Jefferson,01
US-8981,30045,Judith Basin,30
US-8982,38039,Griggs,38
US-8983,35037,Quay,35
US-8984,48205,Hartley,48
US-8985,51710,Norfolk,51
US-8986,51199,York,51
US-8987,08069,Larimer,08
US-8988,08069,Larimer,08
US-8989,02170,Matanuska-Susitna,02
US-8992,47093,Knox,47
US-8993,29081,Harrison,29
US-8994,19139,Muscatine,19
US-8995,12081,Manatee,12
US-8996,39155,Trumbull,39
US-8997,40139,Texas,40
US-8998,08043,Fremont,08
US-8999,46103,Pennington,46
US-9000,48355,Nueces,48
US-9001,48061,Cameron,48
US-9003,29051,Cole,29
US-9004,20111,Lyon,20
US-9005,02122,Kenai Peninsula,02
US-9018,06037,Los Angeles,06
US-9019,06037,Los Angeles,06
US-9021,28011,Bolivar,28
US-9026,05147,Woodruff,05
US-9027,05147,Woodruff,05
US-9029,05123,St. Francis,05
US-9031,20155,Reno,20
US-9033,12049,Hardee,12
US-9040,12037,Franklin,12
US-9042,08017,Cheyenne,08
US-9043,40143,Tulsa,40
US-9044,29225,Webster,29
US-9045,48331,Milam,48
US-9046,48099,Coryell,48
US-9047,40109,Oklahoma,40
US-9048,40017,Canadian,40
US-9049,48237,Jack,48
US-9050,40051,Grady,40
US-9051,48503,Young,48
US-9052,48023,Baylor,48
US-9053,48207,Haskell,48
US-9054,48433,Stonewall,48
US-9056,48125,Dickens,48
US-9057,40011,Blaine,40
US-9063,40109,Oklahoma,40
US-9067,39045,Fairfield,39
US-9068,36057,Montgomery,36
US-9069,47171,Unicoi,47
US-9070,29043,Christian,29
US-9071,39049,Franklin,39
US-9072,39045,Fairfield,39
US-9073,45005,Allendale,45
US-9074,48503,Young,48
US-9075,47037,Davidson,47
US-9076,51075,Goochland,51
US-9077,48209,Hays,48
US-9078,29123,Madison,29
US-9079,55117,Sheboygan,55
US-9080,17197,Will,17
US-9081,37173,Swain,37
US-9082,26029,Charlevoix,26
US-9083,36013,Chautauqua,36
US-9085,48137,Edwards,48
US-9092,48133,Eastland,48
US-9093,04025,Yavapai,04
US-9094,48465,Val Verde,48
US-9096,48043,Brewster,48
US-9097,48453,Travis,48
US-9100,51199,York,51
US-9101,48085,Collin,48
US-9102,08123,Weld,08
US-9103,20155,Reno,20
US-9104,17111,McHenry,17
US-9105,37081,Guilford,37
US-9106,12097,Osceola,12
US-9107,40137,Stephens,40
US-9113,06037,Los Angeles,06
US-9114,12093,Okeechobee,12
US-9115,26041,Delta,26
US-9116,24041,Talbot,24
US-9117,36121,Wyoming,36
US-9118,48453,Travis,48
US-9119,51063,Floyd,51
US-9120,51770,Roanoke,51
US-9121,54067,Nicholas,54
US-9122,29039,Cedar,29
US-9123,36065,Oneida,36
US-9124,18113,Noble,18
US-9125,06073,San Diego,06
US-9126,02164,Lake and Peninsula,02
US-9127,02164,Lake and Peninsula,02
US-9130,06037,Los Angeles,06
US-9131,06037,Los Angeles,06
US-9134,06073,San Diego,06
US-9135,04019,Pima,04
US-9139,24021,Frederick,24
US-9140,06033,Lake,06
US-9142,05031,Craighead,05
US-9143,32023,Nye,32
US-9144,32003,Clark,32
US-9145,06043,Mariposa,06
US-9146,06043,Mariposa,06
US-9147,17139,Moultrie,17
US-9148,39037,Darke,39
US-9149,06059,Orange,06
US-9150,06059,Orange,06
US-9151,06059,Orange,06
US-9152,06059,Orange,06
US-9155,42041,Cumberland,42
US-9156,06071,San Bernardino,06
US-9157,32001,Churchill,32
US-9158,32019,Lyon,32
US-9159,32019,Lyon,32
US-9160,32019,Lyon,32
US-9164,27089,Marshall,27
US-9167,30075,Powder River,30
US-9169,48171,Gillespie,48
US-9171,48467,Van Zandt,48
US-9172,48067,Cass,48
US-9173,48021,Bastrop,48
US-9174,48005,Angelina,48
US-9177,05069,Jefferson,05
US-9183,05085,Lonoke,05
US-9186,05085,Lonoke,05
US-9187,05085,Lonoke,05
US-9189,05021,Clay,05
US-9193,16069,Nez Perce,16
US-9195,05095,Monroe,05
US-9196,53075,Whitman,53
US-9197,05123,St. Francis,05
US-9200,27089,Marshall,27
US-9201,04013,Maricopa,04
US-9202,04003,Cochise,04
US-9203,04003,Cochise,04
US-9204,06037,Los Angeles,06
US-9205,06037,Los Angeles,06
US-9206,06037,Los Angeles,06
US-9207,06037,Los Angeles,06
US-9208,06037,Los Angeles,06
US-9209,06037,Los Angeles,06
US-9210,06111,Ventura,06
US-9211,04013,Maricopa,04
US-9212,04019,Pima,04
US-9213,48465,Val Verde,48
US-9214,04003,Cochise,04
US-9215,04003,Cochise,04
US-9217,48265,Kerr,48
US-9218,15003,Honolulu,15
US-9219,06083,Santa Barbara,06
US-9220,06079,San Luis Obispo,06
US-9221,48019,Bandera,48
US-9222,48019,Bandera,48
US-9224,40031,Comanche,40
US-9225,04003,Cochise,04
US-9226,48463,Uvalde,48
US-9227,48019,Bandera,48
US-9228,48137,Edwards,48
US-9229,48019,Bandera,48
US-9230,48019,Bandera,48
US-9231,48325,Medina,48
US-9232,48325,Medina,48
US-9233,48325,Medina,48
US-9236,04003,Cochise,04
US-9237,48237,Jack,48
US-9239,04003,Cochise,04
US-9240,48503,Young,48
US-9242,48269,King,48
US-9243,27115,Pine,27
US-9245,30087,Rosebud,30
US-9249,30085,Roosevelt,30
US-9250,28053,Humphreys,28
US-9252,37133,Onslow,37
US-9253,37141,Pender,37
US-9254,05077,Lee,05
US-9256,05147,Woodruff,05
US-9257,05111,Poinsett,05
US-9259,05117,Prairie,05
US-9260,41059,Umatilla,41
US-9261,04025,Yavapai,04
US-9262,41059,Umatilla,41
US-9263,41029,Jackson,41
US-9264,04015,Mohave,04
US-9265,27021,Cass,27
US-9267,06051,Mono,06
US-9268,32005,Douglas,32
US-9272,06053,Monterey,06
US-9273,08123,Weld,08
US-9274,27005,Becker,27
US-9275,05149,Yell,05
US-9276,08055,Huerfano,08
US-9277,12053,Hernando,12
US-9278,27105,Nobles,27
US-9279,42017,Bucks,42
US-9280,42027,Centre,42
US-9281,53037,Kittitas,53
US-9282,48423,Smith,48
US-9283,48147,Fannin,48
US-9284,48453,Travis,48
US-9285,48029,Bexar,48
US-9292,38093,Stutsman,38
US-9293,06071,San Bernardino,06
US-9294,48249,Jim Wells,48
US-9295,06037,Los Angeles,06
US-9296,06037,Los Angeles,06
US-9302,06019,Fresno,06
US-9303,06103,Tehama,06
US-9304,06019,Fresno,06
US-9306,06105,Trinity,06
US-9307,06045,Mendocino,06
US-9309,39061,Hamilton,39
US-9311,39129,Pickaway,39
US-9312,39129,Pickaway,39
US-9319,51033,Caroline,51
US-9327,51036,Charles City,51
US-9330,05111,Poinsett,05
US-9335,13271,Telfair,13
US-9336,13271,Telfair,13
US-9337,13271,Telfair,13
US-9338,13179,Liberty,13
US-9339,46065,Hughes,46
US-9340,21219,Todd,21
US-9341,18003,Allen,18
US-9343,49051,Wasatch,49
US-9344,24047,Worcester,24
US-OI21,39141,Ross,39
US-PA47,42049,Erie,42
US-SC49,45009,Bamberg,45
US-UT73,49053,Washington,49
US-UT77,49017,Garfield,49
US-VA38,51810,Virginia Beach,51
US-VA47,51165,Rockingham,51
US-VA51,51195,Wise,51
US-VA53,51103,Lancaster,51
US-VA74,51109,Louisa,51
VA87,51153,Prince William,51
VT67,50023,Washington,50
WI23,55007,Bayfield,55
WN2,55005,Barron,55
WT21,53063,Spokane,53
WV76,54087,Roane,54
Y16,19065,Fayette,19
Z41,02020,Anchorage,02
ZZ-0003,48217,Hill,48
K00A,42017,Bucks,42
K00N,34011,Cumberland,34
K00S,41039,Lane,41
K00W,53023,Garfield,53
K01A,02068,Denali,02
K01J,12089,Nassau,12
K01K,20191,Sumner,20
K01U,32023,Nye,32
K03S,41005,Clackamas,41
K04I,39049,Franklin,39
K04V,08109,Saguache,08
K04W,27115,Pine,27
K05V,08023,Costilla,08
K06N,36071,Orange,36
K07N,42133,York,42
K02D,18085,Kosciusko,18
K08U,32007,Elko,32
K09T,48497,Wise,48
K09W,11001,District of Columbia,11
K0B2,23019,Penobscot,23
K0B7,50023,Washington,50
K0C1,29165,Platte,29
K0C2,17037,DeKalb,17
K0C5,26107,Mecosta,26
K0C8,17099,LaSalle,17
K0D7,39065,Hardin,39
K0E9,19185,Wayne,19
K0G0,36063,Niagara,36
K0G5,27031,Cook,27
K0H7,29045,Clark,29
K0I2,18021,Clay,18
K0J0,01067,Henry,01
K0J8,12001,Alachua,12
K0K6,40131,Rogers,40
K0L4,32009,Esmeralda,32
K0L6,22127,Winn,22
K5M6,26051,Gladwin,26
K0N4,10001,Kent,10
K0N5,10001,Kent,10
K0O4,06103,Tehama,06
K0P2,42133,York,42
K0S1,30029,Flathead,30
K0U0,16085,Valley,16
K0U1,16015,Boise,16
K0U2,16037,Custer,16
K0U3,16085,Valley,16
K0U7,16013,Blaine,16
K0U8,16059,Lemhi,16
K0U9,16087,Washington,16
K0W0,53033,King,53
K0W7,53073,Whatcom,53
K0Y6,19189,Winnebago,19
K10D,27085,McLeod,27
KHBE,18005,Bartholomew,18
K11N,09005,Litchfield,09
K11S,53009,Clallam,53
K11Y,55015,Calumet,55
K12A,05045,Faulkner,05
K12I,18047,Franklin,18
K12S,41023,Grant,41
K12T,48139,Ellis,48
K13D,26093,Livingston,26
KUSW,54087,Roane,54
K15A,01097,Mobile,01
PPIT,02050,Bethel,02
K16S,41019,Douglas,41
K16W,53075,Whitman,53
K1DS,45075,Orangeburg,45
K1E2,48043,Brewster,48
K1E8,36089,St. Lawrence,36
K1H1,36067,Onondaga,36
K1I3,18055,Greene,18
K1I8,18103,Miami,18
K01D,18085,Kosciusko,18
K1L4,32003,Clark,32
K1M3,01083,Limestone,01
K1N3,42033,Clearfield,42
K1O6,06093,Siskiyou,06
K1P1,33009,Grafton,33
K1S1,16021,Boundary,16
K1S6,16017,Bonner,16
K2Q0,45031,Darlington,45
K1T8,48091,Comal,48
K1U1,16049,Idaho,16
KTX2,48025,Bee,48
KX16,48097,Cooke,48
K1Z1,04015,Mohave,04
K26N,34009,Cape May,34
K27C,26107,Mecosta,26
K28U,41045,Malheur,41
K29F,48437,Swisher,48
PAJO,02261,Valdez-Cordova,02
K2E6,46013,Brown,46
K2H5,48157,Fort Bend,48
KC64,16035,Clearwater,16
KI20,18083,Knox,18
K2K8,20191,Sumner,20
K2KL,48053,Burnet,48
KS44,20119,Meade,20
K2N2,33009,Grafton,33
K31D,42003,Allegheny,42
KW11,55055,Jefferson,55
K38I,39021,Champaign,39
K39K,20139,Osage,20
K3A9,46011,Brookings,46
K3D2,55029,Door,55
K3M5,01089,Madison,01
K3O8,06019,Fresno,06
K3S5,26037,Clinton,26
K3U1,16049,Idaho,16
K3W5,53057,Skagit,53
K3W6,37017,Bladen,37
K3Y4,19085,Harrison,19
K3OK,40081,Lincoln,40
K47Y,27111,Otter Tail,27
K48P,42089,Monroe,42
K48U,56037,Sweetwater,56
K49C,55059,Kenosha,55
K49G,26045,Eaton,26
K49N,36103,Suffolk,36
KTBX,56013,Fremont,56
K4G7,54049,Marion,54
POKA,02050,Bethel,02
K6KS,20015,Butler,20
K4M8,05095,Monroe,05
K4MD,24510,Baltimore,24
K4N2,36123,Yates,36
K4V6,31161,Sheridan,31
K51M,26135,Oscoda,26
K52S,30047,Lake,30
K53K,20139,Osage,20
K54W,55045,Green,55
K5D6,39019,Carroll,39
K5D7,39113,Montgomery,39
K5E9,39041,Delaware,39
K5G4,55007,Bayfield,55
K5I6,18017,Cass,18
K5K3,31155,Saunders,31
KBQ1,37125,Moore,37
KOK1,40097,Mayes,40
K5R7,01097,Mobile,01
K5U8,30015,Chouteau,30
K5V4,08041,El Paso,08
K60G,26045,Eaton,26
K63Y,27081,Lincoln,27
K64V,31111,Lincoln,31
K66B,23029,Washington,23
K68C,55135,Waupaca,55
K68Y,27043,Faribault,27
K6B0,50001,Addison,50
K6B4,36043,Herkimer,36
K6B6,25017,Middlesex,25
KC67,18151,Steuben,18
K01E,18151,Steuben,18
K6K9,19177,Van Buren,19
K6M8,05111,Poinsett,05
K6P3,55025,Dane,55
K6U6,30005,Blaine,30
K6X6,48121,Denton,48
K6Y2,09005,Litchfield,09
K72S,53075,Whitman,53
K73F,48309,McLennan,48
KT27,36071,Orange,36
K76V,56031,Platte,56
K78I,18133,Putnam,18
K79C,55139,Winnebago,55
K7B3,33015,Rockingham,33
K7B9,09013,Tolland,09
K7C3,19043,Clayton,19
K7G2,38083,Sheridan,38
K7I2,18035,Delaware,18
PAKA,02261,Valdez-Cordova,02
K7N0,22071,Orleans,22
K7Q7,46095,Mellette,46
KNGT,48175,Goliad,48
K80L,06037,Los Angeles,06
K80V,56007,Carbon,56
K85V,04001,Apache,04
KT89,48043,Brewster,48
K8C5,19171,Tama,19
K8G8,39029,Columbiana,39
K3JA,20207,Woodson,20
K8M6,38063,Nelson,38
K8M7,21107,Hopkins,21
K8N1,42011,Berks,42
K8N4,42089,Monroe,42
K8W3,53017,Douglas,53
K8Y5,27153,Todd,27
K91C,55111,Sauk,55
K95Z,02090,Fairbanks North Star,02
K9FD,12093,Okeechobee,12
K97G,26037,Clinton,26
K98L,06037,Los Angeles,06
PACH,02050,Bethel,02
K9I0,17125,Mason,17
K9K0,20017,Chase,20
K9R5,48409,San Patricio,48
K9S7,30027,Fergus,30
K9W8,42133,York,42
KA05,16049,Idaho,16
KA26,06049,Modoc,06
KA28,06049,Modoc,06
KA51,12045,Gulf,12
PPNU,02185,North Slope,02
PAKX,02164,Lake and Peninsula,02
PATM,02070,Dillingham,02
KAZU,05131,Sebastian,05
KB04,36091,Saratoga,36
KB06,50001,Addison,50
KB10,23001,Androscoggin,23
KB18,33001,Belknap,33
KB70,30051,Liberty,30
KC00,17131,Mercer,17
KC01,34015,Gloucester,34
KC11,19095,Iowa,19
KC25,19017,Bremer,19
KC37,55045,Green,55
KC40,18179,Wells,18
KC43,26045,Eaton,26
KC44,09015,Windham,09
KC54,35003,Catron,35
KC55,17141,Ogle,17
KC56,17197,Will,17
KC59,55127,Walworth,55
KC66,17187,Warren,17
KC72,53063,Spokane,53
KC82,17103,Lee,17
KC86,17177,Stephenson,17
KC89,55101,Racine,55
KC92,18085,Kosciusko,18
KC97,18089,Lake,18
KC98,18111,Newton,18
KCDD,27137,St. Louis,27
KCJJ,19089,Howard,19
PACJ,02050,Bethel,02
KCSL,06079,San Luis Obispo,06
KD06,38099,Walsh,38
KD20,26147,St. Clair,26
KIUA,36069,Ontario,36
KD63,06023,Humboldt,06
KD88,36013,Chautauqua,36
PODC,02188,Northwest Arctic,02
PADT,02261,Valdez-Cordova,02
KDTG,17063,Grundy,17
KE40,37035,Catawba,37
KE53,26063,Huron,26
KE55,06045,Mendocino,06
KE68,04021,Pinal,04
KE81,04021,Pinal,04
KEOD,47125,Montgomery,47
KF92,40073,Kingfisher,40
KFEW,56021,Laramie,56
KFHK,01045,Dale,01
KFWB,29209,Stone,29
KH43,36087,Rockland,36
KH57,29187,St. Francois,29
KH63,31083,Harlan,31
KH66,40105,Nowata,40
KHAD,56025,Natrona,56
KHEY,01045,Dale,01
KHGT,06053,Monterey,06
KHL2,01003,Baldwin,01
KGDK,39057,Greene,39
KI42,18117,Orange,18
KI44,39113,Montgomery,39
KI72,18057,Hamilton,18
KI83,18175,Washington,18
KI91,18173,Warrick,18
KI96,21001,Adair,21
PABN,02261,Valdez-Cordova,02
KC53,16059,Lemhi,16
KC48,16049,Idaho,16
K01H,18099,Marshall,18
K01F,18151,Steuben,18
KJMC,06041,Marin,06
KJPN,51013,Arlington,51
KJRA,36061,New York,36
KJRB,36047,Kings,36
KFLY,08041,El Paso,08
KK08,08099,Prowers,08
KHDL,01067,Henry,01
KIYA,22113,Vermilion,22
KJCA,13157,Jackson,13
KBCR,12059,Holmes,12
KAPS,22095,St. John the Baptist,22
KK23,36077,Otsego,36
KEBA,13105,Elbert,13
KGDP,48229,Hudspeth,48
KLUV,48115,Dawson,48
KJHN,20187,Stanton,20
KIKW,26111,Midland,26
KCPP,13133,Greene,13
KFPY,12123,Taylor,12
KCNI,13057,Cherokee,13
KHMP,13151,Henry,13
KHTF,36101,Steuben,36
KGPC,18133,Putnam,18
KCQF,01003,Baldwin,01
KJSY,41063,Wallowa,41
KRTS,32031,Washoe,32
KK50,20173,Sedgwick,20
KFHB,12089,Nassau,12
KGDA,21055,Crittenden,21
KDNA,35013,Doña Ana,35
KSCR,37037,Chatham,37
KBVU,32003,Clark,32
KK68,20003,Anderson,20
KBAC,38003,Barnes,38
KHRF,30081,Ravalli,30
K71U,01045,Dale,01
KJQD,21183,Ohio,21
KRVF,30057,Madison,30
KGUR,56031,Platte,56
KBFZ,01095,Marshall,01
KRCV,08105,Rio Grande,08
KK96,17041,Douglas,17
KCVC,13217,Newton,13
KTMT,32015,Lander,32
KDWX,56007,Carbon,56
PAKC,02198,Prince of Wales-Hyder,02
KJTC,04001,Apache,04
KBRG,35061,Valencia,35
KMNE,22119,Webster,22
KRCE,40017,Canadian,40
KGZL,40061,Haskell,40
KCFO,08001,Adams,08
KGXF,04013,Maricopa,04
PAGX,02290,Yukon-Koyukuk,02
KOZS,29029,Camden,29
KJPX,36103,Suffolk,36
KSCA,39149,Shelby,39
KRGA,21151,Madison,21
KJRO,39079,Jackson,39
KSXU,35019,Guadalupe,35
KPCD,29157,Perry,29
KCPF,21193,Perry,21
KSJS,21159,Martin,21
KREG,22005,Ascension,22
KJVW,28049,Hinds,28
KXNX,47165,Sumner,47
KADF,05019,Clark,05
KFYG,29219,Warren,29
KJAQ,06005,Amador,06
KDJT,12099,Palm Beach,12
KMAN,16027,Canyon,16
KTXW,48215,Hidalgo,48
KDUB,56013,Fremont,56
KSVR,49035,Salt Lake,49
KBYL,21235,Whitley,21
KLUA,51139,Page,51
POKW,02198,Prince of Wales-Hyder,02
KFIN,12035,Flagler,12
KKY8,21091,Hancock,21
KL25,04015,Mohave,04
KL37,04005,Coconino,04
KL52,06079,San Luis Obispo,06
KL61,06027,Inyo,06
KL87,22017,Caddo,22
KLOR,01045,Dale,01
KLNQ,22075,Plaquemines,22
KLWD,19053,Decatur,19
KM38,01089,Madison,01
KM74,05145,White,05
KSYM,21069,Fleming,21
KD99,26147,St. Clair,26
KMO2,29077,Greene,29
KMO7,17163,St. Clair,17
KMYK,02261,Valdez-Cordova,02
KN26,37153,Richmond,37
KN41,09005,Litchfield,09
KN85,34019,Hunterdon,34
KN97,37057,Davidson,37
KNBV,12005,Bay,12
KNCY,51199,York,51
KO03,42011,Berks,42
KHES,06097,Sonoma,06
KO39,06035,Lassen,06
K6CM,39083,Knox,39
POLI,02185,North Slope,02
POOH,02105,Hoonah-Angoon,02
KP15,42123,Warren,42
K03G,42049,Erie,42
KPAI,06037,Los Angeles,06
PPWR,02220,Sitka,02
PFMP,02290,Yukon-Koyukuk,02
KS09,30089,Sanders,30
KS37,42071,Lancaster,42
KS77,16079,Shoshone,16
KS79,45051,Horry,45
KS92,16049,Idaho,16
KSH1,28035,Forrest,28
KM64,20119,Meade,20
PFSV,02290,Yukon-Koyukuk,02
KSXS,01031,Coffee,01
KSYL,06053,Monterey,06
KT13,48139,Ellis,48
PPCT,02290,Yukon-Koyukuk,02
PTFK,02110,Juneau,02
PALT,02050,Bethel,02
KU37,16011,Bingham,16
KU41,16033,Clark,16
KU48,16013,Blaine,16
KU87,16013,Blaine,16
KU91,16073,Owyhee,16
KU92,16023,Butte,16
KU94,16053,Jerome,16
KU97,16023,Butte,16
KU99,16063,Lincoln,16
KFA1,12069,Lake,12
50CO,08035,Douglas,08
6PA7,42097,Northumberland,42
KC12,35007,Colfax,35
K00U,30003,Big Horn,30
KCO1,08025,Crowley,08
16OK,40015,Caddo,40
K7ME,23003,Aroostook,23
K1DA,41063,Wallowa,41
K28X,48179,Gray,48
K0F3,19059,Dickinson,19
K17Q,20115,Marion,20
KNDV,11001,District of Columbia,11
KO62,41063,Wallowa,41
MI95,26017,Bay,26
K0IN,18039,Elkhart,18
KT37,48333,Mills,48
KMO9,29109,Lawrence,29
K1UT,49057,Weber,49
K2UT,49057,Weber,49
K73G,26139,Ottawa,26
KC61,26117,Montcalm,26
KI26,17161,Rock Island,17
KO48,16069,Nez Perce,16
K76A,05067,Jackson,05
K55D,26151,Sanilac,26
KUT9,49049,Utah,49
KVBW,51165,Rockingham,51
KVKX,24033,Prince George's,24
KVT8,50007,Chittenden,50
KW19,55025,Dane,55
KW75,51119,Middlesex,51
POWS,02198,Prince of Wales-Hyder,02
KX23,12069,Lake,12
KX33,29181,Ripley,29
KX44,12086,Miami-Dade,12
KXA0,48121,Denton,48
KY77,55007,Bayfield,55
KY87,26089,Leelanau,26
KY88,26055,Grand Traverse,26
PFZK,02050,Bethel,02
