geoid_a,geoid_b,pax_ab,pax_ba,passengers
17031,36081,187487,183728,371215
06037,32003,180393,181670,362063
06037,06081,177005,178835,355840
06037,36081,169114,171527,340641
13063,36081,147940,146959,294899
06037,17031,143502,144719,288221
12095,13063,129872,132939,262811
08031,17031,129316,132300,261616
13063,17031,120107,123731,243838
17031,25025,118479,118983,237462
06037,53033,113052,122762,235814
06037,08031,112651,120101,232752
17031,32003,112901,110414,223315
12086,36081,108695,114312,223007
06037,48439,109185,111925,221110
06037,06085,107861,112893,220754
17031,27053,110895,109857,220752
04013,06037,105280,107038,212318
04013,17031,103768,106600,210368
17031,48439,105892,103403,209295
12011,13063,102476,104764,207240
06001,06037,100562,100538,201100
12011,36081,96677,102866,199543
06081,17031,99564,99119,198683
06037,06067,94144,97183,191327
12095,17031,92670,97752,190422
12095,36081,92808,97148,189956
12057,13063,94043,94900,188943
06081,34013,92617,92485,185102
06037,13063,91110,93533,184643
11001,17031,93305,91069,184374
04013,08031,89751,93398,183149
08031,48201,93475,89136,182611
25025,36081,92158,88313,180471
13063,48201,89734,86515,176249
06081,36081,88626,87115,175741
06081,53033,86181,89102,175283
06037,49035,85956,88752,174708
08031,32003,87209,85694,172903
06037,48201,86591,86146,172737
36081,48439,86462,86188,172650
17031,34013,84616,84628,169244
17031,48201,86261,82828,169089
12095,34013,83212,85738,168950
06081,08031,81566,87196,168762
36081,37119,85198,83095,168293
06081,32003,81787,84027,165814
13063,48439,81889,80806,162695
13063,24003,79941,81625,161566
08031,53033,79493,81620,161113
17031,42101,79865,81177,161042
13063,25025,78755,79815,158570
17031,53033,79855,77319,157174
12095,42101,75465,81485,156950
06037,34013,78350,78207,156557
08031,27053,77323,78904,156227
32003,53033,77478,78124,155602
11001,25025,75426,76419,151845
11001,13063,75265,75767,151032
06037,41051,72246,77430,149676
13063,32003,73012,74308,147320
08031,48439,73898,72589,146487
12086,13063,72272,74031,146303
08031,13063,70132,70573,140705
08031,36081,70004,70304,140308
06073,06081,70598,68123,138721
04013,53033,65688,71333,137021
06037,25025,68073,68533,136606
32003,48439,67534,67568,135102
04013,32003,67565,67534,135099
13063,22051,67582,66825,134407
13063,42101,65019,69031,134050
32003,48201,67368,65998,133366
12095,48201,66058,67095,133153
13063,34013,66072,66257,132329
08031,49035,64073,68073,132146
13063,37183,65230,65713,130943
06081,25025,64763,65138,129901
17031,26163,64883,64630,129513
48201,48439,63976,65236,129212
12031,13063,63969,64051,128020
41051,53033,64894,61949,126843
13063,47037,63151,61182,124333
22051,48201,60855,62610,123465
12095,37119,61558,61836,123394
13063,26163,61076,61813,122889
17031,24003,61532,60791,122323
06073,17031,59614,61339,120953
25025,42101,60011,60387,120398
17031,29165,61144,57786,118930
17031,37119,58719,59853,118572
17031,47037,59076,59205,118281
12095,25025,57193,60935,118128
04013,48439,56730,60442,117172
13063,27053,57553,59432,116985
53033,53063,58164,58457,116621
34013,37119,58550,57698,116248
06073,32003,56667,57408,114075
06073,53033,55724,57851,113575
12011,34013,55587,57757,113344
06073,08031,56255,56289,112544
04013,06073,56106,56030,112136
12095,48439,55230,56156,111386
04013,27053,54050,56623,110673
06067,06073,56133,54381,110514
06073,06085,55909,54298,110207
27053,32003,55975,53848,109823
06085,53033,52966,54593,107559
17031,39035,53027,54251,107278
12095,26163,51717,55404,107121
12086,48439,53040,54065,107105
17031,37183,53449,53626,107075
48113,48201,51945,54927,106872
25025,34013,52538,53753,106291
48439,53033,52135,54115,106250
17031,48453,53764,52237,106001
13063,48453,52878,52352,105230
26163,36081,52561,52283,104844
34013,48201,53941,50417,104358
17031,39049,51078,53116,104194
24003,25025,51176,52868,104044
13063,51087,51042,51697,102739
17031,29189,52839,49758,102597
12086,17031,50264,52212,102476
06081,41051,50200,52038,102238
12099,13063,48784,50967,99751
13063,18097,49061,50300,99361
08031,41051,49283,49915,99198
24003,37119,50221,48941,99162
04013,13063,49005,49503,98508
36081,48201,49714,48704,98418
06001,32003,49127,49207,98334
12057,17031,48363,49968,98331
06081,48439,48857,49048,97905
08031,51107,49530,47895,97425
27053,53033,49229,48170,97399
48201,48453,49092,47957,97049
06037,27053,47383,49377,96760
26163,32003,48109,48597,96706
04013,48201,48818,47586,96404
08031,12095,49551,46761,96312
13063,37119,46734,48554,95288
13063,49035,47200,47978,95178
06037,51107,47385,47335,94720
08031,26163,48146,46547,94693
08031,48453,48027,46611,94638
48439,48453,47256,47213,94469
12011,24003,45811,48491,94302
42101,48439,46919,47342,94261
04013,49035,45963,48160,94123
13063,53033,46588,46866,93454
25025,37119,46674,46757,93431
13063,29165,46052,47151,93203
08031,25025,45048,47364,92412
12095,24003,44921,47272,92193
49035,53033,46128,45962,92090
06081,48201,46249,45733,91982
06037,48453,45596,45728,91324
13063,29189,45651,45550,91201
17031,42003,42637,47979,90616
06081,13063,45643,44746,90389
48029,48201,44045,46007,90052
12071,13063,42978,46572,89550
04013,06081,43650,45892,89542
37119,48439,45762,43775,89537
08031,29165,44768,44217,88985
06067,32003,44567,43877,88444
37119,42101,43886,44308,88194
06081,51107,43884,43774,87658
06085,32003,43243,43918,87161
36081,37183,43582,43461,87043
25025,26163,43460,43155,86615
04013,06059,43097,43445,86542
13063,45019,43520,42876,86396
13063,42003,41662,44549,86211
36081,53033,42581,43505,86086
48029,48439,42714,43016,85730
13063,47157,42874,42622,85496
32003,41051,42389,42947,85336
32003,36081,42760,42167,84927
06067,53033,42910,41935,84845
27053,48439,42961,41850,84811
32003,49035,41406,43153,84559
13063,48029,42296,42184,84480
06037,26163,41748,42375,84123
04013,37119,41929,42005,83934
06073,48439,41613,41681,83294
06037,42101,41152,41763,82915
27053,36081,42241,40500,82741
08031,29189,42041,40315,82356
13063,39049,40328,41868,82196
13063,45083,40993,41167,82160
06059,06085,41045,40843,81888
06059,53033,39386,42190,81576
12057,36081,40126,41329,81455
12099,36081,38792,42404,81196
17031,22051,41644,39516,81160
26163,48439,41310,39539,80849
12011,17031,39271,41189,80460
32003,34013,40618,39791,80409
17031,21015,38690,41209,79899
08031,37119,38982,40657,79639
17031,41051,39315,40003,79318
13063,39035,38595,40673,79268
11001,12086,39918,39208,79126
13063,51107,39602,39337,78939
12057,37119,39045,39864,78909
06037,12086,39619,39108,78727
34013,48439,39732,38979,78711
06073,48201,39464,39229,78693
01073,13063,39522,39007,78529
04013,42101,39715,38610,78325
11001,48439,39375,38624,77999
12011,25025,37292,40552,77844
11001,12095,39531,37722,77253
08031,34013,39943,37170,77113
08031,42101,40348,36502,76850
04013,06067,38905,37838,76743
06059,08031,37831,38750,76581
12095,27053,37981,38450,76431
04013,06085,37804,38573,76377
12011,48201,37217,39133,76350
04013,36081,38107,37806,75913
08031,47037,37611,38272,75883
06067,08031,37621,38086,75707
25025,27053,37941,37569,75510
06081,27053,37869,37634,75503
36081,47037,37425,38076,75501
25025,48439,37289,37986,75275
06073,13063,37622,37334,74956
13051,13063,36795,37786,74581
12011,37119,36914,36806,73720
17031,19155,36040,37459,73499
26163,27053,37426,36064,73490
48439,49035,35789,37545,73334
11001,36081,37062,36213,73275
17031,49035,37063,35954,73017
06001,06073,36725,36198,72923
13063,51710,36689,35795,72484
08031,24003,34678,36747,71425
09003,17031,35445,35937,71382
12071,17031,33733,37419,71152
13063,55079,34266,36207,70473
04013,06071,35437,34620,70057
12011,48439,34440,35491,69931
12011,26163,33739,36151,69890
06037,37119,34634,35158,69792
06059,48439,33846,35403,69249
16001,53033,34111,34929,69040
25025,37183,34722,34266,68988
13063,21015,33421,35317,68738
32003,37119,34662,34060,68722
37119,48201,35009,33680,68689
06037,12095,34266,34331,68597
06059,06081,34065,33899,67964
13063,48113,33849,34067,67916
12086,42101,32567,35337,67904
12086,34013,33394,34441,67835
06085,08031,33347,34456,67803
32003,32031,33492,34242,67734
12086,37119,32192,34675,66867
04013,06001,32490,34367,66857
22051,48439,32917,33873,66790
13063,21111,32623,33776,66399
12033,13063,33270,33035,66305
06085,41051,32564,33700,66264
37119,47037,32959,33231,66190
06001,53033,32289,33900,66189
24003,48201,34008,32088,66096
37119,37183,32606,33377,65983
04013,48453,32668,33287,65955
12086,12095,32799,32204,65003
04013,41051,32122,32701,64823
12057,34013,30975,33323,64298
24003,26163,32986,31131,64117
11001,37119,31901,32200,64101
17031,18097,30730,33269,63999
12086,48201,31863,32022,63885
12011,42101,30889,32428,63317
22051,36081,30842,32064,62906
17031,26081,30954,31445,62399
04013,34013,30197,31714,61911
48029,48113,31444,30449,61893
12057,48439,30913,30839,61752
41051,49035,30548,30969,61517
36029,36081,31247,30220,61467
25025,53033,30713,30558,61271
12057,48201,30099,31155,61254
47037,48439,30802,30334,61136
13063,37081,30927,30204,61131
47037,48201,30899,30045,60944
25025,47037,30428,30402,60830
06081,42101,29869,29527,59396
06059,17031,28515,30850,59365
11001,48201,29047,30095,59142
26163,53033,29225,29851,59076
04013,26163,27873,31094,58967
06073,49035,28969,29902,58871
17031,36029,29304,29364,58668
25025,48201,29703,28878,58581
06037,48113,28973,29518,58491
26163,47037,28910,29356,58266
32003,42101,29282,28734,58016
12057,25025,28020,29952,57972
17031,48029,29789,28114,57903
09003,12095,29523,28301,57824
08031,18097,29606,27929,57535
11001,27053,28128,29322,57450
08031,22051,30501,26848,57349
06037,24003,29181,27924,57105
40109,48201,28937,28144,57081
35001,48439,28646,28055,56701
27053,34013,28426,28176,56602
48113,48453,28030,28467,56497
09003,13063,28682,27793,56475
06037,47037,28408,27662,56070
40109,48439,28097,27823,55920
08031,48113,26957,28776,55733
17031,21111,27862,27868,55730
04019,48439,27471,28168,55639
12057,42101,27233,28271,55504
11001,26163,27273,28074,55347
40143,48439,27473,27584,55057
12057,24003,27728,27281,55009
04013,35001,26538,28148,54686
04013,48029,27183,27462,54645
37119,42003,27162,27465,54627
48201,53033,25742,28446,54188
12081,13063,26486,27676,54162
08031,55079,26995,27059,54054
25025,32003,26849,27205,54054
26163,42101,26869,26875,53744
48141,48439,27058,26610,53668
29189,48439,27029,26405,53434
36081,49035,25906,27445,53351
24003,32003,27693,25434,53127
06001,41051,26704,26414,53118
32003,48453,26201,26916,53117
06081,48453,26753,26243,52996
29165,48439,26963,25956,52919
06081,26163,26525,26346,52871
08031,39035,26631,26030,52661
06073,27053,26099,26499,52598
42101,47037,26267,26274,52541
24003,37183,26429,26044,52473
26163,37119,26179,26272,52451
08031,12057,25750,26467,52217
17031,48113,26366,25850,52216
12031,37119,25988,26080,52068
06081,49035,24836,27049,51885
26163,34013,26176,25629,51805
12099,34013,24385,27258,51643
06073,41051,25218,26416,51634
27053,42101,25770,25761,51531
27053,41051,26059,25253,51312
34013,47037,25440,25864,51304
06071,48439,25262,25764,51026
08031,19155,26093,24843,50936
51107,53033,25146,25557,50703
08031,35001,25646,24985,50631
08031,48029,26135,24331,50466
06037,06073,24626,25837,50463
12057,26163,24520,25848,50368
27053,48201,25746,24615,50361
13063,47009,24692,25551,50243
01089,13063,25268,24912,50180
06073,36081,24983,25184,50167
12005,13063,24983,25164,50147
27053,37119,25898,24161,50059
06071,08031,24716,25249,49965
12095,47037,24594,25212,49806
06037,22051,24043,25423,49466
04013,48113,23554,25838,49392
37119,51087,24873,24517,49390
29189,36081,24387,25000,49387
04013,25025,24389,24790,49179
08031,12011,25462,23558,49020
27053,29189,24767,24065,48832
17031,36001,23587,25216,48803
34013,37183,24979,23785,48764
12095,37183,23107,25375,48482
06081,37119,24496,23929,48425
06059,32003,23843,24347,48190
22051,37119,24027,24096,48123
24003,27053,24153,23929,48082
12095,18097,24052,24030,48082
34013,53033,22888,24947,47835
24003,47037,24094,23597,47691
47157,48439,23573,24023,47596
17031,55025,23946,23607,47553
29189,32003,24479,23055,47534
09003,37119,24242,23187,47429
36081,42003,23397,23827,47224
26163,48201,23732,23439,47171
37183,42101,23289,23876,47165
06067,06071,22834,23789,46623
27053,49035,23511,23105,46616
11001,47037,23470,23137,46607
05119,13063,23283,23303,46586
37119,45019,23255,23082,46337
24003,44003,23456,22865,46321
12031,36081,22453,23687,46140
36081,48453,23111,23010,46121
37119,37129,23100,22930,46030
27053,47037,23334,22668,46002
12095,29189,23087,22901,45988
12091,13063,22895,23093,45988
37119,44003,22713,23221,45934
37183,48439,23245,22614,45859
17031,35001,22383,23402,45785
06001,06059,22663,22910,45573
12086,25025,22073,23403,45476
36081,39035,22185,23117,45302
13063,45063,23003,22261,45264
48201,48329,21465,23770,45235
12095,44003,21530,23687,45217
32003,48113,22530,22510,45040
06037,32031,22190,22814,45004
08031,16001,21738,23037,44775
12095,51107,21690,23007,44697
06037,12011,22480,22191,44671
17031,19153,22380,22241,44621
41051,48439,22652,21921,44573
06001,49035,22161,22408,44569
06037,29165,22642,21783,44425
40143,48201,22678,21725,44403
04013,29189,21637,22454,44091
12011,47037,22059,21958,44017
22051,48113,21758,22249,44007
12071,37119,20935,23001,43936
08031,40109,22299,21552,43851
06067,17031,21899,21937,43836
13063,47065,21540,22166,43706
24003,36001,21117,22580,43697
24003,48439,21796,21767,43563
32003,47037,21596,21763,43359
32003,48029,21987,21269,43256
36081,45019,21452,21736,43188
08031,37183,21382,21568,42950
12095,48453,21721,21129,42850
35001,48201,22393,20328,42721
12011,12057,21222,21398,42620
11001,29189,21257,21340,42597
29165,48201,21130,21411,42541
13063,28121,21011,21455,42466
34013,48453,21124,21220,42344
29189,48201,21996,20269,42265
17031,44003,20641,21290,41931
06067,41051,20645,21266,41911
26163,29189,20479,21358,41837
37119,48453,21334,20500,41834
48439,51107,21029,20800,41829
08031,21015,21404,20316,41720
06085,17031,20247,21463,41710
08031,32031,20640,21027,41667
21015,36081,20936,20553,41489
06067,48439,20765,20578,41343
06059,06067,20369,20816,41185
12031,48439,20037,21082,41119
37119,51107,20211,20893,41104
26163,48453,20818,20145,40963
12095,32003,20232,20657,40889
04013,32031,18641,21999,40640
48061,48201,20073,20535,40608
06085,49035,18898,21638,40536
26163,49035,20627,19908,40535
22051,34013,20132,20370,40502
06001,06071,20621,19828,40449
22051,24003,19927,20513,40440
24003,33015,19896,20536,40432
04019,06037,20100,19903,40003
37119,45051,19689,20301,39990
39035,48439,19782,20131,39913
29165,32003,20116,19786,39902
12095,22051,20768,19099,39867
04013,29165,20144,19561,39705
12011,12095,20653,19035,39688
13063,21067,20095,19540,39635
37119,51710,19615,20007,39622
11001,12011,19957,19609,39566
12127,13063,19652,19913,39565
36081,39049,19662,19841,39503
12031,17031,19215,20229,39444
12095,39035,19101,20313,39414
12073,13063,19400,20005,39405
18097,48439,19350,20017,39367
13063,40109,19694,19656,39350
12095,36029,19273,20049,39322
18097,32003,18595,20686,39281
37119,47157,19867,19322,39189
13063,19155,19453,19733,39186
27053,55079,19105,20081,39186
12095,42003,18952,20168,39120
25025,42003,19546,19563,39109
27053,29165,19285,19756,39041
06073,37119,20216,18763,38979
12057,12086,19606,19351,38957
17031,47157,20401,18541,38942
48141,48201,20532,18272,38804
12099,37119,19391,19388,38779
05007,48439,19084,19654,38738
24003,36029,18868,19841,38709
12071,34013,16899,21742,38641
29189,48113,19299,19318,38617
12071,26163,17765,20851,38616
08031,11001,18926,19690,38616
29189,42101,20817,17680,38497
06037,35001,18907,19539,38446
37119,39035,18326,20105,38431
17031,36067,18953,19447,38400
18097,37119,19149,19236,38385
13063,26081,18700,19676,38376
12095,39049,18936,19335,38271
29165,48113,19109,19033,38142
09003,24003,19827,18090,37917
13063,36029,18424,19439,37863
42101,48201,18903,18922,37825
48201,51107,18606,19063,37669
26081,26163,18402,19189,37591
17031,36055,18428,19075,37503
12071,27053,17669,19806,37475
34013,51107,18362,19084,37446
12095,48113,19014,18340,37354
06037,11001,18670,18647,37317
29189,37119,18757,18526,37283
42101,53033,18119,19101,37220
17031,51107,17717,19406,37123
06037,48029,19434,17546,36980
13063,13245,18326,18497,36823
36055,36081,18507,18253,36760
04013,48141,18415,18269,36684
12095,49035,18327,18323,36650
11001,44003,18558,17926,36484
05119,48439,18255,18220,36475
42003,48439,18427,17839,36266
06001,08031,18012,18222,36234
11001,12057,18328,17719,36047
08031,42003,18607,17412,36019
47037,48113,18045,17785,35830
11001,48113,18857,16907,35764
12095,21015,17287,18359,35646
53021,53033,18576,17040,35616
08041,48439,17950,17475,35425
12071,25025,16077,19345,35422
48201,49035,18249,17171,35420
26163,37183,17493,17817,35310
06081,12095,17658,17651,35309
17031,55079,17643,17647,35290
06073,34013,17310,17800,35110
06067,49035,16946,18111,35057
25025,51107,17687,17349,35036
08031,53063,16299,18521,34820
06073,25025,17496,17226,34722
42003,48201,16676,17898,34574
16001,49035,17559,16865,34424
21015,48439,17035,17336,34371
08031,40143,17572,16766,34338
04013,24003,15478,18795,34273
11001,37183,17455,16620,34075
36081,48113,17055,16997,34052
06059,13063,16733,17263,33996
39049,48439,17441,16511,33952
13051,37119,16885,17026,33911
24003,48113,17410,16447,33857
06037,29189,16410,17392,33802
17031,45019,16595,17082,33677
06085,48439,16808,16823,33631
34013,42003,16983,16573,33556
06073,48113,16405,17113,33518
06065,06081,15212,17898,33110
06001,17031,16408,16596,33004
06059,41051,16760,16175,32935
12011,32003,16498,16393,32891
37119,45083,16344,16457,32801
12057,32003,15586,17097,32683
12071,42101,15587,16987,32574
47157,48201,16120,16418,32538
06081,12086,16250,16283,32533
13063,41051,16024,16463,32487
18097,27053,16089,16130,32219
37183,48201,16740,15367,32107
18097,48201,16664,15428,32092
06071,06081,16459,15625,32084
20173,48439,16030,15783,31813
12031,24003,15834,15956,31790
04013,12095,15544,16192,31736
25025,48453,16517,15219,31736
24003,51710,14706,16819,31525
37081,37119,15794,15614,31408
12095,55079,16056,15311,31367
12099,25025,14637,16639,31276
12011,22051,15469,15750,31219
25025,39035,15745,15412,31157
21015,37119,15331,15792,31123
12095,29165,14853,16183,31036
26163,29165,16143,14858,31001
48201,48355,15418,15569,30987
04019,17031,15695,15229,30924
42003,42101,15072,15779,30851
22051,26163,15284,15494,30778
06085,48453,16557,14213,30770
04013,11001,15543,15178,30721
27053,38017,15164,15553,30717
17031,19113,15651,14970,30621
41017,53033,15654,14920,30574
08031,08041,15208,15293,30501
37119,53033,14628,15864,30492
01073,17031,14711,15652,30363
22051,47037,14681,15649,30330
32003,51107,15387,14932,30319
26163,55079,15168,15134,30302
17031,42043,15061,15223,30284
12011,37183,14396,15871,30267
48113,48303,15223,14971,30194
36081,41051,14515,15668,30183
04013,55079,14672,15506,30178
24003,48453,15439,14736,30175
13063,37021,14977,15158,30135
06073,26163,14535,15583,30118
23005,24003,16161,13955,30116
35001,48113,14182,15893,30075
06085,13063,15331,14674,30005
17031,51710,14664,15321,29985
08031,39049,15340,14615,29955
36081,51087,14938,15002,29940
13051,36081,15047,14848,29895
06059,48201,15218,14675,29893
06067,13063,14828,15064,29892
04013,12086,15333,14547,29880
04013,47037,15068,14796,29864
17031,40109,15209,14483,29692
12086,22051,14675,14891,29566
18097,36081,14791,14713,29504
48215,48439,14879,14545,29424
13063,35001,14480,14878,29358
13063,36119,14590,14704,29294
18097,24003,14134,15131,29265
29165,36081,14480,14758,29238
12086,37183,14789,14423,29212
06059,49035,14572,14562,29134
32003,35001,14124,14964,29088
08031,26081,14652,14306,28958
29165,37119,14626,14289,28915
32003,55079,14461,14453,28914
24003,36103,14394,14332,28726
12071,36081,13691,14971,28662
24003,29189,14583,14010,28593
26081,27053,14751,13824,28575
36081,51710,14726,13636,28362
06001,48201,14045,14316,28361
48453,53033,13650,14709,28359
04019,08031,13483,14826,28309
13063,45051,14079,14221,28300
06071,06085,13233,15066,28299
37021,37119,14230,14035,28265
12095,36103,14023,14236,28259
21111,37119,13769,14436,28205
19155,48439,14284,13919,28203
48303,48439,14117,14084,28201
12057,27053,13763,14432,28195
37119,39049,14161,14023,28184
17031,51087,14205,13959,28164
36067,37119,13886,14219,28105
11001,22051,14367,13625,27992
21015,32003,14029,13939,27968
23005,36081,14123,13811,27934
36081,50007,13236,14636,27872
41051,53063,14180,13691,27871
26163,51107,13811,14040,27851
21015,42101,13555,14294,27849
27053,55025,13447,14376,27823
27053,48453,14250,13539,27789
17031,39113,14072,13700,27772
12001,13063,13690,13979,27669
01073,48201,14345,13242,27587
26163,55025,13756,13810,27566
12057,22051,13680,13861,27541
18097,26163,13648,13853,27501
36067,36081,13433,14037,27470
25025,51087,13861,13521,27382
06073,48453,13048,14284,27332
48329,48439,13774,13522,27296
12057,51107,13173,14094,27267
12011,12031,13185,14049,27234
04013,18097,12379,14806,27185
08031,19153,13544,13639,27183
41039,53033,14022,13092,27114
12011,37021,13600,13500,27100
09003,26163,13678,13330,27008
04013,12057,13937,13035,26972
13063,39113,13262,13678,26940
08031,12086,14052,12838,26890
29189,34013,13735,13144,26879
06073,24003,13462,13410,26872
12087,13063,13442,13406,26848
25025,36029,13144,13684,26828
22051,48453,13446,13378,26824
05007,17031,13387,13385,26772
13063,22033,13388,13331,26719
21015,34013,13239,13469,26708
12057,47037,12783,13920,26703
32031,49035,13688,13009,26697
48439,55079,12992,13662,26654
34013,39035,13777,12861,26638
12009,13063,13270,13254,26524
11001,39049,13262,13255,26517
17031,33015,12714,13721,26435
12099,36119,12131,14159,26290
42101,44003,13234,13026,26260
48113,48141,13125,13131,26256
13063,40143,12966,13190,26156
32003,39049,12589,13538,26127
06073,51107,12635,13470,26105
16001,41051,13000,13077,26077
04019,32003,12300,13745,26045
06081,12011,13432,12600,26032
08031,30031,12460,13498,25958
36081,55079,12727,13159,25886
09003,27053,12671,13197,25868
25025,41051,13259,12594,25853
22051,42101,13134,12687,25821
06081,24003,12894,12841,25735
04013,04019,12893,12840,25733
17031,55009,12463,13268,25731
12095,53033,12460,13261,25721
32003,39035,13073,12500,25573
29165,47037,13494,12068,25562
19155,32003,13247,12313,25560
25025,29189,12689,12852,25541
34013,41051,12909,12526,25435
41029,53033,12806,12626,25432
37183,47037,13264,12089,25353
09003,51107,13230,12101,25331
06071,53033,12198,13065,25263
12071,24003,12006,13116,25122
29189,53033,11995,13126,25121
06037,39035,12831,12232,25063
09003,12057,12657,12332,24989
06067,27053,12442,12445,24887
48453,51107,12263,12568,24831
48201,48215,12179,12585,24764
06071,32003,13003,11728,24731
13063,44003,12473,12200,24673
21111,48439,12430,12223,24653
37119,42043,12616,12013,24629
48453,49035,12060,12531,24591
47037,53033,12365,12205,24570
06085,48113,12468,12096,24564
12086,26163,11700,12711,24411
08031,30111,12184,12211,24395
19155,27053,12208,12182,24390
12071,48439,11910,12426,24336
06037,21015,12463,11842,24305
05007,13063,12170,12041,24211
24003,36055,12202,11992,24194
27053,46099,12215,11975,24190
21015,27053,11901,12282,24183
37119,48029,12225,11955,24180
21111,24003,12052,12123,24175
11001,29165,11933,12238,24171
09003,12011,12807,11131,23938
49035,53063,11132,12769,23901
13063,36067,11762,12092,23854
47037,48453,12029,11711,23740
01073,37119,11966,11745,23711
06085,36081,11911,11793,23704
37119,51003,12073,11625,23698
17031,29077,11938,11741,23679
13063,36001,11797,11867,23664
08031,48141,11977,11664,23641
13063,28047,11709,11918,23627
13063,36055,11671,11955,23626
13063,23005,11330,12292,23622
37119,45063,12064,11538,23602
17031,26055,11284,12318,23602
24003,55079,11560,11951,23511
25025,49035,11658,11813,23471
39035,48201,11634,11795,23429
24003,53033,13528,9857,23385
12033,48201,11524,11838,23362
48113,48329,12195,11164,23359
08031,55025,11888,11454,23342
24003,49035,11141,12200,23341
29165,29189,11388,11939,23327
37183,51107,11888,11395,23283
09003,42101,11948,11311,23259
12011,48113,12382,10823,23205
24003,45019,11585,11576,23161
27053,37183,11839,11263,23102
12099,42101,10740,12278,23018
37119,47009,11410,11584,22994
08031,46099,11225,11667,22892
36081,51107,11219,11666,22885
27053,51107,11281,11590,22871
12031,48201,10343,12523,22866
12086,27053,10946,11920,22866
01097,13063,11357,11487,22844
48375,48439,11648,11181,22829
36001,37119,11589,11222,22811
13063,19153,11455,11321,22776
12033,48439,11443,11273,22716
04013,53063,10996,11575,22571
06081,37183,11280,11274,22554
18097,42101,10833,11690,22523
13063,55025,11115,11408,22523
12095,34001,11123,11391,22514
39049,48201,11458,11055,22513
48355,48439,11219,11231,22450
06083,08031,10998,11449,22447
06037,48141,11030,11364,22394
06085,27053,11147,11227,22374
12031,25025,10814,11556,22370
04013,16001,10627,11719,22346
29165,53033,11095,11249,22344
29189,49035,12112,10188,22300
21111,48201,11359,10899,22258
12057,48113,10866,11343,22209
24003,39049,11201,10996,22197
17031,40143,11221,10965,22186
17031,23005,10105,12067,22172
13063,48141,10972,11192,22164
13063,20173,10959,11186,22145
12081,37119,10769,11351,22120
04013,19155,10798,11308,22106
29077,48439,11096,10960,22056
17031,46099,11081,10965,22046
12091,48439,10984,11019,22003
32003,42003,11762,10234,21996
08031,12031,10998,10985,21983
08031,09003,10647,11267,21914
06081,47037,10992,10910,21902
37119,47065,10923,10978,21901
27053,38015,10874,11025,21899
12095,36001,10464,11423,21887
48439,51087,10812,11073,21885
06073,47037,11250,10631,21881
32031,48439,11427,10447,21874
12057,39035,10651,11187,21838
26163,39049,10949,10849,21798
11001,34013,10587,11159,21746
27053,39049,11432,10294,21726
12031,26163,10815,10889,21704
24003,29165,10993,10691,21684
12099,48439,10894,10780,21674
13063,47163,10857,10809,21666
36029,37119,10943,10714,21657
27053,53063,10763,10835,21598
12057,37183,10999,10579,21578
12057,42003,10488,11085,21573
28121,48439,10678,10887,21565
26163,36029,10509,11051,21560
12057,39049,10403,11095,21498
12031,47037,10994,10421,21415
11001,45019,10782,10615,21397
22051,25025,10046,11347,21393
40143,48113,10615,10743,21358
42101,48453,10931,10379,21310
06073,42101,10718,10591,21309
22051,32003,10956,10341,21297
04013,39049,10763,10473,21236
48113,53033,10467,10742,21209
18097,34013,10229,10943,21172
04013,40109,10040,11090,21130
08031,47157,10396,10725,21121
22033,48201,10499,10548,21047
06081,11001,10859,10181,21040
29165,49035,10250,10725,20975
11001,21015,10149,10800,20949
39035,47037,10002,10907,20909
06019,06037,10544,10350,20894
06019,48439,10549,10296,20845
06067,48201,10308,10468,20776
34013,45019,10621,10152,20773
19155,48201,10536,10235,20771
21015,24003,9930,10813,20743
01073,48439,10239,10477,20716
11001,12031,10424,10268,20692
29189,47037,10038,10529,20567
17031,47009,10558,9986,20544
04013,06065,9951,10593,20544
06073,29189,10283,10052,20335
12086,32003,9980,10243,20223
17031,55087,9862,10354,20216
34013,39049,10502,9693,20195
04013,06019,9913,10246,20159
04013,19153,10016,10129,20145
06059,27053,9878,10161,20039
21015,48201,10000,10037,20037
26163,42003,10013,10012,20025
24003,39035,9768,10242,20010
22017,48439,9829,10173,20002
08031,19113,10129,9870,19999
48113,48375,9731,10196,19927
37119,51770,9861,10054,19915
13063,51770,10145,9743,19888
26163,39035,9499,10370,19869
11001,18097,9678,10174,19852
04019,13063,9850,9956,19806
04013,12011,10372,9431,19803
49035,56039,9000,10752,19752
19155,29189,9798,9939,19737
39035,51107,9582,10146,19728
27053,42003,10052,9666,19718
39049,42101,9551,10083,19634
17031,17161,9783,9840,19623
32003,53063,9249,10290,19539
22033,48439,9598,9936,19534
19153,48439,9843,9682,19525
06059,34013,9779,9694,19473
29189,39035,9582,9883,19465
08031,30063,9642,9784,19426
24003,42003,9332,9939,19271
12099,36103,8643,10619,19262
13063,37129,9566,9686,19252
30031,49035,9820,9422,19242
17031,21067,9539,9666,19205
08031,21111,9722,9480,19202
17031,18003,9521,9654,19175
08031,20173,9440,9731,19171
12011,48453,8430,10740,19170
22051,27053,8972,10176,19148
06081,21015,10148,8980,19128
41051,48201,9746,9330,19076
17031,20173,9545,9516,19061
32031,53033,9430,9596,19026
09003,11001,9418,9604,19022
06019,08031,9371,9650,19021
11001,12099,9747,9252,18999
27053,30031,9159,9836,18995
12086,47037,9228,9741,18969
12071,48201,8748,10154,18902
25025,45019,9646,9226,18872
06037,18097,10625,8227,18852
36081,37081,9435,9411,18846
25025,39049,9586,9234,18820
19153,27053,9424,9370,18794
12095,36119,9101,9680,18781
12011,39035,9025,9690,18715
12011,42003,9185,9528,18713
45019,48439,9466,9131,18597
32003,37183,9260,9307,18567
01089,48439,9333,9227,18560
37119,49035,9087,9437,18524
37051,37119,9210,9253,18463
48027,48439,9267,9190,18457
21015,26163,9389,9060,18449
12057,29189,9385,9039,18424
06065,53033,8813,9609,18422
16001,32003,8992,9355,18347
27053,27137,8956,9380,18336
12033,37119,9103,9228,18331
12099,17031,8709,9605,18314
22051,53033,8973,9335,18308
26055,26163,9228,8943,18171
37119,51031,9064,9020,18084
12086,12087,8755,9290,18045
05119,48113,8756,9266,18022
13063,37051,8957,9036,17993
17031,50007,8274,9701,17975
11001,23005,8612,9328,17940
08031,56039,8059,9868,17927
26163,44003,8285,9600,17885
37119,51700,9009,8859,17868
06081,06083,9037,8826,17863
12057,18097,8811,9036,17847
37119,39113,8905,8888,17793
13245,37119,8975,8793,17768
08031,41039,8891,8848,17739
06085,48201,9053,8682,17735
17031,36119,8809,8903,17712
40109,48113,7985,9698,17683
12011,39049,8707,8927,17634
06037,16001,8898,8726,17624
32003,53073,8769,8836,17605
01101,13063,8676,8910,17586
32003,48141,8945,8622,17567
11001,53033,8713,8804,17517
13063,42043,8627,8877,17504
12005,47037,8697,8802,17499
08031,08067,8626,8869,17495
53033,53073,8331,9096,17427
37183,53033,8485,8937,17422
37119,55079,8360,9000,17360
21015,25025,8731,8614,17345
04013,39035,8354,8970,17324
06081,16001,8368,8938,17306
45019,48201,8751,8501,17252
06001,35001,8349,8892,17241
16001,27053,8590,8650,17240
37119,37133,8845,8375,17220
12057,48453,8637,8579,17216
06081,48113,8774,8432,17206
32003,36029,8924,8255,17179
12095,51087,8329,8842,17171
51107,51710,8478,8686,17164
27053,39035,8403,8731,17134
06037,39049,8355,8774,17129
06081,41039,8560,8519,17079
42101,51710,8568,8507,17075
06065,48439,8546,8482,17028
45083,48439,8699,8264,16963
06085,32031,8129,8832,16961
26163,36001,8146,8808,16954
39035,42101,8082,8869,16951
06081,32031,7985,8964,16949
33015,42101,8530,8416,16946
17031,26049,8117,8822,16939
47037,55079,8877,8054,16931
12011,21015,8467,8461,16928
13063,22017,8604,8316,16920
48029,53033,8330,8556,16886
12031,12086,8359,8490,16849
32003,40109,8124,8720,16844
12071,39035,8034,8793,16827
12099,24003,8680,8070,16750
47157,48113,8893,7841,16734
34013,49035,7549,9160,16709
12095,48029,7471,9225,16696
12031,42101,8172,8509,16681
39049,47037,8615,8026,16641
26163,36055,8095,8536,16631
23005,34013,8439,8186,16625
17031,32031,8860,7760,16620
23005,42101,8550,8055,16605
04013,06083,7833,8764,16597
17031,17143,8100,8483,16583
06071,13063,8599,7974,16573
12011,34001,7970,8589,16559
48029,51107,8206,8329,16535
17031,45083,8219,8299,16518
47037,51107,8384,8098,16482
05119,17031,8070,8404,16474
06065,08031,8074,8383,16457
17031,27109,8126,8287,16413
42003,47037,8352,8018,16370
06081,53061,8095,8221,16316
41051,48113,8281,8015,16296
48201,55079,7882,8369,16251
13063,26049,8048,8170,16218
36081,45051,7836,8378,16214
36029,42101,8054,8110,16164
06073,35001,8052,8018,16070
13063,39153,7799,8218,16017
47009,48439,7849,8164,16013
39049,51107,8107,7877,15984
22055,48201,7995,7976,15971
17031,38017,8093,7863,15956
29165,34013,7906,8046,15952
06037,37183,7961,7945,15906
12127,37119,7788,8113,15901
37049,37119,8008,7880,15888
21067,37119,7857,8024,15881
27053,48029,8262,7615,15877
13051,17031,7874,7939,15813
23005,37119,8357,7435,15792
12031,34013,7493,8298,15791
36055,37119,7830,7943,15773
41029,41051,7697,8067,15764
26163,36015,7761,7989,15750
48439,51710,8022,7698,15720
18097,51107,7636,8078,15714
24003,35001,7730,7982,15712
09003,48439,7715,7984,15699
04013,42003,7673,8022,15695
12117,47009,7924,7713,15637
06073,32031,7755,7828,15583
11001,39035,7872,7693,15565
13063,51003,7782,7773,15555
26163,36067,7582,7923,15505
18097,53033,7563,7925,15488
05119,48201,7840,7624,15464
34013,36029,7628,7787,15415
08031,46103,7447,7957,15404
12011,44003,6680,8720,15400
42101,51087,7592,7806,15398
48141,48453,7559,7824,15383
06081,22051,8118,7262,15380
12011,49035,7948,7402,15350
34013,50007,7662,7680,15342
08031,08097,7140,8196,15336
04013,49049,7549,7747,15296
13063,29077,7732,7554,15286
06071,49035,7507,7746,15253
12011,51087,7465,7787,15252
11001,42003,7852,7335,15187
12057,21015,7595,7548,15143
06071,41051,7099,8043,15142
27053,46103,7337,7796,15133
48061,48439,7818,7290,15108
29189,48453,8048,7037,15085
47037,49035,7635,7427,15062
12103,37021,7603,7433,15036
36081,42101,7331,7698,15029
04019,48201,7315,7698,15013
06067,06081,7780,7221,15001
36081,48029,7538,7449,14987
21111,26163,7171,7805,14976
48029,49035,7355,7596,14951
04005,04013,7718,7183,14901
29189,37183,7679,7181,14860
27053,38035,7462,7393,14855
12057,36103,7290,7503,14793
42003,51107,7475,7278,14753
12095,33015,6572,8181,14753
05119,37119,7477,7260,14737
22055,48439,7253,7461,14714
33015,37119,7586,7107,14693
06073,12095,7439,7196,14635
17031,37081,7358,7269,14627
12091,37119,7268,7356,14624
13063,54039,7340,7232,14572
06001,13063,7454,7090,14544
12011,29189,6921,7621,14542
12117,37021,7307,7233,14540
45063,48439,7411,7113,14524
17031,39153,7383,7125,14508
21015,49035,6779,7714,14493
29165,42101,7175,7311,14486
30063,53033,7325,7155,14480
06037,41039,7000,7473,14473
16001,53063,7358,7112,14470
26163,41051,7048,7408,14456
42043,42101,7654,6800,14454
19153,26163,7143,7240,14383
01073,48113,7185,7188,14373
08031,38017,7124,7236,14360
06073,29165,5985,8354,14339
12001,37119,7095,7243,14338
48439,48441,7085,7241,14326
26145,26163,7248,7071,14319
34013,51087,7322,6982,14304
13051,34013,7067,7225,14292
08031,08077,7004,7264,14268
06081,42003,7141,7033,14174
29189,48029,6514,7651,14165
12011,18097,7141,7002,14143
26081,48439,7043,7099,14142
47037,48029,7614,6523,14137
30063,49035,7330,6752,14082
04013,06079,7240,6785,14025
25025,55079,6942,7044,13986
21111,36081,7078,6890,13968
37119,42079,6875,7090,13965
42101,50007,6813,7148,13961
17031,55073,6720,7221,13941
30111,49035,7082,6850,13932
13063,22055,6826,7079,13905
48439,55025,6721,7174,13895
27053,55009,6766,7095,13861
06081,41029,6825,7031,13856
12071,21015,6617,7229,13846
27053,47157,6882,6964,13846
12086,48453,6929,6913,13842
28121,48201,7035,6791,13826
04013,37183,7892,5927,13819
36001,42101,6945,6856,13801
12095,21111,6926,6862,13788
37119,54039,6588,7170,13758
17031,29019,6675,7083,13758
17031,42027,6647,7103,13750
37119,47163,6796,6941,13737
45019,51107,6781,6950,13731
42101,45019,6906,6808,13714
12033,47037,6951,6749,13700
04013,04027,6886,6805,13691
26163,51710,6790,6851,13641
37119,39153,6765,6856,13621
39113,48439,7021,6597,13618
26163,47157,7033,6559,13592
42101,45051,6678,6913,13591
35049,48439,6912,6664,13576
22051,48029,6581,6994,13575
27053,38101,6558,6987,13545
06073,48029,7205,6333,13538
17031,27137,6573,6953,13526
26163,51087,6433,7093,13526
36081,47157,6738,6771,13509
12086,29189,6561,6922,13483
23005,26163,6824,6633,13457
08031,38015,6499,6946,13445
13063,51700,6728,6709,13437
22051,29189,6829,6563,13392
17031,18141,6432,6948,13380
11001,47157,6547,6822,13369
30029,49035,6783,6579,13362
29189,39049,6481,6840,13321
26163,55009,6530,6743,13273
13051,25025,6625,6624,13249
06081,12057,6929,6319,13248
26077,26163,6676,6504,13180
29189,40109,6262,6914,13176
16019,49035,6618,6550,13168
06001,16001,6303,6854,13157
36067,42101,6575,6531,13106
12095,47157,6375,6695,13070
35001,53033,6481,6581,13062
12073,37119,6628,6424,13052
36055,42101,6374,6612,12986
19113,48439,6609,6361,12970
53033,55079,6801,6163,12964
08041,32003,6675,6252,12927
17019,17031,6633,6272,12905
05007,37119,6817,6055,12872
29189,40143,5996,6852,12848
08031,12071,6559,6260,12819
05131,48439,6493,6323,12816
12095,36067,6055,6753,12808
45019,47037,6515,6290,12805
17031,51003,6259,6538,12797
01097,48201,6514,6277,12791
19155,26163,6299,6450,12749
05119,08031,6242,6463,12705
12057,44003,5681,6944,12625
23019,42101,6596,6016,12612
27053,30111,6187,6424,12611
19153,32003,6422,6162,12584
26163,45083,6344,6234,12578
17031,26037,6110,6453,12563
13063,42077,6149,6405,12554
04019,06073,6195,6334,12529
13051,48439,6303,6210,12513
37081,48439,6211,6293,12504
12005,48201,6155,6343,12498
26163,45051,6247,6237,12484
32031,41051,6293,6186,12479
05007,08031,6363,6089,12452
24003,42101,6519,5862,12381
27053,55087,6079,6292,12371
21067,26163,6221,6149,12370
13051,42101,6175,6180,12355
01073,12095,5465,6840,12305
08031,41029,6110,6188,12298
06065,17031,5757,6507,12264
08031,56025,6000,6243,12243
06019,32003,6258,5964,12222
19153,29189,6118,6082,12200
08041,17031,5711,6476,12187
06001,48113,6425,5731,12156
17031,26077,6012,6140,12152
26163,55087,6209,5941,12150
36119,37119,6078,6049,12127
08041,13063,6098,6027,12125
08031,45019,6188,5930,12118
26037,26163,6241,5875,12116
17031,48141,6029,6068,12097
27053,30063,5991,6075,12066
17031,42077,6014,6020,12034
34013,51710,6265,5763,12028
01073,08031,5983,6037,12020
25025,36055,6073,5944,12017
35001,49035,5968,6006,11974
16001,17031,6144,5825,11969
01089,37119,5798,6165,11963
06067,16001,5947,6013,11960
26163,48029,6172,5767,11939
01097,37119,5946,5988,11934
20173,48201,5922,5994,11916
11001,55079,5877,6037,11914
24003,48029,4578,7281,11859
48439,48451,5842,5983,11825
06037,06097,5865,5951,11816
12009,37119,5915,5888,11803
30029,53033,6158,5640,11798
17031,31109,5825,5952,11777
06073,16001,6528,5212,11740
05007,48201,5696,6032,11728
06081,35001,5714,5974,11688
30031,53033,6031,5657,11688
08031,51087,5777,5905,11682
11001,50007,5709,5968,11677
19155,37119,5775,5880,11655
23019,36081,6132,5500,11632
36081,47009,5938,5690,11628
13063,18003,5717,5907,11624
06019,53033,5751,5827,11578
12117,42077,5615,5930,11545
04013,06053,5813,5723,11536
11001,42101,5862,5667,11529
06037,53061,5556,5962,11518
12103,21015,5872,5638,11510
37119,40143,5583,5924,11507
11001,33015,5960,5502,11462
05119,29189,5633,5815,11448
26163,36119,5670,5770,11440
20173,29189,5878,5555,11433
19113,26163,5661,5765,11426
34013,36055,5769,5654,11423
13063,18163,5663,5752,11415
49035,53021,5630,5784,11414
34013,48029,5735,5671,11406
28121,37119,5580,5824,11404
18141,26163,5714,5646,11360
23005,51107,5825,5522,11347
41017,41051,5574,5746,11320
21015,51107,5723,5595,11318
22051,51107,5593,5696,11289
36055,51107,5675,5592,11267
06001,53063,6166,5091,11257
12081,36081,5360,5892,11252
06037,41029,5377,5871,11248
26163,47009,5888,5344,11232
01097,48439,5428,5784,11212
34013,55079,5627,5541,11168
12103,18097,5519,5631,11150
13063,17113,5565,5583,11148
12011,36119,5267,5874,11141
12086,45019,5505,5628,11133
13063,19113,5458,5672,11130
12086,21015,5293,5830,11123
04019,53033,5366,5743,11109
29165,41051,6052,5053,11105
26163,42043,5722,5374,11096
11001,49035,5393,5689,11082
06077,32003,5624,5449,11073
04013,08077,5287,5720,11007
21111,27053,5383,5585,10968
06067,36081,5383,5572,10955
37119,41051,5386,5555,10941
06083,49035,5161,5770,10931
06037,06053,5581,5330,10911
13063,17161,5389,5506,10895
24003,36081,5531,5356,10887
12117,21015,5461,5422,10883
06081,39035,5501,5377,10878
12086,39035,5287,5583,10870
04013,47157,5296,5568,10864
26163,33015,5321,5538,10859
47065,48439,5426,5397,10823
08031,35049,5430,5378,10808
04019,06081,5155,5634,10789
18097,25025,5372,5416,10788
09003,12099,5702,5070,10772
37119,45013,5480,5287,10767
12071,18097,5084,5675,10759
11001,32003,5495,5261,10756
12011,53033,4873,5870,10743
47009,48201,5430,5312,10742
29165,55079,5434,5270,10704
11001,21111,5356,5336,10692
46099,48439,5291,5364,10655
37119,40109,5414,5236,10650
06081,41017,5271,5378,10649
35001,48453,5171,5467,10638
26081,37119,5236,5400,10636
53033,53077,5029,5595,10624
34013,36067,5297,5324,10621
32003,40143,5197,5407,10604
39113,42101,5095,5501,10596
06073,19155,5744,4843,10587
04013,06029,5433,5147,10580
06001,32031,5719,4851,10570
08031,29077,5159,5405,10564
06019,49035,5261,5291,10552
16001,48439,5367,5166,10533
50007,51107,5405,5126,10531
12057,36029,5087,5438,10525
06019,06081,5451,5065,10516
12095,34021,5106,5402,10508
06085,16001,5382,5125,10507
34013,47157,5302,5195,10497
17031,18163,5305,5189,10494
12057,34001,5171,5321,10492
51087,51107,5117,5371,10488
12095,42129,5185,5296,10481
29189,55079,4017,6457,10474
17031,42079,5179,5294,10473
48029,48141,5592,4880,10472
37119,42077,5373,5093,10466
06073,48141,5032,5431,10463
48309,48439,5328,5134,10462
53017,53033,5413,5018,10431
34013,36001,4672,5741,10413
42101,55079,5154,5258,10412
17031,37021,5289,5112,10401
24003,45051,5202,5184,10386
04019,49035,5181,5203,10384
41051,48453,5228,5133,10361
01045,13063,5122,5210,10332
08031,47009,5158,5162,10320
29165,51107,4931,5387,10318
06067,37119,5383,4929,10312
26163,45019,5212,5086,10298
08041,48201,5286,5009,10295
26163,39113,5000,5294,10294
13063,18141,5080,5197,10277
12057,53033,4747,5520,10267
37119,37147,5000,5261,10261
06079,06081,5296,4949,10245
09003,45051,5019,5176,10195
08031,51710,5055,5131,10186
12071,34001,4681,5504,10185
11001,36001,5074,5106,10180
37081,42101,5177,5002,10179
36071,42101,5183,4994,10177
27053,27109,4867,5266,10133
08031,41017,5242,4851,10093
06081,29189,3740,6327,10067
16013,49035,5200,4857,10057
06073,12086,5095,4962,10057
01073,12057,5740,4312,10052
06071,12095,4948,5089,10037
06085,24003,4737,5297,10034
01073,26163,4943,5089,10032
13063,37133,5015,5017,10032
18097,48113,5128,4903,10031
08031,08085,4869,5132,10001
19113,27053,5068,4915,9983
04019,06085,4394,5575,9969
11001,40109,5018,4942,9960
06019,06073,5050,4908,9958
22051,37183,4774,5177,9951
21067,48439,5168,4758,9926
08077,48439,5171,4735,9906
18097,29165,4489,5414,9903
34013,37081,4975,4924,9899
06037,12057,4895,4997,9892
09003,12071,5408,4480,9888
44003,51107,5081,4801,9882
12011,51107,4913,4964,9877
06037,19155,4672,5200,9872
49035,49053,4721,5131,9852
19153,37119,4960,4891,9851
11001,36119,5044,4807,9851
19155,53033,4750,5081,9831
04013,51107,5028,4788,9816
41051,53061,4875,4929,9804
21111,42101,4929,4857,9786
08031,48329,4822,4943,9765
11001,36067,4394,5364,9758
09009,42101,4895,4843,9738
13063,28087,4819,4905,9724
06037,06079,4841,4871,9712
12015,21015,4745,4964,9709
01089,11001,4689,5015,9704
12117,18097,4721,4975,9696
45083,51107,4827,4865,9692
42003,53033,4863,4812,9675
17031,51770,4801,4843,9644
08067,48439,4963,4676,9639
06065,41051,4610,5016,9626
06067,24003,4885,4739,9624
12031,51107,5040,4572,9612
13063,13215,4828,4737,9565
20173,32003,4762,4771,9533
12086,18097,4780,4717,9497
36029,51107,4886,4607,9493
53033,53071,4794,4690,9484
12086,42003,4618,4864,9482
25025,29165,4845,4625,9470
04013,46099,4539,4929,9468
36067,51107,4658,4796,9454
12057,55079,4195,5255,9450
08031,16019,4500,4936,9436
48201,48303,4629,4799,9428
06023,06081,4658,4725,9383
40031,48439,4558,4822,9380
12086,39049,4579,4796,9375
26081,34013,4781,4591,9372
06037,47157,4609,4736,9345
42101,49035,4457,4880,9337
04013,20173,4735,4602,9337
26163,37081,4562,4736,9298
06001,47037,4640,4647,9287
29019,48439,4349,4911,9260
48423,48439,4759,4484,9243
11001,48453,4440,4787,9227
48113,55079,4513,4698,9211
36081,51003,4657,4553,9210
08031,48303,4534,4675,9209
42027,42101,4591,4613,9204
12073,48439,4362,4808,9170
11001,19155,4628,4541,9169
17031,55063,4475,4680,9155
24003,34013,4208,4932,9140
12103,37025,4526,4606,9132
48041,48439,4567,4564,9131
19155,34013,4604,4518,9122
13063,45013,4447,4663,9110
17031,34021,4469,4621,9090
28047,48439,4655,4431,9086
13063,22073,4473,4612,9085
12015,18097,4349,4735,9084
37119,48113,4655,4422,9077
13063,22079,4483,4591,9074
12011,45051,4354,4714,9068
06037,42003,4417,4597,9014
09003,12086,4576,4429,9005
12071,39049,4215,4781,8996
13063,34021,4380,4586,8966
11001,23019,4337,4627,8964
06065,49035,4368,4585,8953
33015,51107,4552,4399,8951
12095,41051,4209,4735,8944
29077,37119,4416,4526,8942
11001,41051,4285,4639,8924
12117,26081,4278,4631,8909
25025,48113,4553,4354,8907
42101,47157,4442,4450,8892
26163,50007,4458,4408,8866
41039,41051,4332,4506,8838
20173,27053,4550,4283,8833
11001,39113,4421,4408,8829
12103,47009,4437,4378,8815
06081,29165,4461,4350,8811
42101,45083,4498,4312,8810
41039,49035,4369,4441,8810
08031,53021,4330,4469,8799
22051,49035,4386,4402,8788
39035,55079,4747,4024,8771
35001,36081,4401,4367,8768
12057,33015,3997,4771,8768
34001,45051,4376,4388,8764
34013,37021,4446,4280,8726
29189,51107,4540,4179,8719
53033,53075,4298,4420,8718
22017,48201,4515,4193,8708
36081,37129,4302,4403,8705
06067,29189,4225,4472,8697
08031,36067,4033,4659,8692
37183,48113,4071,4608,8679
08031,30029,4086,4589,8675
06001,22051,4134,4537,8671
28047,37119,4334,4319,8653
12095,51710,5296,3332,8628
37183,49035,4297,4331,8628
36081,55025,4267,4359,8626
29189,41051,3799,4815,8614
21111,34013,4109,4497,8606
12086,24003,4213,4381,8594
06081,18097,4544,4038,8582
22033,37119,4243,4336,8579
12057,21111,4263,4309,8572
04013,53061,4138,4423,8561
13063,55087,4235,4314,8549
41051,51107,4242,4302,8544
06083,48439,4418,4100,8518
36081,45083,4231,4275,8506
24003,47157,4287,4217,8504
01089,08031,4203,4289,8492
27053,40109,4269,4219,8488
06067,53063,4024,4441,8465
24045,42101,4538,3922,8460
42101,48113,4861,3592,8453
06079,08031,4059,4392,8451
41029,49035,4221,4226,8447
12011,36001,4082,4362,8444
01089,17031,4348,4069,8417
12091,17163,4258,4156,8414
29189,42003,4424,3983,8407
04013,22051,4854,3539,8393
06071,48113,4038,4348,8386
06085,47037,4644,3726,8370
04013,36029,3639,4726,8365
09003,29189,4183,4180,8363
12117,21067,4200,4153,8353
17031,45051,3973,4354,8327
30049,49035,4236,4089,8325
12011,29165,3709,4612,8321
32003,53061,4067,4227,8294
39049,48113,3944,4338,8282
06067,48113,4058,4222,8280
12086,53033,3913,4362,8275
06071,17031,4140,4133,8273
04013,40143,4130,4120,8250
12057,29165,4219,4010,8229
17031,54039,4248,3970,8218
08031,45083,3977,4217,8194
04013,21111,3942,4231,8173
12091,21015,4171,4001,8172
12099,26163,4084,4082,8166
12057,36001,3913,4247,8160
06037,40109,3911,4233,8144
04013,21015,4048,4083,8131
06001,29189,3902,4228,8130
26163,42027,4207,3921,8128
47009,51107,4014,4097,8111
45083,48201,4096,3988,8084
19153,48201,4178,3888,8066
12031,48113,4143,3916,8059
05007,36081,3962,4085,8047
27053,53021,3952,4086,8038
01101,48439,4091,3941,8032
27053,35001,4064,3966,8030
12086,51710,3852,4176,8028
08031,36029,4132,3894,8026
12095,36055,3292,4730,8022
12071,29189,3720,4290,8010
08031,31109,3893,4108,8001
19155,36081,4020,3974,7994
48439,48479,4092,3900,7992
17031,30031,3876,4106,7982
01089,48201,3957,4024,7981
26081,36081,3997,3980,7977
01073,36081,3996,3978,7974
20161,48439,3999,3963,7962
34013,47009,4051,3895,7946
06073,12057,4049,3888,7937
27053,39113,4183,3744,7927
32003,48215,3841,4065,7906
35005,48439,3954,3929,7883
37119,45041,3897,3963,7860
12011,27053,3911,3949,7860
12081,25025,3468,4379,7847
34013,45083,3849,3997,7846
06073,22051,3704,4136,7840
28047,48201,3993,3835,7828
06073,53061,3765,4059,7824
18097,49035,3923,3889,7812
30111,53033,3843,3963,7806
06083,53033,3773,4023,7796
12081,17031,3637,4151,7788
12071,42003,3823,3963,7786
37119,50007,3734,4050,7784
37119,55025,3799,3980,7779
13063,50007,3817,3957,7774
06067,51107,3446,4321,7767
04013,49053,3853,3903,7756
27053,31109,3884,3869,7753
12005,48439,3753,3995,7748
12011,37025,3798,3932,7730
42003,48113,3835,3887,7722
48113,49035,3726,3983,7709
13063,13185,3860,3848,7708
13051,51107,3771,3931,7702
08031,53061,3888,3803,7691
06059,26163,3996,3687,7683
42129,45051,3691,3944,7635
41017,49035,3677,3955,7632
11001,36029,3738,3876,7614
26163,48113,3807,3798,7605
06019,41051,3646,3949,7595
04013,41039,3696,3898,7594
13063,33015,3671,3918,7589
01073,42101,3785,3803,7588
21111,32003,3752,3825,7577
16077,49035,3798,3775,7573
18163,48439,3821,3737,7558
01073,24003,4002,3544,7546
27053,48113,3996,3548,7544
19155,48113,4038,3496,7534
12011,47009,3727,3795,7522
12117,42043,3672,3842,7514
06037,55079,3378,4129,7507
06037,06083,3528,3976,7504
04013,08041,3559,3935,7494
26163,36007,3718,3750,7468
13051,48201,3648,3795,7443
24003,40109,3967,3470,7437
37081,51107,3690,3743,7433
26163,36109,3607,3822,7429
06081,06089,3577,3824,7401
08077,49035,3745,3632,7377
13063,13095,3646,3728,7374
06085,26163,3694,3677,7371
29165,35001,3295,4071,7366
12057,49035,4028,3334,7362
11001,45083,3853,3502,7355
27053,51087,3846,3507,7353
04013,38017,3296,4052,7348
26163,42049,3611,3733,7344
13063,13127,3685,3658,7343
37129,42101,3719,3611,7330
08031,30013,3753,3573,7326
13063,17143,3673,3648,7321
45063,51107,3579,3741,7320
06085,53061,3497,3810,7307
40109,49035,3617,3686,7303
12033,42101,3609,3678,7287
12005,48113,3629,3652,7281
42043,51107,3867,3411,7278
12031,27053,3660,3592,7252
12086,29165,3635,3613,7248
39049,49035,3665,3581,7246
48201,51087,3505,3740,7245
46103,48439,3899,3345,7244
13063,55009,3552,3683,7235
48201,48375,3948,3284,7232
12033,12086,3637,3581,7218
17031,17113,3399,3814,7213
11001,51710,3633,3549,7182
12073,12086,3572,3596,7168
36001,51107,2986,4181,7167
18003,26163,3456,3710,7166
16083,49035,3627,3539,7166
09003,37183,3560,3578,7138
01101,37119,3337,3776,7113
17031,23019,3306,3806,7112
12033,48113,3436,3675,7111
08031,38101,3521,3590,7111
36109,42101,3626,3480,7106
17161,48439,3774,3326,7100
12071,36119,3333,3755,7088
17031,42049,3486,3590,7076
05119,32003,3575,3496,7071
48439,53063,3448,3616,7064
24003,26081,3560,3498,7058
25025,36067,3526,3529,7055
26163,42077,3617,3412,7029
11001,36055,3491,3530,7021
06019,17031,3413,3589,7002
34013,44003,3577,3417,6994
17031,20161,3522,3466,6988
19113,37119,3682,3301,6983
01073,11001,3576,3406,6982
17143,48439,3396,3586,6982
11001,45063,3512,3462,6974
06073,53063,4883,2082,6965
29165,48029,3817,3146,6963
06067,34013,3543,3420,6963
06067,26163,3596,3364,6960
17031,53063,3614,3345,6959
12095,39153,3440,3508,6948
06001,39049,3616,3329,6945
16069,49035,3497,3448,6945
51003,51107,3300,3644,6944
17031,19061,3442,3500,6942
48041,48201,3598,3327,6925
04013,08067,3310,3610,6920
36103,42101,3543,3375,6918
17031,46103,3189,3729,6918
19155,49035,3497,3405,6902
12011,36029,3261,3640,6901
17031,45063,3635,3256,6891
05091,48439,3492,3391,6883
23019,34013,3678,3196,6874
26163,42079,3514,3350,6864
04013,35049,3269,3593,6862
27053,55073,3274,3588,6862
45019,48113,3330,3508,6838
18003,48439,3442,3393,6835
18163,26163,3409,3413,6822
42101,47009,3546,3274,6820
06085,34013,3439,3380,6819
42079,42101,3564,3254,6818
36109,51107,3434,3383,6817
12086,21111,3357,3451,6808
42027,51107,3423,3355,6778
12081,21015,3266,3497,6763
29165,48453,2953,3799,6752
49035,51107,3476,3267,6743
11001,19153,3387,3326,6713
21111,48113,3552,3159,6711
37183,42003,3233,3469,6702
04005,48439,3244,3456,6700
06037,09003,3376,3319,6695
13063,27109,3264,3426,6690
39049,53033,3310,3366,6676
18141,48439,3293,3378,6671
12103,26081,3074,3591,6665
06059,48113,3369,3288,6657
29097,48439,3333,3299,6632
12099,44003,2942,3689,6631
27053,40143,3318,3300,6618
06085,35001,3210,3393,6603
48439,48485,2995,3597,6592
08031,39113,3299,3275,6574
06097,53033,3318,3243,6561
04013,05119,3089,3470,6559
29165,37183,3117,3442,6559
32003,48303,3362,3172,6534
42003,49035,3267,3263,6530
37119,54099,3254,3270,6524
12011,36103,3233,3280,6513
17113,48439,3182,3317,6499
11001,47009,3213,3269,6482
30013,49035,3323,3156,6479
34013,45051,3192,3284,6476
21015,48453,3139,3318,6457
42077,42101,3528,2919,6447
17031,26145,3076,3367,6443
38017,48439,3445,2983,6428
45019,53033,3003,3424,6427
06029,08031,3188,3223,6411
06085,25025,3224,3183,6407
06001,24003,4610,1796,6406
08031,38105,3122,3283,6405
12005,37119,3091,3310,6401
36081,45063,3354,3039,6393
12086,48029,3186,3203,6389
17143,37119,3321,3064,6385
51107,51770,3088,3286,6374
25025,45051,3236,3135,6371
12086,51107,3239,3130,6369
18003,37119,3181,3180,6361
42101,51700,3031,3279,6310
42101,45063,3442,2847,6289
13063,34001,2889,3376,6265
17031,39095,2945,3314,6259
11001,12033,3369,2858,6227
11001,12071,3177,3041,6218
17031,19193,3084,3121,6205
26081,48201,3212,2990,6202
18141,37119,3068,3129,6197
22079,48439,3137,3044,6181
32003,48329,3185,2989,6174
27053,30029,3069,3095,6164
06081,39049,2719,3409,6128
13063,46099,2960,3144,6104
06081,53063,2950,3118,6068
39035,49035,3052,3007,6059
06073,12011,2759,3297,6056
06037,40143,3020,3028,6048
26163,40109,3231,2778,6009
12057,48029,3488,2487,5975
17031,47065,2974,2998,5972
39035,45051,2912,3020,5932
01089,12095,3063,2866,5929
12057,47157,2995,2917,5912
06037,08041,2653,3257,5910
26163,47065,2975,2929,5904
49035,55079,3036,2861,5897
22019,48201,2986,2905,5891
06071,36081,2910,2979,5889
12086,51087,2894,2995,5889
06037,36029,2920,2943,5863
06001,12095,1756,4089,5845
22051,29165,3925,1917,5842
21015,37183,2945,2896,5841
12086,47157,2779,3062,5841
17031,17167,2908,2899,5807
05007,06037,2988,2807,5795
38015,48439,2979,2806,5785
12011,48029,3297,2478,5775
22079,48201,3058,2704,5762
12081,39035,2673,3058,5731
12057,34021,2931,2777,5708
08041,48029,2878,2828,5706
26081,32003,3000,2697,5697
12117,37025,2859,2832,5691
48245,48439,2886,2797,5683
48439,56039,2389,3290,5679
32003,48375,2811,2852,5663
22019,48439,2758,2902,5660
27053,36029,2911,2745,5656
21067,42101,2715,2939,5654
26081,42101,2943,2703,5646
12086,37081,2765,2880,5645
06001,48453,2620,3016,5636
37119,39095,2996,2637,5633
37129,48439,2853,2772,5625
12015,18003,2580,3041,5621
06083,32003,2767,2826,5593
36063,45051,2728,2856,5584
08031,56005,2752,2828,5580
11001,13051,2815,2757,5572
05007,27053,2755,2813,5568
04013,46103,2729,2839,5568
06071,48453,2815,2738,5553
12031,32003,2768,2784,5552
27053,46013,2798,2737,5535
22073,48439,2788,2744,5532
12086,47009,2681,2843,5524
08031,56029,2582,2921,5503
21111,51107,2792,2710,5502
12011,42129,2661,2817,5478
37021,51107,2687,2726,5413
31079,48439,2735,2674,5409
08041,49035,2715,2693,5408
27053,36067,2743,2661,5404
04005,08031,2724,2667,5391
12117,21111,2624,2758,5382
22017,37119,2755,2626,5381
06001,29165,2873,2496,5369
36081,39113,2656,2713,5369
04013,41017,2665,2702,5367
12031,21015,2715,2643,5358
40119,48439,2712,2624,5336
06053,06081,2817,2511,5328
08031,17161,2660,2666,5326
01089,51107,2723,2599,5322
12057,36119,2618,2696,5314
32003,47157,2540,2771,5311
27053,55063,2600,2710,5310
06053,08031,2649,2643,5292
12091,48201,2644,2643,5287
30013,53033,2648,2623,5271
08031,49053,2670,2601,5271
19153,36081,2665,2604,5269
13063,42079,2548,2705,5253
39113,51107,2679,2574,5253
37119,42049,2611,2638,5249
12095,36071,2630,2617,5247
11001,37081,2672,2575,5247
12095,26081,2538,2686,5224
06067,12095,1205,4017,5222
04013,19113,2481,2732,5213
06065,27053,2405,2785,5190
34013,55025,2574,2616,5190
06037,41017,2208,2982,5190
48201,48479,2862,2328,5190
18097,37183,2580,2600,5180
18163,37119,2623,2531,5154
12011,34021,2473,2673,5146
12081,34013,2388,2749,5137
13063,37049,2577,2558,5135
17019,48439,2532,2598,5130
06097,41051,2632,2488,5120
12015,17201,2395,2699,5094
13063,36103,2581,2507,5088
26103,26163,2586,2502,5088
48303,48453,2701,2387,5088
04013,17201,2423,2654,5077
17167,48439,2458,2601,5059
12015,37021,2568,2489,5057
21067,51107,2563,2492,5055
12091,21111,2592,2440,5032
08041,12095,2517,2494,5011
12095,25027,2397,2606,5003
12103,18003,2412,2544,4956
06071,48201,2223,2723,4946
12011,36019,2248,2691,4939
42003,45051,2387,2551,4938
08031,30049,2403,2513,4916
29077,48201,2366,2546,4912
17031,38015,2406,2481,4887
48061,48453,2695,2185,4880
18141,27053,2410,2469,4879
12015,47009,2442,2434,4876
06067,48453,3201,1672,4873
42079,51107,2397,2474,4871
06085,29189,3683,1188,4871
06059,48453,2355,2510,4865
08031,49019,2397,2463,4860
37129,51107,2393,2457,4850
37183,39049,2429,2419,4848
08031,29213,2379,2469,4848
27053,44003,2362,2474,4836
04013,29077,2392,2442,4834
21015,53033,2372,2440,4812
36103,45051,2304,2499,4803
48183,48439,2462,2332,4794
26163,55073,2455,2338,4793
12095,23005,2203,2585,4788
26049,37119,2368,2415,4783
27007,27053,2451,2327,4778
34021,37183,2423,2314,4737
26163,36071,2377,2358,4735
17161,27053,2453,2282,4735
27053,36055,2439,2295,4734
06037,53063,2518,2206,4724
17161,26163,2350,2363,4713
42101,55025,2312,2396,4708
35025,48201,2379,2312,4691
17031,26061,2239,2445,4684
06037,21111,2236,2438,4674
34021,37119,2415,2197,4612
12103,17143,2160,2440,4600
12117,47163,2289,2302,4591
44003,47037,2571,2008,4579
49035,56025,2199,2378,4577
12086,13051,2312,2256,4568
08031,55009,2257,2303,4560
24045,37119,2151,2404,4555
12071,34021,2226,2321,4547
12095,42043,2199,2345,4544
30093,49035,2285,2259,4544
35001,41051,2018,2517,4535
06065,53073,2101,2429,4530
06001,36081,2189,2341,4530
12001,48439,2315,2207,4522
12011,36071,2213,2306,4519
12011,25027,2163,2347,4510
32003,55025,2157,2350,4507
11001,26081,2394,2104,4498
12117,18141,2199,2295,4494
48201,51710,2257,2232,4489
08041,27053,2190,2288,4478
09003,48201,2222,2249,4471
12015,18141,1998,2473,4471
12103,23019,1876,2587,4463
39153,42101,2289,2169,4458
05131,13063,2263,2194,4457
36015,51107,2228,2222,4450
12103,21067,2311,2136,4447
36103,37183,2378,2064,4442
08031,12033,2270,2154,4424
25019,25025,2390,2028,4418
06023,06037,2273,2126,4399
12117,45083,2217,2168,4385
16001,48201,2313,2065,4378
34021,45019,2221,2155,4376
27053,55085,2045,2316,4361
32031,48201,2033,2291,4324
04013,17143,2072,2242,4314
46103,49035,2239,2070,4309
06081,19155,2030,2278,4308
40109,53033,2138,2166,4304
12011,45019,2039,2264,4303
36001,37183,2221,2081,4302
04013,26081,2093,2197,4290
01073,12086,2082,2197,4279
12033,17031,2129,2148,4277
30031,48439,2236,2028,4264
47065,51107,2058,2192,4250
08031,38089,2134,2107,4241
17031,55017,2052,2177,4229
12015,17163,2059,2162,4221
12001,12086,2085,2130,4215
20173,53033,2029,2178,4207
08031,46065,2120,2081,4201
08031,08107,1921,2274,4195
12117,23019,1869,2320,4189
12099,34021,1984,2202,4186
06001,26163,1813,2369,4182
12015,39049,2029,2151,4180
26047,26163,2293,1882,4175
12117,47065,2081,2094,4175
42043,48439,2143,2030,4173
47163,48439,2019,2153,4172
48027,48201,1864,2305,4169
42101,51003,2072,2096,4168
06081,55025,2083,2080,4163
06083,41051,2108,2052,4160
06029,48439,2164,1994,4158
20055,48439,2097,2047,4144
12015,42077,1984,2157,4141
12015,17143,1972,2165,4137
08031,56037,2020,2104,4124
23019,37119,2134,1986,4120
08031,31019,2044,2076,4120
30063,41051,1975,2139,4114
40143,49035,1980,2131,4111
36029,48439,2063,2015,4078
08085,48439,2267,1809,4076
06079,53033,2070,2001,4071
06085,53063,924,3136,4060
12086,45083,2221,1833,4054
11001,12081,2054,1980,4034
06079,48439,2228,1801,4029
18141,34013,1990,2022,4012
32031,36081,2007,1985,3992
08031,50007,1894,2093,3987
06085,12095,1074,2911,3985
06081,40109,2001,1983,3984
12011,12087,1945,2036,3981
27053,30013,1945,2036,3981
08031,36001,1906,2072,3978
12117,54099,1975,1997,3972
42081,42101,2078,1885,3963
22073,48201,1937,2025,3962
06059,53061,1947,2008,3955
30063,48439,2073,1878,3951
19153,49035,1910,2036,3946
08031,23005,1961,1976,3937
17031,41039,1928,2002,3930
06081,48029,2093,1836,3929
17031,19013,1903,2023,3926
30111,41051,2025,1895,3920
36067,37183,1972,1945,3917
26077,27053,2015,1894,3909
12081,18097,1819,2084,3903
04013,41029,1970,1932,3902
27053,47009,2077,1822,3899
21015,29165,2001,1896,3897
12103,29077,1913,1984,3897
48439,48465,1920,1975,3895
40109,51107,1903,1990,3893
12057,12087,1976,1904,3880
08031,44003,1868,2006,3874
12103,51770,1863,2003,3866
04005,32003,1948,1917,3865
12095,17113,2051,1811,3862
13051,21015,1945,1915,3860
12103,54099,1845,1997,3842
37021,48439,1803,2037,3840
42101,51770,1934,1902,3836
06053,48439,1981,1853,3834
27053,38105,1849,1951,3800
04013,16019,1870,1929,3799
01097,08031,1918,1876,3794
08031,48375,1955,1836,3791
06071,48029,2118,1664,3782
32003,38101,1777,2004,3781
12015,21111,1910,1867,3777
12117,19113,1885,1890,3775
06037,55025,1818,1945,3763
12103,42043,1893,1868,3761
04013,53021,1808,1950,3758
36045,42101,1881,1876,3757
48141,53033,1775,1973,3748
30049,53033,1839,1907,3746
12015,21067,1814,1929,3743
12081,48439,1828,1915,3743
30111,48439,2043,1696,3739
05007,06081,1799,1908,3707
21015,22051,1894,1806,3700
13051,39035,1856,1841,3697
30031,41051,1858,1835,3693
34013,39153,1792,1892,3684
45051,48439,1890,1789,3679
12087,17031,1838,1837,3675
04013,38015,1674,2000,3674
04013,53073,1683,1979,3662
18097,48453,1787,1823,3610
05119,11001,1854,1752,3606
04013,30111,1759,1834,3593
26041,26163,1849,1729,3578
17031,21145,1899,1668,3567
12117,18003,1721,1844,3565
39153,48201,1878,1685,3563
12117,17201,1665,1894,3559
12117,18163,1791,1768,3559
12015,36063,1576,1978,3554
27035,27053,1876,1676,3552
49035,55025,1835,1709,3544
39113,48201,1771,1772,3543
22051,39035,1577,1950,3527
06053,06073,1767,1753,3520
17031,29097,1764,1746,3510
12031,34021,1862,1643,3505
12087,37119,1693,1812,3505
12103,17201,1671,1829,3500
08031,08037,1602,1895,3497
12099,48201,1575,1905,3480
34013,40109,1702,1772,3474
19155,42101,1819,1653,3472
08031,17113,1694,1778,3472
21015,45019,1773,1693,3466
12015,26049,1617,1842,3459
27053,51710,1747,1712,3459
08085,17031,1911,1547,3458
13051,26163,1705,1749,3454
12033,12057,1687,1762,3449
12087,34013,1643,1805,3448
08031,48423,1746,1701,3447
12015,26081,1633,1811,3444
37183,39035,1799,1644,3443
12103,42077,1695,1745,3440
34021,47037,1770,1650,3420
21015,29189,1714,1703,3417
22051,39049,2061,1353,3414
06081,30031,1595,1808,3403
12103,36063,1598,1802,3400
12117,47157,1637,1730,3367
12103,21111,1682,1680,3362
04015,32003,1691,1671,3362
39035,48453,1779,1583,3362
26163,34021,1850,1509,3359
32007,49035,1704,1650,3354
06073,06097,1702,1652,3354
12117,17113,1478,1872,3350
40109,42101,1677,1666,3343
04013,06097,1592,1745,3337
12103,45083,1668,1654,3322
24003,37021,1623,1698,3321
23005,37183,1720,1596,3316
12103,17163,1628,1680,3308
05007,12117,1720,1573,3293
36019,51107,1613,1679,3292
12103,39049,1622,1657,3279
12031,37183,1440,1831,3271
27053,34021,1675,1587,3262
06065,36081,1501,1749,3250
04027,48439,1596,1650,3246
21067,27053,1538,1707,3245
12103,26049,1505,1725,3230
34021,45051,1541,1684,3225
08031,42043,1578,1641,3219
27053,36001,1605,1603,3208
27053,30049,1606,1593,3199
17031,26121,1559,1632,3191
06037,30031,1489,1701,3190
32003,41017,1537,1629,3166
06029,06081,1659,1488,3147
12087,48439,1284,1842,3126
08031,56001,1509,1610,3119
06001,53073,1541,1574,3115
48113,48355,1470,1638,3108
12103,36067,1489,1616,3105
17031,26103,1427,1671,3098
13245,48439,1464,1629,3093
12015,47037,1514,1575,3089
06037,06077,1563,1517,3080
39049,45051,1441,1638,3079
25001,25019,1471,1606,3077
06059,06097,1517,1559,3076
36081,47065,1408,1666,3074
28081,47037,1641,1429,3070
06001,41039,1554,1505,3059
06097,48439,1551,1500,3051
12117,17161,1322,1724,3046
11001,55025,1455,1586,3041
12117,51770,1555,1483,3038
08031,13051,1484,1550,3034
08097,49035,1609,1419,3028
12117,17163,1487,1526,3013
12117,40143,1477,1535,3012
49021,49035,1524,1487,3011
12117,19153,1499,1496,2995
06037,06065,1637,1355,2992
37183,48453,1567,1400,2967
39035,45019,1500,1466,2966
19153,42101,1646,1317,2963
08041,51107,1462,1499,2961
12117,24043,1455,1501,2956
04013,31079,1435,1508,2943
12081,24003,1425,1517,2942
32003,47009,1444,1494,2938
25027,36081,1629,1300,2929
12117,29077,1442,1484,2926
12095,37081,1475,1440,2915
32003,38017,1421,1493,2914
08097,48439,1557,1355,2912
41051,47037,1507,1399,2906
01089,26163,1351,1553,2904
12031,42003,1431,1469,2900
12117,39049,1448,1444,2892
05007,11001,1423,1464,2887
13051,24003,1430,1449,2879
25019,36081,1699,1180,2879
12031,18097,1421,1453,2874
05119,12117,1473,1400,2873
12033,12095,1510,1347,2857
04013,38101,1314,1541,2855
12103,51710,1396,1449,2845
11001,12091,1418,1418,2836
17031,41017,1428,1407,2835
04013,48303,1305,1526,2831
12015,42043,1343,1486,2829
05007,42101,1381,1441,2822
12015,42003,1313,1492,2805
12103,19113,1378,1424,2802
26037,27053,1404,1394,2798
12117,36015,1383,1415,2798
13051,39049,1408,1388,2796
12103,47037,1415,1373,2788
12011,21067,1402,1382,2784
04013,17161,1275,1496,2771
04013,35005,1235,1534,2769
05007,34013,1303,1464,2767
36029,47037,1573,1194,2767
04013,18003,1345,1420,2765
12015,36001,1270,1493,2763
13063,31109,1399,1357,2756
12081,39049,1325,1415,2740
08031,31157,1301,1434,2735
12103,28047,1384,1350,2734
12011,47157,1299,1433,2732
25025,51710,1282,1450,2732
12011,51710,1330,1379,2709
06037,08097,1176,1532,2708
11001,12073,1332,1375,2707
12015,39035,1215,1491,2706
04013,30063,1231,1472,2703
12091,34013,1329,1373,2702
12117,55087,1252,1450,2702
12095,37021,1286,1407,2693
12103,36015,1229,1463,2692
16001,32031,1271,1413,2684
08097,17031,1589,1087,2676
26103,27053,1416,1258,2674
42003,45019,1404,1269,2673
12015,19153,1195,1476,2671
04013,55087,1217,1449,2666
12117,51087,1341,1302,2643
12103,55087,1184,1451,2635
25007,25025,1400,1235,2635
13051,42003,1340,1287,2627
08031,55087,1284,1342,2626
08031,37021,1355,1270,2625
26081,47037,1152,1468,2620
12103,17161,1229,1387,2616
12081,36067,1195,1419,2614
06081,53021,1203,1406,2609
26081,51107,1293,1310,2603
12091,47009,1300,1303,2603
17201,32003,1316,1285,2601
12015,39095,1151,1450,2601
12015,17167,1138,1460,2598
32003,38015,1274,1322,2596
28067,48439,1275,1315,2590
36067,47037,1341,1248,2589
12103,36071,1266,1322,2588
08031,31111,1249,1338,2587
17031,37129,1254,1333,2587
08031,29019,1295,1291,2586
09003,21015,1307,1279,2586
32003,51710,1242,1342,2584
04013,48329,1205,1377,2582
12011,36067,1143,1439,2582
12117,21059,1187,1393,2580
18003,42101,1316,1262,2578
04013,06077,1285,1289,2574
12087,12095,1241,1327,2568
17161,32003,1318,1244,2562
12103,19153,1280,1278,2558
12011,21111,1261,1294,2555
12117,42003,1262,1292,2554
06037,06089,1323,1228,2551
12015,29165,1229,1321,2550
04013,30031,1272,1277,2549
12117,47037,1308,1234,2542
32003,41029,1252,1289,2541
12081,42003,1249,1292,2541
04013,18141,1230,1304,2534
22017,32003,1290,1240,2530
06023,08031,1314,1207,2521
05119,26163,1180,1338,2518
04025,08031,1282,1235,2517
04013,30013,1149,1365,2514
12103,39095,1156,1358,2514
18003,27053,1260,1250,2510
12117,37081,1209,1300,2509
05007,32003,1271,1234,2505
47037,51087,1267,1235,2502
12103,51087,1265,1233,2498
12095,45083,1035,1454,2489
42101,47065,1346,1142,2488
12117,46099,1176,1308,2484
30029,32003,1299,1175,2474
32003,38035,1202,1271,2473
26163,55063,1272,1197,2469
12117,19155,1182,1286,2468
12103,18141,1141,1326,2467
12081,26081,1172,1292,2464
11001,21067,1271,1191,2462
12103,37081,1237,1223,2460
12117,54033,1118,1339,2457
32003,46103,1203,1254,2457
12117,36067,1216,1240,2456
12015,44003,1128,1326,2454
08031,22017,1315,1135,2450
12081,42043,1084,1359,2443
12117,33015,1125,1305,2430
12103,36019,1044,1383,2427
48439,49053,1190,1229,2419
12103,47065,1221,1193,2414
12081,37021,1244,1158,2402
12117,36001,1157,1244,2401
13021,24003,1220,1179,2399
42043,47037,1244,1154,2398
37021,42101,1088,1301,2389
12011,12073,1285,1101,2386
12015,36071,1120,1265,2385
08031,20051,1185,1200,2385
30031,32003,1261,1108,2369
12081,47037,1207,1160,2367
06037,53073,1092,1264,2356
04025,06037,1137,1219,2356
12081,51087,1133,1223,2356
04013,49057,1164,1191,2355
31079,32003,1224,1128,2352
17031,56039,924,1425,2349
27053,45051,1166,1181,2347
36001,45051,1104,1240,2344
12015,37183,1174,1170,2344
17143,32003,1181,1157,2338
12103,47157,1176,1157,2333
06081,41011,1161,1168,2329
08031,49047,1191,1137,2328
22051,37025,1118,1208,2326
42077,45051,1118,1208,2326
06037,53021,1118,1207,2325
06097,08031,1174,1150,2324
26007,26163,1229,1094,2323
12015,33015,1006,1315,2321
12071,51107,887,1432,2319
12091,29077,1155,1162,2317
18141,32003,1106,1210,2316
08031,08101,1186,1128,2314
12117,36019,1095,1216,2311
32003,46099,1128,1181,2309
12015,37025,1129,1178,2307
08077,32003,1216,1091,2307
48439,56021,1126,1178,2304
26033,27053,1199,1105,2304
12091,39049,1183,1120,2303
19193,48439,1162,1140,2302
21111,22051,1180,1121,2301
11001,28121,1187,1107,2294
29077,32003,1143,1149,2292
05007,12091,1129,1157,2286
12103,36001,1100,1186,2286
12103,39035,1076,1204,2280
12103,42003,1135,1144,2279
12117,36055,1017,1262,2279
12091,40109,1211,1066,2277
32003,55087,1135,1139,2274
12117,40109,1045,1227,2272
08031,48061,1125,1146,2271
25027,26163,1162,1108,2270
21067,36081,1232,1031,2263
04013,27141,951,1309,2260
12117,36063,1080,1179,2259
19113,32003,1120,1134,2254
06067,06083,1094,1155,2249
12103,17113,1084,1164,2248
08031,45051,1088,1159,2247
12057,12073,1096,1138,2234
30111,32003,1131,1102,2233
23003,34013,1144,1082,2226
32003,44003,1079,1147,2226
26145,27053,1164,1061,2225
11001,37129,1174,1047,2221
17019,37119,1069,1148,2217
30063,32003,1107,1105,2212
17143,27053,1056,1148,2204
30013,32003,1124,1077,2201
12091,37025,1081,1115,2196
08031,28121,1075,1114,2189
26043,27053,1102,1074,2176
12117,26049,1037,1139,2176
12011,36063,1082,1089,2171
16019,32003,1085,1083,2168
32003,53021,1066,1093,2159
32003,41039,1098,1053,2151
42077,47037,1072,1079,2151
11001,54039,1095,1053,2148
06037,49049,1044,1104,2148
12117,36071,1025,1122,2147
01097,17031,1083,1059,2142
12117,51710,1068,1073,2141
12117,28047,1064,1071,2135
08031,22055,1146,983,2129
04013,38035,856,1269,2125
12031,51710,1038,1084,2122
04015,27053,981,1134,2115
32003,45083,1126,986,2112
04019,49049,1060,1051,2111
09003,39035,875,1227,2102
08031,08051,954,1148,2102
17031,48061,1059,1041,2100
17031,28121,1060,1030,2090
11001,26037,1108,977,2085
25027,42101,1079,1005,2084
32003,48479,1037,1041,2078
12057,37021,1160,914,2074
01101,11001,1083,987,2070
33015,36081,1064,999,2063
13051,26081,1021,1031,2052
12117,39095,940,1111,2051
17001,17031,1004,1041,2045
06037,49053,989,1041,2030
12011,45083,1054,970,2024
42101,54039,998,1017,2015
04013,30029,937,1066,2003
17031,29201,1109,886,1995
12095,28121,1081,910,1991
06053,32003,978,1000,1978
26043,26163,1056,922,1978
36081,51770,955,1022,1977
17031,54025,1062,914,1976
06001,06083,1005,967,1972
21067,48201,932,1029,1961
26033,26163,1041,905,1946
17031,54033,1028,918,1946
25025,42043,989,938,1927
17199,29189,993,933,1926
17031,51015,1022,898,1920
48061,48113,718,1193,1911
19113,47037,956,954,1910
12011,37081,800,1097,1897
11001,47065,927,959,1886
53033,53055,894,989,1883
17031,36089,926,957,1883
12057,37081,1013,850,1863
34013,39113,916,942,1858
08031,56033,913,944,1857
28075,48439,1062,789,1851
08031,46029,917,912,1829
06065,48201,888,937,1825
27053,27071,866,943,1809
08031,38093,996,801,1797
11001,39153,982,813,1795
22051,26081,836,948,1784
25007,36081,967,800,1767
13051,44003,824,921,1745
17031,28075,928,807,1735
13051,27053,859,855,1714
12031,26081,845,865,1710
51015,51107,951,756,1707
06081,06097,795,867,1662
30083,30111,856,800,1656
13051,36001,830,807,1637
51107,54033,769,847,1616
12095,45051,842,758,1600
08037,48439,914,670,1584
04013,48215,748,766,1514
39035,48113,715,775,1490
22051,44003,761,705,1466
12117,36089,587,856,1443
08003,08031,734,701,1435
16013,53033,698,735,1433
04019,53073,659,765,1424
06065,06067,695,726,1421
08031,56013,680,725,1405
36081,39153,736,656,1392
12071,28047,678,703,1381
25025,33009,659,722,1381
06037,06051,657,699,1356
12071,55079,591,741,1332
47037,51710,913,399,1312
49035,56029,600,682,1282
41051,41059,640,640,1280
13051,42077,624,655,1279
08031,20175,613,645,1258
17031,20169,658,597,1255
12011,12033,599,644,1243
37119,54081,633,609,1242
06001,11001,755,482,1237
23009,25025,655,562,1217
06067,48029,595,610,1205
12015,26055,479,704,1183
12057,51087,381,800,1181
28047,48453,560,617,1177
06071,51107,551,608,1159
12081,26163,495,655,1150
23013,25025,606,543,1149
12015,19113,485,658,1143
18097,22051,460,680,1140
06037,29077,555,575,1130
04013,04017,667,455,1122
21059,29189,549,567,1116
17031,46029,563,553,1116
12117,26055,474,627,1101
17031,29213,557,540,1097
35009,48439,547,536,1083
06097,27053,451,629,1080
23011,25025,563,511,1074
12005,29189,604,454,1058
13089,37119,534,521,1055
40109,47037,493,555,1048
11001,48029,370,672,1042
08031,38071,459,575,1034
27053,28047,558,471,1029
12103,26055,418,609,1027
06097,32003,568,450,1018
12117,42027,469,545,1014
08031,08113,485,528,1013
17031,17115,481,518,999
19155,47037,826,172,998
08031,20169,562,424,986
29001,29189,515,470,985
29213,48439,511,472,983
54081,54107,490,490,980
32003,36001,378,594,972
11001,35001,617,354,971
37119,46103,466,500,966
08031,08083,496,462,958
06001,18097,245,705,950
23005,25025,547,403,950
13089,39061,461,486,947
19187,29189,486,454,940
42101,51107,101,836,937
06065,48027,0,934,934
08031,20057,453,478,931
24003,41051,377,548,925
06085,22051,582,341,923
17031,39061,464,458,922
48375,48453,668,250,918
25025,50021,438,479,917
12081,42101,422,495,917
42003,42083,426,466,892
25025,36089,414,474,888
11001,12087,471,400,871
17031,30029,332,522,854
12103,42027,396,456,852
05051,48439,419,430,849
05031,29189,429,410,839
42003,42071,418,412,830
39049,55025,411,412,823
24003,42021,380,431,811
11001,45051,365,445,810
29169,29189,489,319,808
35001,35017,384,420,804
12081,51107,390,412,802
25025,36033,387,412,799
04013,08083,221,575,796
36081,37021,440,351,791
36089,51107,395,389,784
06001,48029,455,326,781
42003,54061,383,393,776
33009,36119,407,365,772
06037,18141,366,382,748
51107,54025,277,467,744
06059,32031,236,508,744
08031,31045,372,371,743
08031,31145,565,176,741
12095,35001,343,390,733
37119,39061,357,374,731
42003,42065,343,387,730
11001,55087,362,362,724
12117,38017,282,427,709
06059,35001,118,582,700
01073,48041,344,348,692
04015,26081,344,342,686
06059,16001,267,401,668
17031,19057,313,346,659
13063,17163,334,322,656
30105,30111,329,323,652
06085,48141,35,612,647
04019,06001,324,321,645
05009,48439,326,314,640
06073,55079,48,576,624
24003,54061,290,333,623
32003,51087,620,0,620
17031,19033,305,311,616
30085,30111,310,304,614
06047,06067,535,75,610
12061,34013,247,353,600
12057,12099,293,304,597
12091,12095,300,289,589
26163,28047,239,347,586
04015,19155,288,292,580
35001,35015,282,288,570
30041,30111,287,280,567
17031,26053,270,290,560
12095,42079,279,279,558
28047,48029,277,281,558
17031,26101,261,296,557
39035,53033,260,295,555
17115,29189,289,265,554
25005,25019,263,286,549
04019,06067,514,30,544
29189,47113,262,281,543
29165,36001,540,0,540
12057,49049,273,267,540
11001,25019,240,295,535
48453,54033,254,279,533
05139,48439,259,262,521
29165,39035,439,80,519
42003,42013,246,271,517
01033,13063,261,253,514
06073,09003,0,513,513
01073,12011,0,512,512
12095,42011,276,227,503
08077,17031,216,286,502
01097,13051,251,246,497
29189,45019,493,0,493
19057,29189,259,226,485
45083,47037,0,484,484
48453,55079,159,316,475
05119,06037,0,473,473
06067,12057,40,432,472
12005,29165,241,228,469
22051,42003,36,432,468
48439,48469,221,237,458
42101,48029,436,21,457
06067,47037,280,172,452
04015,48201,174,278,452
11001,51107,209,241,450
34013,36081,406,39,445
06071,16001,0,444,444
36029,39049,231,211,442
40143,48453,232,209,441
08031,31013,189,245,434
36029,37183,179,244,423
22051,41051,420,0,420
06001,19155,0,420,420
19155,48453,81,338,419
08097,48201,257,158,415
48329,48453,235,175,410
13063,47113,205,205,410
12095,48141,406,1,407
17163,51107,251,155,406
04015,48355,161,240,401
47037,47157,208,192,400
06073,21111,215,184,399
42003,48029,2,397,399
06071,40143,266,130,396
09003,48113,91,305,396
48201,48469,182,213,395
28047,45063,120,273,393
24003,42065,190,199,389
17019,26163,184,204,388
47157,48453,241,147,388
06073,11001,41,346,387
39035,44003,171,215,386
04005,06037,163,220,383
19033,27053,196,186,382
04015,55025,276,105,381
12011,12099,0,381,381
09003,22051,149,232,381
12087,42101,136,243,379
12071,29165,376,0,376
21111,45083,190,184,374
37183,44003,204,170,374
11001,18003,186,186,372
11001,36071,186,186,372
11001,18163,186,186,372
11001,46099,185,185,370
11001,54099,184,184,368
24003,55009,184,184,368
04015,19153,184,184,368
30021,30111,205,162,367
24003,38017,183,183,366
06029,24003,183,183,366
06085,36001,0,366,366
19153,54033,181,185,366
11001,55073,182,183,365
19153,48303,180,184,364
12117,42101,181,183,364
17019,27053,182,182,364
35015,48439,185,179,364
11001,17143,181,181,362
04015,38015,179,183,362
11001,29077,181,181,362
11001,19113,181,181,362
11001,17199,181,181,362
34013,51031,181,179,360
06079,32003,192,168,360
11001,17167,181,179,360
17031,20051,221,138,359
04015,47037,179,179,358
06071,48141,353,5,358
36067,42003,182,175,357
04015,26145,177,180,357
04015,27137,178,179,357
09009,37119,156,200,356
04015,39035,175,180,355
22051,47157,179,176,355
01073,48029,176,179,355
04015,26061,177,178,355
04015,55009,177,177,354
12009,42101,158,196,354
40143,47157,177,176,353
12099,37183,147,204,351
04013,35043,0,351,351
27053,27113,174,176,350
36109,37119,162,186,348
04015,46099,174,174,348
29165,42003,0,348,348
04015,53063,173,173,346
06085,39035,172,174,346
04015,41051,173,173,346
12073,36067,174,172,346
04015,39049,171,174,345
25017,37183,175,170,345
12073,45083,173,170,343
01045,29019,170,173,343
12095,37147,173,170,343
21227,51710,171,171,342
36055,49035,342,0,342
04015,55017,171,170,341
04015,18097,170,170,340
04015,29189,168,172,340
40109,54033,172,168,340
04015,48029,169,171,340
12009,28047,169,170,339
12001,22033,168,171,339
04015,17143,170,169,339
35001,42003,291,48,339
29189,36029,308,31,339
37081,48201,174,164,338
28047,48355,168,170,338
28047,39153,168,168,336
08067,17031,171,164,335
21111,25017,168,166,334
20051,20169,44,290,334
17201,28047,168,166,334
28047,48215,165,169,334
29095,55009,169,165,334
12127,28047,167,166,333
25017,45083,165,168,333
01125,48041,163,169,332
06071,29189,235,97,332
22055,47157,165,166,331
51107,53063,173,158,331
26163,37021,170,161,331
22051,36071,165,166,331
48439,55009,168,162,330
19113,42027,150,180,330
41051,42101,18,312,330
09003,28047,165,165,330
28047,29189,165,164,329
12086,48141,164,164,328
01073,04015,165,163,328
12099,47149,166,162,328
44003,48113,116,212,328
12001,45063,163,165,328
08031,16069,162,165,327
28047,39035,163,163,326
06071,35001,69,257,326
06085,37119,203,123,326
28047,42003,163,163,326
13063,36071,165,161,326
17161,51107,162,164,326
28047,37183,163,162,325
20177,48303,164,161,325
24003,31079,162,162,324
06001,55009,158,166,324
28047,36001,162,162,324
22033,28087,160,164,324
01097,37023,163,161,324
37119,48121,164,159,323
20177,48453,159,164,323
16001,48113,0,323,323
48303,48309,159,164,323
12031,22051,164,159,323
12073,37081,159,163,322
37147,42101,163,159,322
04013,35017,145,176,321
28067,48201,161,160,321
21227,36071,161,159,320
22073,47157,160,160,320
16001,49049,160,160,320
26053,27053,172,147,319
39153,55025,158,161,319
18157,24003,161,158,319
22051,51087,319,0,319
13059,47009,159,159,318
12086,37025,161,157,318
06071,29165,307,11,318
08041,24003,158,160,318
41051,49021,159,158,317
18157,19113,141,175,316
18105,24003,155,160,315
28047,55079,157,157,314
13021,28047,157,157,314
20161,40109,158,156,314
06081,30063,126,188,314
22051,32031,85,228,313
21015,40143,158,155,313
18157,42027,155,157,312
12031,28047,156,155,311
04015,48453,171,140,311
48141,51031,157,154,311
06085,29165,12,299,311
12011,28047,189,121,310
11001,40143,153,157,310
12099,51710,153,157,310
26145,36029,153,157,310
12057,37147,157,153,310
17199,39155,155,155,310
19013,39155,155,155,310
04013,53075,154,156,310
01097,04015,156,153,309
20161,48309,155,153,308
37183,55079,188,119,307
12086,51770,155,152,307
01101,05007,149,158,307
36001,47037,0,307,307
06001,08041,153,153,306
01015,17029,153,151,304
21111,29165,0,304,304
04015,55079,150,153,303
17031,48303,296,6,302
47149,48439,149,153,302
22033,49005,151,150,301
12011,51003,151,150,301
06019,08069,152,149,301
28047,47037,150,150,300
29019,47037,149,150,299
26037,55025,146,153,299
08069,35001,151,148,299
01073,51710,149,150,299
19153,40119,150,149,299
08041,49005,150,148,298
41039,53075,151,147,298
08067,48201,180,118,298
26037,42027,150,148,298
40119,48303,148,149,297
21111,37081,147,149,296
12031,48453,68,227,295
08031,12005,295,0,295
22055,37023,149,146,295
04015,19061,147,147,294
06071,47037,59,235,294
06019,08041,146,148,294
04015,53033,145,148,293
26037,39049,143,150,293
19155,39049,154,137,291
06085,39049,0,291,291
25025,35001,291,0,291
28081,29019,143,147,290
29189,44003,2,287,289
22073,47163,143,146,289
12099,54099,146,143,289
22017,48141,145,143,288
12103,24003,144,144,288
28087,48041,142,145,287
06067,29165,9,278,287
18167,46099,143,144,287
06079,30031,144,143,287
06085,48029,48,238,286
18097,29095,141,145,286
01101,22033,139,146,285
04015,53077,143,142,285
21111,51003,141,142,283
47149,54099,143,140,283
29165,53063,0,283,283
04015,53073,141,142,283
24003,42071,127,155,282
30031,38035,139,142,281
28087,47009,139,142,281
22073,48453,140,141,281
19153,47037,281,0,281
48141,49035,219,59,278
18105,34013,142,136,278
06085,36071,138,139,277
12057,19155,272,4,276
08083,08113,155,121,276
04015,35001,137,139,276
24003,40143,135,140,275
12086,47149,135,139,274
12001,28047,137,137,274
32003,36103,116,156,272
32031,56001,135,137,272
05009,47157,131,141,272
19013,38017,136,135,271
36103,37119,271,0,271
12117,37183,137,134,271
04015,38101,137,133,270
12031,12095,0,270,270
17113,38017,134,134,268
12005,32003,268,0,268
13051,28047,134,134,268
06073,56001,138,129,267
12073,37183,132,135,267
10003,37081,133,134,267
39155,46099,133,134,267
12061,23005,88,177,265
42003,44003,0,264,264
06067,30063,136,128,264
12073,24003,130,133,263
36103,51015,132,131,263
04015,48215,132,131,263
01073,06001,263,0,263
06073,08069,130,133,263
24003,24043,117,145,262
04019,06059,35,227,262
40109,48029,203,59,262
28047,42101,160,101,261
18097,48029,260,0,260
12095,40109,150,109,259
26121,28047,130,129,259
28151,48439,130,128,258
33015,37183,0,258,258
17019,55025,124,133,257
19155,48029,12,244,256
04015,40143,157,99,256
12031,48029,250,3,253
06067,30031,126,126,252
48029,48375,40,212,252
17201,39049,124,127,251
18141,36081,130,120,250
05119,24003,222,28,250
37081,44003,125,123,248
12031,55079,0,247,247
19013,29077,124,123,247
06059,53063,122,123,245
04015,41039,122,122,244
23019,51700,122,122,244
33015,37081,122,122,244
06037,36001,34,208,242
18097,51087,98,144,242
27053,48061,167,74,241
06067,49021,120,121,241
12099,28047,120,120,240
21111,28047,120,120,240
12081,28047,120,120,240
24003,42013,111,129,240
06073,26081,0,239,239
06067,35001,11,227,238
21145,29201,113,125,238
39049,44003,237,0,237
26037,28047,118,118,236
29077,46099,117,118,235
18167,19193,118,117,235
21015,40109,0,234,234
06067,38035,116,118,234
36001,48113,231,3,234
34013,40119,123,111,234
08031,34021,137,95,232
21015,28047,116,116,232
28047,40109,114,118,232
12011,12071,0,231,231
22051,45083,73,157,230
24003,28047,115,115,230
28047,44003,112,116,228
05119,22051,227,0,227
25001,25025,128,99,227
48453,51087,22,204,226
25019,34003,121,103,224
36103,48453,0,223,223
09003,51087,112,111,223
35001,48029,174,48,222
28047,48329,111,111,222
42003,42121,114,108,222
06001,21111,18,204,222
06065,20161,0,220,220
25025,32031,180,39,219
04015,40109,142,76,218
28047,55025,109,107,216
05139,47157,120,95,215
28047,51710,106,109,215
06071,32031,215,0,215
36081,48141,0,214,214
28047,36119,106,107,213
48113,51107,151,62,213
25007,25019,177,35,212
04013,44003,211,0,211
30029,48439,141,70,211
08031,35025,124,87,211
06001,12011,193,18,211
04015,30013,104,105,209
23005,29189,209,0,209
12031,33015,116,93,209
12095,19155,185,23,208
04015,27007,104,104,208
04015,22017,104,104,208
23019,51031,103,104,207
06065,08041,0,207,207
39035,51710,1,205,206
28047,37081,103,103,206
36055,41051,46,160,206
23019,51087,103,103,206
06059,48029,195,8,203
06085,42003,5,198,203
22051,48061,98,103,201
12081,23005,60,141,201
04015,27109,100,100,200
24043,42003,92,108,200
04015,05119,99,99,198
06059,48141,197,0,197
35001,36001,197,0,197
06081,23019,197,0,197
12099,47037,91,104,195
06067,22051,151,43,194
12031,29165,120,72,192
04015,20177,106,85,191
36029,49035,190,0,190
06085,55079,97,92,189
19187,27053,91,97,188
26055,48439,99,89,188
18097,35001,20,168,188
12117,39113,94,94,188
04015,48451,93,95,188
06071,53063,187,0,187
47037,48329,16,169,185
18097,47037,102,83,185
06085,51107,185,0,185
06067,44003,0,184,184
04015,48439,91,93,184
04015,08101,91,91,182
06085,40109,37,145,182
04015,30111,90,92,182
32003,55073,0,180,180
36001,49035,180,0,180
04015,38017,0,179,179
11001,29213,179,0,179
55009,55073,178,0,178
19155,55009,178,0,178
19155,55073,0,178,178
05143,21067,0,176,176
04015,17201,88,88,176
39049,40109,0,176,176
05007,21067,176,0,176
28081,48041,175,0,175
05119,06071,20,154,174
47157,48041,0,174,174
09003,48453,163,10,173
06037,12071,156,17,173
12099,13051,0,171,171
06065,20173,0,171,171
26081,29165,171,0,171
24003,48303,0,171,171
06085,19153,164,6,170
19033,19187,83,87,170
01125,47009,170,0,170
25017,34013,113,57,170
48309,54033,168,0,168
04015,21111,0,167,167
42003,45083,167,0,167
09003,12031,0,167,167
12057,45083,167,0,167
48439,54033,0,167,167
01073,04013,0,167,167
04015,27141,167,0,167
11001,28047,166,0,166
01073,05007,0,165,165
28047,55009,0,164,164
19155,22051,0,164,164
01125,05007,163,0,163
36081,56039,0,162,162
36103,48113,5,157,162
37139,51683,93,69,162
28067,48121,162,0,162
04015,17161,0,162,162
04015,16069,82,80,162
51710,55079,0,162,162
04019,55079,0,161,161
04019,53063,0,161,161
04015,38035,80,81,161
32031,48453,119,41,160
04015,46103,85,75,160
06081,20173,0,160,160
40143,48329,0,160,160
06073,48303,0,159,159
19033,19057,83,75,158
18105,19155,158,0,158
18097,31109,0,158,158
06037,06047,75,83,158
26163,35001,158,0,158
06037,33015,1,156,157
35001,55079,0,157,157
12091,48121,0,157,157
04015,48375,78,78,156
04015,26163,156,0,156
04019,29189,155,0,155
20177,40109,155,0,155
29165,40109,1,154,155
13051,35013,153,0,153
21067,29189,153,0,153
04015,48441,76,77,153
06059,29189,1,152,153
04019,48113,0,152,152
11001,48141,24,128,152
13051,48141,0,152,152
34035,36103,151,0,151
12001,13215,151,0,151
21227,37081,151,0,151
26145,48141,0,151,151
21067,29019,0,150,150
04015,29077,75,75,150
40119,48309,149,0,149
20173,37183,0,149,149
28047,39049,0,149,149
40109,48309,0,148,148
19153,39049,0,148,148
26145,35013,148,0,148
21227,37025,0,148,148
21111,37183,145,3,148
04015,48485,74,74,148
06073,36001,67,80,147
12031,49035,6,141,147
36001,48453,0,147,147
29165,33015,146,0,146
12057,12095,0,146,146
35001,56001,0,146,146
12011,33015,0,145,145
35001,56021,145,0,145
12005,48029,0,144,144
36081,40143,144,0,144
51710,54039,144,0,144
51710,54099,0,144,144
38071,38093,41,103,144
36103,48029,0,144,144
06067,19155,131,12,143
25025,36001,143,0,143
40143,42101,0,143,143
12083,13215,0,142,142
06073,39049,0,142,142
51107,55079,141,0,141
12005,24003,0,141,141
06067,55079,31,110,141
06067,39049,65,74,139
12057,51710,139,0,139
01073,47009,0,138,138
18097,32031,0,138,138
06001,25025,9,128,137
06059,20173,14,123,137
04013,20169,0,136,136
12071,37183,136,0,136
32031,49005,135,0,135
06037,48441,134,0,134
32031,49057,0,134,134
19153,37183,134,0,134
24003,32031,25,109,134
21111,35001,132,0,132
06037,06071,0,132,132
11001,22055,61,71,132
25019,36119,66,66,132
17031,48329,5,126,131
04019,47037,130,0,130
04019,32031,130,0,130
23005,35001,0,129,129
23005,39049,0,129,129
25025,45083,55,73,128
04005,49035,128,0,128
06081,55009,123,5,128
39049,48453,121,7,128
21015,42003,0,127,127
06067,39035,94,33,127
12031,12117,0,127,127
06073,33015,0,127,127
39049,48029,0,126,126
48201,53063,108,18,126
32031,47037,35,91,126
26081,48113,34,91,125
25025,48029,124,0,124
12091,47157,59,65,124
06085,09003,123,0,123
01073,37183,123,0,123
28047,45051,123,0,123
12095,48061,4,118,122
33015,45019,10,111,121
04015,31079,121,0,121
18097,45019,121,0,121
12095,40143,60,60,120
28047,29165,120,0,120
21111,44003,0,120,120
34013,48113,0,120,120
04015,06089,60,60,120
12031,39049,37,82,119
06067,46099,119,0,119
36081,48329,41,78,119
12057,48303,118,0,118
06085,20173,118,0,118
22079,55009,117,0,117
41051,42003,33,84,117
04015,53021,58,58,116
18097,39035,48,68,116
04015,19113,0,115,115
06081,36029,0,115,115
32031,48029,15,100,115
05119,06067,114,0,114
19155,39035,0,114,114
04015,41029,57,57,114
12095,48329,114,0,114
04019,19155,113,0,113
41051,48141,103,10,113
25017,42101,53,60,113
39049,41051,113,0,113
06067,48141,81,31,112
04015,55063,56,56,112
04015,28121,56,56,112
22079,24033,112,0,112
18097,47157,112,0,112
29189,48329,0,112,112
40109,48329,0,111,111
06073,39035,0,111,111
12095,25017,57,53,110
17031,28047,0,110,110
06037,17163,110,0,110
06073,36103,0,109,109
06037,20173,7,102,109
06059,39049,109,0,109
06071,11001,0,109,109
06073,18097,75,33,108
19155,35001,105,2,107
06085,12033,0,106,106
42003,42021,60,46,106
34013,48141,0,106,106
12081,26055,34,72,106
06001,55079,92,14,106
06067,12099,0,106,106
06081,40143,96,9,105
40109,55079,32,73,105
37183,53063,105,0,105
12071,32003,101,3,104
06001,36029,0,104,104
23005,45019,103,0,103
39049,42003,48,55,103
42027,55025,33,70,103
30049,48027,102,0,102
41051,48029,14,88,102
24003,25017,0,101,101
24037,40109,52,48,100
20177,33015,0,100,100
12071,19155,0,99,99
04015,48309,0,99,99
06085,18097,5,94,99
36029,42003,49,50,99
22055,48423,44,54,98
18141,51770,49,49,98
36119,51107,51,46,97
35001,47037,80,17,97
45019,48453,52,45,97
22051,40109,46,51,97
40143,48141,11,85,96
04015,56025,48,48,96
17163,27053,96,0,96
39035,42003,90,5,95
06073,47157,52,42,94
40143,47037,94,0,94
48141,55057,0,93,93
04015,48061,0,93,93
12081,45019,0,92,92
27053,45019,92,0,92
35001,40109,15,76,91
08031,41011,38,52,90
18003,55073,90,0,90
08031,25017,45,45,90
12011,40109,86,4,90
12071,36029,90,0,90
04015,08031,0,90,90
25017,39035,42,47,89
22051,48141,89,0,89
12071,44003,62,27,89
08041,26037,44,45,89
06037,48303,14,75,89
32003,48451,89,0,89
04015,47065,87,0,87
06073,51710,0,87,87
48113,53063,87,0,87
36081,36119,87,0,87
01073,06067,87,0,87
06081,26081,3,84,87
36029,48113,57,29,86
18097,55079,47,39,86
25019,44003,45,41,86
19155,45019,86,0,86
29165,48329,84,1,85
24003,48141,80,5,85
26037,26103,42,43,85
04015,30031,43,41,84
21111,51710,0,84,84
06071,42101,84,0,84
16001,24003,22,62,84
12011,16001,84,0,84
32031,48113,66,17,83
29165,44003,81,0,81
12031,41051,0,81,81
04015,13245,80,0,80
08041,26081,0,79,79
06001,42101,16,62,78
01073,39049,73,5,78
40143,48029,0,78,78
01073,32003,75,3,78
40143,55079,77,0,77
28047,51087,77,0,77
11001,24003,0,76,76
41039,48201,0,75,75
21015,36001,0,75,75
08031,26037,37,38,75
32031,35001,75,0,75
12057,22017,75,0,75
06085,19155,35,40,75
01073,29165,74,0,74
04015,04019,37,37,74
27053,42043,0,74,74
22017,40109,0,74,74
22033,29189,0,74,74
32031,42003,0,73,73
36119,51191,31,42,73
06073,20173,0,73,73
22051,48329,72,1,73
06001,12057,39,33,72
04013,51710,26,46,72
18097,48141,72,0,72
39035,47157,0,71,71
45083,48453,32,39,71
06059,39035,61,10,71
16001,47037,71,0,71
12031,29189,53,17,70
25025,55025,35,35,70
06059,29165,14,56,70
48029,53063,70,0,70
06057,06081,40,30,70
05119,29165,69,0,69
06001,48329,69,0,69
06001,06057,28,41,69
12011,12086,12,57,69
12033,29189,69,0,69
22017,26163,0,68,68
06083,12095,68,0,68
06059,47037,68,0,68
26163,41029,0,68,68
35001,40143,29,39,68
01073,42003,61,6,67
06037,26081,19,48,67
04019,37183,67,0,67
01089,42003,0,67,67
25025,50007,67,0,67
25007,36119,32,34,66
29189,35001,20,46,66
36103,55025,33,33,66
12057,40109,41,25,66
18097,19153,65,0,65
48355,48453,65,0,65
29165,39049,0,65,65
06081,33015,65,0,65
33015,34013,0,65,65
06065,22079,0,65,65
09003,32003,0,64,64
06059,12011,64,0,64
06067,40109,64,0,64
04019,41051,63,0,63
05119,47009,0,63,63
47157,48029,0,63,63
32003,49025,0,63,63
31109,55025,31,32,63
47009,48453,0,62,62
29189,33015,62,0,62
24003,31109,31,31,62
12005,39049,19,43,62
12033,37183,5,56,61
29189,51087,2,59,61
04015,48303,31,29,60
12057,12091,24,36,60
06059,48303,60,0,60
04013,12031,60,0,60
31109,42027,30,30,60
26125,42101,0,60,60
20173,26163,59,1,60
18097,48355,60,0,60
06085,42101,0,59,59
16001,16059,27,32,59
29165,36029,1,58,59
12031,22017,59,0,59
29189,47157,57,2,59
06001,51087,0,59,59
29189,51710,10,49,59
04019,35001,0,58,58
18105,42027,29,29,58
12095,37067,0,58,58
31109,34013,29,29,58
22051,55079,0,58,58
04015,06085,0,58,58
01073,48453,28,29,57
16001,29165,0,57,57
37183,41051,5,51,56
37129,45051,0,56,56
19113,31109,26,30,56
16001,21015,0,56,56
06001,34013,39,17,56
29189,53063,4,51,55
33015,47037,0,55,55
06059,25025,0,55,55
44003,48201,49,6,55
12095,48303,18,37,55
13063,26125,55,0,55
04005,06001,28,26,54
06071,24003,54,0,54
48029,48303,0,54,54
12011,55079,54,0,54
36029,44003,53,0,53
12057,25017,0,53,53
32031,48141,52,0,52
19155,53063,49,3,52
19113,39049,26,26,52
13063,16001,0,52,52
06073,12031,34,18,52
08101,20175,8,44,52
45083,48029,0,52,52
04015,06067,0,51,51
19155,21111,51,0,51
19155,48141,3,48,51
06001,41029,51,0,51
12099,25027,0,51,51
12091,51107,50,0,50
19153,51710,50,0,50
36055,36067,50,0,50
36119,48029,50,0,50
36029,36055,0,50,50
36001,50007,50,0,50
37183,48029,49,0,49
25019,25021,24,25,49
40109,47157,0,49,49
22051,40143,11,38,49
39035,39049,49,0,49
35001,45019,23,26,49
09003,51710,0,49,49
29165,32031,33,16,49
19153,48113,0,48,48
06067,42101,48,0,48
06085,12071,0,48,48
12086,55079,48,0,48
06071,48375,0,48,48
40109,41051,48,0,48
04013,55025,0,48,48
06059,42003,8,40,48
22051,51710,13,34,47
06037,45019,47,0,47
48027,48141,0,47,47
29165,48141,39,8,47
06085,36029,47,0,47
06073,40143,47,0,47
36055,48113,44,3,47
06059,37183,46,0,46
04019,24003,0,46,46
13063,32031,46,0,46
06037,51710,29,17,46
47037,48141,0,46,46
05119,47037,36,10,46
36055,47037,0,46,46
06071,25025,14,31,45
22051,48303,39,6,45
17163,48113,0,45,45
01073,44003,0,45,45
06085,44003,0,45,45
17163,36081,44,0,44
06001,47157,0,44,44
23005,36001,44,0,44
05119,53063,44,0,44
05119,48453,44,0,44
22033,48027,44,0,44
23005,47037,44,0,44
33015,48029,44,0,44
33015,36029,43,1,44
06037,48329,17,26,43
39049,51710,0,43,43
56013,56033,21,22,43
29165,51710,43,0,43
12005,25025,43,0,43
12061,45051,0,43,43
23005,45051,43,0,43
25001,25007,23,20,43
26049,37081,42,0,42
06001,19153,42,0,42
18097,40109,42,0,42
06001,12071,0,42,42
06073,19153,7,35,42
37119,54107,29,13,42
17031,34003,15,26,41
06001,40109,0,41,41
09003,29165,41,0,41
12081,53033,41,0,41
20173,48029,0,41,41
21111,36055,38,3,41
26061,55017,40,0,40
12033,45019,0,40,40
19155,26081,40,0,40
12005,42003,0,40,40
04013,12033,39,1,40
05119,06001,0,40,40
06001,42003,36,3,39
18097,53063,39,0,39
06071,48303,5,34,39
12033,19155,39,0,39
12011,48375,39,0,39
32003,36055,0,39,39
06059,11001,39,0,39
48453,51710,39,0,39
32031,48329,0,39,39
21111,33015,0,39,39
21111,48453,11,27,38
27053,48027,38,0,38
25005,25007,23,15,38
24003,51107,0,38,38
06071,37183,0,38,38
06071,44003,0,38,38
48029,48329,0,37,37
06019,48303,0,37,37
06071,48329,37,0,37
23005,51710,37,0,37
25007,34003,22,15,37
01073,40109,4,33,37
06073,51087,0,37,37
13063,48329,5,32,37
28151,48113,37,0,37
40109,42003,37,0,37
48141,55079,28,9,37
04013,36001,36,0,36
44003,47157,0,36,36
47009,47065,0,36,36
33015,48113,9,27,36
29189,36103,36,0,36
12099,18097,0,36,36
06085,11001,0,35,35
04019,27053,0,35,35
24045,37081,35,0,35
19153,48453,35,0,35
06073,44003,35,0,35
18097,36055,4,31,35
29189,48141,24,11,35
04015,06077,17,18,35
36055,37183,0,34,34
12057,35001,25,9,34
06059,21111,0,34,34
08067,48329,34,0,34
12071,36103,34,0,34
33015,47157,9,24,33
12099,51087,0,33,33
06001,09003,20,13,33
36081,40109,33,0,33
18141,37081,0,32,32
24003,48061,0,32,32
18141,47037,32,0,32
25017,36015,16,16,32
12005,17031,13,19,32
48061,48329,22,10,32
24033,46093,31,0,31
35001,36103,31,0,31
44003,45019,13,18,31
13063,46035,16,15,31
12011,40143,0,30,30
19113,26037,30,0,30
06073,21015,0,30,30
26037,31109,30,0,30
06037,41011,15,15,30
12073,51107,30,0,30
01073,36055,0,30,30
25025,40143,27,3,30
26081,37183,0,30,30
24003,42027,29,0,29
22051,45019,25,4,29
39049,39153,0,29,29
06071,26081,0,29,29
19113,24003,29,0,29
36029,41051,0,28,28
22051,35001,25,3,28
18105,18157,0,28,28
06001,37183,1,27,28
12005,47149,17,11,28
12071,47037,0,28,28
01073,18097,0,28,28
18105,19113,28,0,28
22051,36029,26,2,28
37183,48141,28,0,28
12095,16001,0,28,28
36029,48029,28,0,28
45019,51710,1,27,28
06001,27053,28,0,28
16001,48029,4,23,27
06059,12071,0,27,27
17113,29077,0,27,27
06073,37183,10,17,27
04019,25025,27,0,27
20173,48113,27,0,27
17077,17113,0,27,27
17077,29077,27,0,27
06067,25025,22,4,26
12033,39049,0,26,26
26163,31109,0,26,26
06081,47157,0,26,26
06085,12057,22,4,26
19113,42043,26,0,26
36103,47037,26,0,26
35001,48329,25,1,26
22051,27137,26,0,26
29165,47157,13,12,25
06067,19153,0,25,25
21111,45019,25,0,25
36029,40143,0,25,25
48029,48061,2,23,25
36029,48201,0,24,24
48201,50007,24,0,24
09009,25019,8,16,24
12033,39035,24,0,24
12031,47157,24,0,24
29189,42077,24,0,24
11001,32031,0,24,24
34013,42077,0,24,24
01073,06081,0,24,24
12095,19153,24,0,24
22051,53063,0,23,23
01089,49035,0,23,23
04019,26163,4,19,23
26007,26047,11,12,23
25017,34003,10,13,23
12071,48113,3,20,23
36029,40109,0,23,23
19155,41051,23,0,23
06071,40109,8,15,23
32031,53063,20,3,23
30111,55025,0,23,23
37147,48113,0,22,22
21111,41051,22,0,22
06067,12011,0,22,22
17031,48355,22,0,22
21015,37147,0,22,22
48029,51087,22,0,22
09011,51107,11,11,22
12057,20173,22,0,22
12031,39035,0,22,22
06027,32003,11,11,22
29165,36103,0,22,22
22051,48375,0,21,21
08031,36103,0,21,21
01073,06037,21,0,21
06001,26081,2,19,21
27053,32031,0,21,21
06059,19155,21,0,21
12011,36055,0,20,20
12033,35001,15,5,20
12031,40109,20,0,20
35001,42101,20,0,20
06001,48141,6,14,20
06001,51107,0,20,20
40109,45019,20,0,20
34003,36109,10,10,20
22051,36001,20,0,20
12095,48215,20,0,20
39049,48355,0,20,20
36081,42027,0,19,19
06097,34027,10,9,19
18097,23005,19,0,19
06067,09003,0,19,19
48061,49035,0,19,19
29165,45051,19,0,19
01073,19155,0,18,18
19155,42003,18,0,18
34013,41017,0,18,18
36119,50007,9,9,18
19153,48029,18,0,18
06071,42003,18,0,18
05119,49035,0,18,18
06037,34021,11,7,18
04013,51087,17,1,18
25017,36103,10,8,18
32031,40143,3,15,18
33015,36055,18,0,18
34003,37129,0,18,18
47037,48355,18,0,18
04019,48453,0,18,18
42003,48453,7,10,17
29165,48355,0,17,17
08014,08037,12,5,17
06037,12099,0,17,17
12031,48141,17,0,17
12033,36081,16,1,17
06081,09003,0,17,17
36031,36119,8,8,16
45041,47009,8,8,16
19153,39113,8,8,16
48141,48375,16,0,16
06025,06037,8,8,16
12021,42101,8,8,16
23005,40109,16,0,16
40109,53063,0,16,16
06059,48355,7,9,16
16001,48453,16,0,16
39061,47037,8,8,16
12005,40109,0,16,16
12087,12097,8,8,16
05119,25025,0,16,16
34003,53033,9,7,16
18097,36029,16,0,16
45019,49035,0,16,16
06037,34003,14,2,16
06071,21015,0,16,16
37067,40109,16,0,16
12031,42043,0,16,16
04011,04013,7,9,16
26081,48453,0,15,15
11001,20173,0,15,15
26163,48141,0,15,15
36063,42077,0,15,15
06071,34013,15,0,15
06073,12005,10,5,15
45063,53033,0,15,15
09003,36063,0,15,15
47157,48141,0,15,15
06019,40143,0,15,15
01073,36001,15,0,15
36001,40109,0,15,15
34003,42077,15,0,15
12071,51710,0,15,15
12031,36109,15,0,15
48329,49035,0,15,15
23005,48453,14,0,14
01089,27053,0,14,14
06001,48303,0,14,14
06067,48061,14,0,14
06001,40143,0,14,14
35001,39049,14,0,14
13063,53063,1,13,14
06001,21015,0,14,14
36001,51710,0,14,14
08077,48441,14,0,14
36019,36119,7,7,14
05119,12011,14,0,14
16001,48303,0,14,14
26081,42003,14,0,14
44003,51087,0,14,14
34003,36033,7,7,14
08007,48439,8,5,13
06037,08101,6,7,13
09003,41051,13,0,13
35015,48201,13,0,13
08101,17031,6,7,13
18097,36001,6,7,13
04019,12095,0,13,13
18097,29189,13,0,13
06059,18097,3,10,13
42003,47157,0,13,13
29189,42043,13,0,13
20173,20177,0,13,13
06059,35005,6,7,13
22017,28067,0,13,13
09003,20177,13,0,13
48141,48303,0,13,13
36001,36029,0,13,13
13063,48303,0,13,13
06079,56005,0,13,13
06001,08107,6,7,13
45083,55079,12,0,12
11001,53063,12,0,12
08037,12011,12,0,12
34003,37125,5,7,12
06085,48375,0,12,12
39035,50007,12,0,12
34027,36089,6,6,12
12099,45019,12,0,12
21111,48029,0,12,12
25025,34003,5,7,12
20173,41051,12,0,12
48201,51770,0,12,12
06071,19153,12,0,12
34003,47037,6,6,12
23005,39035,2,10,12
19155,24003,0,12,12
19153,35001,0,12,12
28059,48201,12,0,12
04013,12071,12,0,12
45083,48113,0,12,12
06071,22051,0,12,12
34003,51107,5,7,12
26081,44003,0,12,12
06083,06085,8,4,12
21111,32031,11,0,11
48113,51087,0,11,11
01073,29189,11,0,11
12033,48453,0,11,11
33015,48201,0,11,11
30063,48453,0,11,11
04013,13245,11,0,11
12033,48329,11,0,11
30063,39035,11,0,11
09009,36103,3,8,11
38017,38071,0,11,11
29189,39153,4,7,11
22051,48355,0,11,11
05119,06085,11,0,11
05119,39049,11,0,11
12011,19155,0,11,11
06059,24003,2,9,11
29189,48303,11,0,11
48061,48141,11,0,11
45019,48029,11,0,11
06085,47157,0,11,11
39049,55079,11,0,11
28059,48157,0,10,10
11001,51700,5,5,10
41039,47037,10,0,10
06059,40109,10,0,10
24003,53063,0,10,10
12071,23005,10,0,10
39035,48029,3,7,10
06001,39035,10,0,10
08037,51107,5,5,10
36067,36119,5,5,10
21125,39093,5,5,10
33009,34003,0,10,10
06085,36103,0,10,10
32031,37183,10,0,10
12033,32003,10,0,10
42101,53063,0,10,10
18097,41051,10,0,10
23001,36119,4,6,10
06073,48329,0,10,10
19155,23005,0,10,10
16001,35001,0,10,10
01073,48355,10,0,10
18141,51087,0,10,10
06067,40143,0,10,10
12005,53033,0,10,10
36119,44005,2,7,9
12005,26163,9,0,9
36029,51710,0,9,9
21015,48113,2,7,9
04019,48029,9,0,9
04019,48141,0,9,9
36029,55079,9,0,9
19155,47157,0,9,9
09011,39035,4,5,9
36119,42003,4,5,9
06059,48061,9,0,9
05119,48303,0,9,9
06081,34003,0,9,9
23005,37081,0,9,9
34003,49035,3,6,9
25001,36119,8,1,9
06067,21111,9,0,9
04013,13089,9,0,9
12011,48303,9,0,9
06037,12031,7,1,8
04019,09003,0,8,8
18097,42003,8,0,8
25017,36053,4,4,8
16001,40109,0,8,8
06053,06111,4,4,8
01073,55079,0,8,8
19153,39035,0,8,8
04013,51683,4,4,8
18141,51107,8,0,8
25009,25019,4,4,8
06059,36081,8,0,8
35001,44003,6,2,8
36029,51087,0,8,8
36001,42003,8,0,8
36119,51003,4,4,8
29189,45083,8,0,8
34003,36037,8,0,8
39049,54081,0,8,8
16001,18097,2,6,8
06071,27053,8,0,8
36119,50015,4,4,8
36103,48201,8,0,8
36103,54061,4,4,8
06065,32003,4,4,8
06085,51710,8,0,8
36001,51003,0,8,8
06059,48375,8,0,8
12031,36001,0,8,8
11001,48303,8,0,8
21015,35001,0,7,7
36055,51087,7,0,7
34003,36093,4,3,7
23005,36119,5,2,7
26081,51710,0,7,7
06067,12031,0,7,7
33013,36119,5,2,7
20173,32031,0,7,7
34003,44003,1,6,7
40143,48061,7,0,7
25025,36119,5,2,7
06081,12031,0,7,7
06067,33015,7,0,7
25001,34003,3,4,7
18151,25025,4,3,7
36109,36119,2,5,7
01073,42043,0,7,7
44003,48453,7,0,7
09003,18097,7,0,7
06085,12031,7,0,7
12057,53063,6,0,6
19155,36001,0,6,6
27053,33015,6,0,6
06067,48329,0,6,6
36103,44007,3,3,6
12095,32031,0,6,6
06085,12011,0,6,6
36055,36119,3,3,6
04019,36001,6,0,6
21015,51710,6,0,6
24031,36119,3,3,6
09011,47149,3,3,6
09009,42109,3,3,6
12005,45019,6,0,6
09009,42077,3,3,6
25009,36037,3,3,6
25009,36119,3,3,6
09003,47037,0,6,6
04013,33015,0,6,6
25017,51003,3,3,6
09003,19153,0,6,6
25021,34003,3,3,6
04015,06037,3,3,6
25025,48141,6,0,6
36029,53033,6,0,6
08005,34003,0,6,6
47157,53063,6,0,6
29189,48061,0,6,6
24003,48355,1,5,6
06059,37119,6,0,6
06055,06081,0,6,6
29095,37119,6,0,6
16001,55079,6,0,6
06037,06111,3,3,6
06055,17031,6,0,6
06059,12057,0,6,6
16001,19155,6,0,6
12099,48113,6,0,6
40143,51107,6,0,6
12005,19155,6,0,6
06085,21111,1,4,5
21015,34003,0,5,5
21111,48141,0,5,5
06059,55079,5,0,5
06073,42003,5,0,5
12057,41051,5,0,5
45019,47157,5,0,5
06077,41039,0,5,5
34003,39035,3,2,5
44003,51710,0,5,5
13051,23005,5,0,5
25025,34027,3,2,5
06085,37183,5,0,5
42043,51087,1,4,5
36001,51087,5,0,5
26081,47157,0,5,5
48061,48375,5,0,5
29189,32031,0,5,5
06019,06077,0,5,5
12086,34003,0,5,5
01073,22051,5,0,5
06019,41039,5,0,5
36001,53033,4,1,5
12095,34003,0,5,5
23005,51003,0,5,5
12031,40143,5,0,5
26163,40143,0,5,5
06071,18097,5,0,5
23005,48029,4,0,4
04013,35009,2,2,4
36029,36119,2,2,4
06085,34003,0,4,4
12011,41029,0,4,4
25017,36119,2,2,4
06085,40143,2,2,4
06085,34015,4,0,4
09001,35007,0,4,4
34003,47157,0,4,4
20113,47037,4,0,4
19155,55079,0,4,4
05119,16001,4,0,4
13063,34003,4,0,4
23005,36067,0,4,4
34003,36061,1,3,4
20173,48141,0,4,4
06059,08107,2,2,4
21015,33015,4,0,4
04009,04011,4,0,4
36105,42089,0,4,4
04009,04013,0,4,4
05119,12057,0,4,4
05119,42003,0,4,4
25009,34003,4,0,4
12005,39035,4,0,4
10003,50007,2,2,4
06067,51710,0,4,4
34027,51003,2,2,4
08045,48157,4,0,4
30029,36081,0,4,4
25003,36109,2,2,4
06065,06083,2,2,4
06071,39035,4,0,4
36067,51710,0,4,4
34003,55079,2,2,4
21111,42027,0,4,4
17121,35007,4,0,4
01073,40143,0,4,4
05119,48029,4,0,4
48453,53063,4,0,4
09003,49035,0,4,4
18097,48303,0,4,4
09001,17121,4,0,4
37021,51003,4,0,4
12099,29165,4,0,4
35001,48303,0,4,4
17097,34003,0,3,3
36001,51770,0,3,3
26081,30029,0,3,3
26081,39049,3,0,3
36055,50007,1,2,3
36029,37081,3,0,3
36103,36105,0,3,3
33009,36103,3,0,3
36055,39049,0,3,3
06037,48355,0,3,3
04019,12033,3,0,3
17143,18163,0,3,3
36029,56039,0,3,3
13051,29165,0,3,3
34003,42101,2,1,3
26081,53033,0,3,3
23005,37021,0,3,3
08005,10003,3,0,3
37183,48329,3,0,3
32003,45019,3,0,3
04013,12099,3,0,3
12005,53063,3,0,3
19153,55025,3,0,3
09003,53033,0,3,3
12033,48375,3,0,3
12005,48355,3,0,3
18097,48329,0,3,3
06073,34003,3,0,3
06073,12099,3,0,3
06073,08005,0,3,3
06001,41067,0,3,3
40109,48453,3,0,3
42027,44003,0,3,3
42003,53063,3,0,3
37119,55009,3,0,3
01073,20173,0,3,3
12005,36081,3,0,3
11001,48329,0,3,3
04013,12005,0,3,3
26081,37081,3,0,3
45019,48303,3,0,3
25023,34003,3,0,3
12099,50007,1,2,3
12033,26163,3,0,3
19155,40143,3,0,3
36001,48201,3,0,3
39049,50007,0,3,3
12033,24003,0,3,3
36119,42065,2,1,3
34003,36103,0,2,2
25021,36119,0,2,2
25003,36119,1,1,2
25021,42101,1,1,2
25017,37067,0,2,2
25023,36103,0,2,2
25007,25021,0,2,2
22051,29019,2,0,2
34003,36067,1,1,2
34013,42043,2,0,2
12001,12009,0,2,2
48303,49035,2,0,2
48329,53063,0,2,2
09001,25007,1,1,2
34003,48201,1,1,2
35061,39017,2,0,2
13135,33015,1,1,2
35049,47149,0,2,2
04013,09003,0,2,2
23001,36109,0,2,2
25017,25019,0,2,2
25019,34027,2,0,2
50007,51087,2,0,2
16001,16077,2,0,2
23001,44005,2,0,2
23003,44003,2,0,2
09009,25007,0,2,2
23005,27053,0,2,2
40143,53063,0,2,2
29165,40143,0,2,2
33015,44005,0,2,2
39035,53063,0,2,2
36109,51003,2,0,2
12099,27109,0,2,2
37021,51770,2,0,2
37119,48355,0,2,2
18097,23003,0,2,2
47037,48061,0,2,2
06073,08045,0,2,2
36119,42129,2,0,2
29169,47149,1,1,2
36119,51015,1,1,2
12057,48141,0,2,2
06083,45043,2,0,2
46103,48141,0,2,2
04019,50007,0,2,2
12057,26081,2,0,2
36103,42043,1,1,2
36103,44003,2,0,2
45083,51087,0,2,2
36103,44005,2,0,2
19155,51710,0,2,2
12057,36055,0,2,2
19153,47157,0,2,2
29189,36001,2,0,2
12031,48329,2,0,2
45019,48061,0,2,2
05119,12071,2,0,2
37183,51710,0,2,2
19153,40143,2,0,2
42003,48375,2,0,2
33009,51107,2,0,2
26163,53063,2,0,2
12099,32003,2,0,2
44003,48029,0,2,2
33015,36103,2,0,2
47037,48375,0,2,2
47157,48329,0,2,2
36061,36103,1,1,2
47157,48061,2,0,2
12011,34003,0,2,2
12097,36119,1,1,2
12091,47149,0,2,2
36119,51087,1,1,2
06055,06065,1,1,2
06071,09003,2,0,2
19113,35001,0,2,2
04019,27109,2,0,2
06055,06073,1,1,2
06067,37183,2,0,2
01121,37119,0,1,1
25017,34025,0,1,1
05119,42101,0,1,1
04005,04015,0,1,1
35001,51710,0,1,1
27053,27141,1,0,1
06001,08037,1,0,1
19155,36103,1,0,1
06081,34021,1,0,1
37021,50007,0,1,1
26081,36001,0,1,1
35001,47157,0,1,1
42003,55079,0,1,1
29189,48355,1,0,1
40109,48141,1,0,1
29189,51003,1,0,1
06067,48303,1,0,1
40109,41029,1,0,1
41067,53033,1,0,1
41067,48201,0,1,1
10003,48201,1,0,1
09009,51710,0,1,1
06071,12057,1,0,1
01073,48303,0,1,1
35001,39035,1,0,1
42043,51770,1,0,1
35001,42043,1,0,1
28121,36081,0,1,1
12071,36055,1,0,1
40109,53021,1,0,1
12005,48141,0,1,1
01073,45019,0,1,1
25007,50007,0,1,1
05119,40143,0,1,1
48375,53033,1,0,1
24003,48329,1,0,1
04019,22051,1,0,1
04019,39035,0,1,1
23005,36109,1,0,1
36027,50007,0,1,1
16001,29189,0,1,1
23005,36055,0,1,1
12031,12033,0,1,1
25025,44003,0,1,1
12021,17097,1,0,1
21015,47037,1,0,1
21015,50007,1,0,1
47149,54081,0,1,1
09001,42027,0,1,1
47149,54107,1,0,1
08085,48453,1,0,1
34003,37183,1,0,1
47157,49035,0,1,1
22051,36103,0,1,1
47157,51710,0,1,1
33015,51710,0,1,1
12011,30031,0,1,1
34003,34025,1,0,1
08045,17031,0,1,1
39049,40143,1,0,1
23005,39153,1,0,1
17031,25017,1,0,1
04013,48355,1,0,1
05119,35001,1,0,1
09003,44003,0,1,1
18097,44003,0,1,1
12033,34013,1,0,1
36001,36103,0,1,1
19155,37183,1,0,1
28081,29189,1,0,1
29189,36109,1,0,1
34003,50007,1,0,1
28081,29169,0,1,1
36055,47157,1,0,1
23005,42043,1,0,1
39049,54107,1,0,1
36119,42101,1,0,1
17031,39017,0,1,1
06067,18097,0,1,1
36103,51107,0,1,1
32003,48061,1,0,1
48303,53063,1,0,1
23019,36055,1,0,1
48303,48355,0,1,1
34003,47149,0,1,1
40109,44003,0,1,1
