geoid_a,geoid_b,pax_ab,pax_ba,passengers
17031,36081,193522,193833,387355
06037,06081,184462,185212,369674
06037,32003,182086,174626,356712
06037,36081,175685,170802,346487
06037,17031,156822,154255,311077
13063,36081,150458,150478,300936
06037,53033,144175,136467,280642
08031,17031,136628,143072,279700
12095,13063,126456,126952,253408
06037,08031,126579,124098,250677
13063,17031,122962,122774,245736
12011,13063,118407,117377,235784
06037,48439,116147,115238,231385
17031,25025,112602,110796,223398
17031,27053,110582,109736,220318
06081,17031,112158,108004,220162
12011,36081,112260,106873,219133
12095,36081,107597,111379,218976
06081,53033,109247,103135,212382
06037,06085,102937,108891,211828
12086,36081,105744,103765,209509
17031,32003,102603,104611,207214
04013,06037,100392,102803,203195
06037,13063,100564,102260,202824
17031,48439,99070,101118,200188
06037,48201,101178,98020,199198
06001,06037,97874,99437,197311
06081,34013,100162,96857,197019
12095,17031,97450,97817,195267
08031,48201,94542,98789,193331
17031,53033,96145,95540,191685
06037,06067,93648,95343,188991
36081,48439,92213,96015,188228
13063,48201,90478,94714,185192
12057,13063,92301,92028,184329
08031,53033,92447,91084,183531
06081,36081,92316,89458,181774
04013,17031,92701,88695,181396
06081,08031,93606,87760,181366
11001,17031,92353,87449,179802
17031,48201,87590,90154,177744
25025,36081,87926,89051,176977
36081,37119,86162,90542,176704
13063,25025,87736,87140,174876
17031,34013,87833,84758,172591
06037,49035,88795,83244,172039
04013,08031,86765,83045,169810
13063,48439,83693,84680,168373
17031,42101,82333,80851,163184
08031,32003,80101,82210,162311
08031,13063,79900,81822,161722
12095,34013,79675,81733,161408
06037,34013,81268,79755,161023
32003,53033,82060,78582,160642
13063,24003,78307,79973,158280
08031,27053,79381,78620,158001
04013,53033,81223,76669,157892
06037,25025,80169,77487,157656
06037,41051,78994,78603,157597
32003,48439,78549,77668,156217
06073,06081,79267,76343,155610
12086,13063,77578,77872,155450
06081,32003,75933,77337,153270
12095,42101,74897,77353,152250
08031,36081,74452,77354,151806
11001,13063,75832,74740,150572
08031,48439,70031,71117,141148
13063,42101,69814,68118,137932
12095,48201,65726,68394,134120
13063,32003,66575,67328,133903
08031,49035,65541,67509,133050
48201,48439,64677,67222,131899
12031,13063,66096,65756,131852
13063,34013,65784,65410,131194
13063,26163,66373,64307,130680
48439,53033,66133,64460,130593
17031,24003,64525,65521,130046
06081,25025,65804,63713,129517
13063,22051,63696,64226,127922
17031,26163,64053,63016,127069
13063,27053,63469,62628,126097
11001,25025,63936,62073,126009
17031,37119,60217,64440,124657
25025,42101,59658,63211,122869
12095,48439,61486,60998,122484
13063,37183,60930,61449,122379
06073,53033,62413,59721,122134
32003,48201,60962,60333,121295
06073,17031,60954,59743,120697
06037,27053,61149,57996,119145
06073,32003,59306,59048,118354
27053,53033,59681,58636,118317
12099,13063,59263,58660,117923
17031,29165,59794,57534,117328
06081,48439,58644,58467,117111
06081,41051,59233,57711,116944
06085,53033,58870,57329,116199
06073,06085,58279,57903,116182
04013,06073,59673,55987,115660
08031,51107,57922,57300,115222
06073,08031,55998,58115,114113
08031,12095,54963,58253,113216
12086,48439,55789,56368,112157
22051,48201,55778,56287,112065
06067,06073,56292,55723,112015
13063,53033,55060,55477,110537
41051,53033,56785,53487,110272
13063,48453,52451,57595,110046
17031,37183,52933,56844,109777
36081,48201,54289,55394,109683
13063,47037,55454,54069,109523
17031,47037,54690,54160,108850
06081,13063,54541,53495,108036
12095,37119,53337,54511,107848
17031,29189,52989,54389,107378
24003,25025,54976,52324,107300
04013,32003,54705,52515,107220
04013,48439,53448,52726,106174
13063,49035,52770,53392,106162
06001,32003,52786,52833,105619
12095,26163,51791,53220,105011
26163,36081,52208,52492,104700
17031,39035,51997,52507,104504
04013,06081,53149,51267,104416
53033,53063,52498,50878,103376
49035,53033,51807,51436,103243
08031,25025,53005,49828,102833
12095,25025,51024,51426,102450
12057,17031,52108,50315,102423
17031,48453,49736,52128,101864
08031,41051,49748,52002,101750
48113,48201,50758,50979,101737
13063,29165,50970,50470,101440
12011,34013,51161,50279,101440
13063,51087,49642,50764,100406
32003,36081,50336,49911,100247
06067,53033,51828,48407,100235
12071,13063,50067,48943,99010
06081,48201,49497,49028,98525
12095,24003,47573,50611,98184
06037,51107,49683,48322,98005
34013,37119,49096,48482,97578
13063,37119,47392,49951,97343
04013,27053,49839,47095,96934
17031,39049,48605,48269,96874
27053,32003,48250,48495,96745
26163,32003,47661,48606,96267
17031,42003,47399,48838,96237
13063,29189,48506,47325,95831
06037,12095,48262,47183,95445
12086,17031,47233,47526,94759
08031,34013,48413,46338,94751
34013,48201,47203,47461,94664
48201,48453,43968,50618,94586
12057,36081,47493,46683,94176
12011,48201,46908,47184,94092
32003,41051,46654,47055,93709
37119,48439,46676,46988,93664
36081,53033,46440,46966,93406
08031,48453,45663,47543,93206
42101,48439,46316,46667,92983
06073,48439,46483,46411,92894
12011,24003,45995,46874,92869
25025,34013,44927,47583,92510
04013,48201,45685,46652,92337
06081,27053,47497,44779,92276
48439,48453,45084,47191,92275
06081,51107,46375,45723,92098
04013,13063,47407,44616,92023
13063,18097,45509,46346,91855
06037,42101,45143,45810,90953
13063,39035,46256,44643,90899
08031,26163,45060,45632,90692
25025,37119,44606,45358,89964
25025,27053,44753,45168,89921
06037,26163,45787,43975,89762
24003,37119,45792,43784,89576
26163,53033,43984,43947,87931
04013,49035,45559,42314,87873
06037,48453,43134,44530,87664
48029,48201,44765,42856,87621
27053,48439,42407,45098,87505
13063,48029,43537,43911,87448
12099,36081,44526,42645,87171
17031,19155,43207,43802,87009
13063,39049,43265,43233,86498
48029,48439,44488,41981,86469
06037,12086,43606,42862,86468
25025,26163,42859,43258,86117
36081,37183,42504,43612,86116
27053,36081,43327,42430,85757
25025,48439,42098,42880,84978
13063,42003,41115,43288,84403
04013,06059,42620,41576,84196
08031,29165,40585,43150,83735
13063,51107,41449,42230,83679
26163,48439,41228,42306,83534
13063,45019,41218,41960,83178
12011,17031,39915,43025,82940
48439,49035,41641,40611,82252
13063,47157,40997,41130,82127
08031,42101,40890,41127,82017
12011,48439,40310,41223,81533
06085,32003,40748,40548,81296
12095,27053,40529,40726,81255
12057,48201,40808,40438,81246
08031,29189,40540,39916,80456
06059,06085,40418,39998,80416
32003,49035,40922,39066,79988
09003,17031,40200,39593,79793
48201,53033,40875,38150,79025
06059,08031,39505,39388,78893
04013,36081,40074,38804,78878
17031,49035,40201,38593,78794
04013,37119,40265,38155,78420
37119,42101,39265,39084,78349
11001,36081,40092,38002,78094
04013,06067,38738,39174,77912
06081,42101,38745,38560,77305
08031,37119,37985,39201,77186
06059,53033,38514,38469,76983
17031,21015,38094,38774,76868
11001,48439,38402,38250,76652
06001,53033,40949,35625,76574
08031,24003,36459,39414,75873
04013,06085,39189,36657,75846
06073,48201,37140,38236,75376
11001,12095,38015,37297,75312
04013,42101,38138,36795,74933
01073,13063,37726,37204,74930
06067,08031,37528,37377,74905
06001,06073,37202,37256,74458
26163,27053,37575,36865,74440
13063,51710,37211,37063,74274
25025,53033,36327,36586,72913
13063,45083,35475,37220,72695
17031,41051,36072,36443,72515
36081,47037,35915,36268,72183
06059,48439,36419,35632,72051
06073,13063,36540,35397,71937
04013,41051,36826,35002,71828
13063,55079,37149,34125,71274
17031,36029,35830,35414,71244
32003,34013,36035,34935,70970
06085,08031,35591,35255,70846
08031,47037,35039,35730,70769
12057,42101,34388,36339,70727
06037,37119,34662,35519,70181
25025,37183,33808,36333,70141
06085,41051,35507,34223,69730
12057,48439,34273,35243,69516
12011,25025,35885,33450,69335
12057,37119,34904,34183,69087
11001,12086,34584,34445,69029
12071,17031,35090,33751,68841
13063,21015,33529,34997,68526
13051,13063,34010,34222,68232
06067,32003,34687,33041,67728
22051,48439,33653,33984,67637
12033,13063,33501,33277,66778
12086,42101,33477,33162,66639
06059,06081,32858,33143,66001
04013,06071,32842,32884,65726
24003,26163,33285,32431,65716
04013,26163,33625,31948,65573
22051,36081,33242,32200,65442
13063,48113,33836,31547,65383
34013,48439,32007,33332,65339
12011,42101,32924,31988,64912
12057,34013,32460,32171,64631
36081,49035,31824,32560,64384
24003,48201,32339,31846,64185
06059,17031,32120,31979,64099
06073,49035,32467,31248,63715
12011,26163,32123,31266,63389
32003,32031,32185,31095,63280
04013,48453,32184,31038,63222
41051,49035,31577,31439,63016
34013,53033,31506,31407,62913
17031,18097,30667,32235,62902
27053,41051,31244,31654,62898
11001,48201,30154,32711,62865
08031,39035,30817,31612,62429
37119,48201,30401,31920,62321
16001,53033,30336,31823,62159
06081,49035,31719,30095,61814
04013,34013,31314,30378,61692
04013,06001,30741,30681,61422
06037,47037,31149,30156,61305
12086,37119,29829,31295,61124
12086,48201,30044,30983,61027
51107,53033,30524,30459,60983
12011,37119,29486,31496,60982
47037,48439,30227,30743,60970
17031,22051,30545,30254,60799
12057,24003,29173,31512,60685
17031,48029,29997,30153,60150
12081,13063,29859,30115,59974
13063,21111,29521,30227,59748
08031,12057,28363,31365,59728
37119,37183,28384,31045,59429
24003,27053,29990,29338,59328
11001,27053,29301,29261,58562
11001,37119,29096,29455,58551
48029,48113,28550,29868,58418
36029,36081,28846,29342,58188
26163,37119,28452,29555,58007
06037,48113,29026,28956,57982
40109,48439,29371,28328,57699
25025,48201,28038,29453,57491
09003,13063,28627,28755,57382
26163,42101,28332,29016,57348
40143,48439,28588,28663,57251
12086,12095,28492,28698,57190
06081,48453,28390,28668,57058
08031,22051,27779,29140,56919
25025,47037,27812,29060,56872
17031,26081,28799,28015,56814
06073,36081,28553,27882,56435
12095,37183,26859,28762,55621
12095,18097,27637,27955,55592
11001,26163,27929,27637,55566
08031,12011,26645,28905,55550
32003,42101,28735,26713,55448
06037,24003,27787,27621,55408
37119,47037,28060,27264,55324
09003,12095,27602,27687,55289
06073,27053,27761,27521,55282
12086,34013,28176,26948,55124
27053,42101,27481,27534,55015
06001,41051,28738,26207,54945
08031,48113,26825,27922,54747
06071,48439,27387,27193,54580
35001,48439,27194,27315,54509
17031,36001,27908,26395,54303
08031,18097,27117,27143,54260
48113,48453,26674,27448,54122
04013,35001,26980,27071,54051
32003,48453,26107,27894,54001
27053,49035,27261,26429,53690
12057,25025,26841,26831,53672
47037,48201,26594,27076,53670
12086,25025,27035,26602,53637
40109,48201,25865,27598,53463
26163,47037,26046,27403,53449
06081,26163,26914,26481,53395
13063,37081,26321,26901,53222
04019,48439,26903,26286,53189
25025,32003,25370,27388,52758
24003,37183,26223,26495,52718
42101,47037,26088,26571,52659
08031,48029,25416,27079,52495
36081,39035,26106,26117,52223
08031,19155,26907,25071,51978
06081,37119,26411,25555,51966
12095,47037,25341,26367,51708
06073,41051,26314,25349,51663
48141,48439,27030,24619,51649
12099,34013,25963,25566,51529
41051,48439,25585,25741,51326
34013,37183,25245,25958,51203
27053,37119,25537,25467,51004
06037,06073,24764,26228,50992
06037,12011,25477,25434,50911
08031,21015,25343,25444,50787
12057,26163,25580,25189,50769
17031,48113,24903,25594,50497
29189,48439,25354,25060,50414
12095,29189,25865,24497,50362
04013,48029,25208,25108,50316
06037,22051,24752,25348,50100
32003,37119,25814,24247,50061
05119,13063,24667,25319,49986
36081,48453,24202,25746,49948
08031,55079,24810,24885,49695
27053,34013,24749,24881,49630
27053,29189,23777,25566,49343
26163,34013,24654,24553,49207
08031,35001,24846,24345,49191
42101,48201,24616,24439,49055
26163,48201,23972,24959,48931
29165,48439,24207,24641,48848
48061,48201,26126,22712,48838
06067,17031,24150,24621,48771
12031,36081,24465,23905,48370
17031,21111,24343,24010,48353
08031,40109,23566,24492,48058
06001,06059,24166,23791,47957
29189,36081,23496,24457,47953
06059,32003,23999,23832,47831
06037,29165,23995,23708,47703
36081,42003,23925,23774,47699
24003,32003,24809,22689,47498
37119,42003,23961,23475,47436
48201,48329,23337,23886,47223
27053,48201,22582,24436,47018
17031,51107,23245,23752,46997
12031,37119,23871,23098,46969
48201,51107,23594,23374,46968
06067,48439,23822,23129,46951
13063,28121,23325,23431,46756
04013,25025,22652,23980,46632
34013,47037,22736,23882,46618
09003,37119,23051,23395,46446
12005,13063,23109,23251,46360
36081,45019,22270,24010,46280
42101,53033,23223,22972,46195
04013,29189,22938,23196,46134
06073,26163,23279,22719,45998
06067,41051,23299,22581,45880
12095,48453,22361,23502,45863
06085,17031,24519,21259,45778
08031,37183,22667,23109,45776
13063,41051,22740,22919,45659
04013,48113,23158,22500,45658
11001,29189,23125,22487,45612
37183,48439,22564,22693,45257
12011,22051,22261,22797,45058
08031,42003,21658,23304,44962
08031,16001,22617,22252,44869
29189,32003,21435,23426,44861
12095,39035,22459,22327,44786
48439,51107,21758,22937,44695
37119,37129,22329,22316,44645
08031,32031,22150,22399,44549
12095,51107,22017,22443,44460
12095,42003,21716,22548,44264
27053,47037,21643,22400,44043
04013,12095,22471,21429,43900
17031,51710,21931,21932,43863
29189,48201,22748,21110,43858
47157,48439,21519,22306,43825
06071,08031,21924,21898,43822
37119,51087,21990,21584,43574
06037,32031,22574,20942,43516
24003,44003,22077,21423,43500
32003,48113,21423,21987,43410
11001,12011,21672,21687,43359
12095,22051,22218,21074,43292
18097,32003,22259,20863,43122
27053,29165,21347,21686,43033
06037,48029,22472,20471,42943
13063,45063,21516,21212,42728
17031,19153,21509,21183,42692
12011,47037,21300,21256,42556
11001,12057,21375,21054,42429
06001,06071,21069,21307,42376
12091,13063,21323,21038,42361
01089,13063,21070,21214,42284
36081,41051,21065,21145,42210
37119,51107,20469,21655,42124
27053,55079,20892,21167,42059
06067,06071,21152,20767,41919
06059,06067,20909,21002,41911
08031,11001,20298,21521,41819
13063,40109,20862,20889,41751
17031,36055,20756,20869,41625
26163,37183,19704,21920,41624
08031,53063,20526,20967,41493
22051,48113,20635,20831,41466
17031,36067,21226,20219,41445
12057,12086,20769,20670,41439
06001,49035,21433,19948,41381
29165,32003,19856,21431,41287
40143,48201,19366,21758,41124
13063,19155,20632,20276,40908
06085,49035,20682,20201,40883
12031,17031,20680,20171,40851
12127,13063,20417,20416,40833
17031,44003,20567,20207,40774
24003,48439,20312,20364,40676
21015,36081,20278,20344,40622
12095,49035,20308,20258,40566
06037,11001,20171,20257,40428
04013,48141,19277,21146,40423
37119,44003,20899,19520,40419
37119,45019,19760,20613,40373
39035,48439,20378,19974,40352
04013,29165,20174,20083,40257
11001,47037,20371,19759,40130
12031,48439,20018,20035,40053
21015,48439,19824,20160,39984
24003,47037,19932,19815,39747
36081,39049,19961,19705,39666
13063,47009,19663,19985,39648
17031,45019,19009,20499,39508
06073,37119,19858,19632,39490
25025,42003,19710,19776,39486
06059,48201,19674,19785,39459
48201,49035,20655,18781,39436
29189,42101,20152,19174,39326
06037,29189,19234,19973,39207
37119,53033,19541,19628,39169
13063,26081,19687,19481,39168
26163,49035,19502,19321,38823
06001,08031,19464,19249,38713
11001,48113,19091,19584,38675
17031,47157,19609,18986,38595
13063,36029,19754,18769,38523
29189,48113,18802,19588,38390
12095,32003,19667,18711,38378
25025,49035,19427,18901,38328
37183,42101,19267,19048,38315
06067,49035,19368,18812,38180
06073,34013,19333,18819,38152
29165,48201,18972,19142,38114
32003,48029,18382,19521,37903
18097,37119,18709,19121,37830
34013,48453,19909,17886,37795
24003,33015,19050,18734,37784
29165,48113,17584,19891,37475
04013,32031,18410,19022,37432
06059,13063,18714,18669,37383
12095,39049,18442,18915,37357
12011,12095,19351,17962,37313
35001,48201,18470,18628,37098
17031,55025,18628,18432,37060
05007,48439,18814,18154,36968
22051,24003,18796,18166,36962
06081,12095,18408,18468,36876
26163,29189,18762,18092,36854
36081,48113,18270,18583,36853
12095,44003,18674,18022,36696
04019,06037,18458,18200,36658
18097,48439,18452,18100,36552
16001,49035,18647,17872,36519
37119,51710,18491,17985,36476
08041,48439,17709,18754,36463
23005,36081,17062,19399,36461
36055,36081,17936,18488,36424
06073,48453,17785,18496,36281
47037,48113,18113,17914,36027
26081,26163,17662,18360,36022
09003,24003,17587,18410,35997
12011,37183,17764,17899,35663
12095,48113,17678,17904,35582
48141,48201,19003,16526,35529
12091,48439,17407,18100,35507
08031,39049,17443,18061,35504
13063,47065,17462,18020,35482
47157,48201,17665,17795,35460
12011,12057,15938,19484,35422
24003,36001,18012,17366,35378
06073,48113,17915,17448,35363
29189,37119,17702,17648,35350
37119,39035,17137,18164,35301
26163,55079,18388,16780,35168
17031,35001,17375,17735,35110
37119,48453,17352,17732,35084
53021,53033,17774,17250,35024
41051,48201,17566,17453,35019
06081,12086,17606,17398,35004
06037,35001,17418,17511,34929
25025,51107,17298,17629,34927
12095,29165,17417,17328,34745
26163,48453,16969,17669,34638
25025,39035,17297,17143,34440
34013,51107,15737,18680,34417
42003,48439,16970,17440,34410
12095,21015,16662,17650,34312
08031,12086,17071,17132,34203
22051,37119,16960,17165,34125
48215,48439,18485,15622,34107
13051,37119,16816,17205,34021
24003,36029,17743,16065,33808
39049,48439,16794,16997,33791
06001,17031,16338,17420,33758
06085,48439,16796,16850,33646
05119,48439,16961,16633,33594
24003,48113,16862,16707,33569
12057,47037,16265,17279,33544
08031,08041,16506,16922,33428
12031,24003,16496,16874,33370
36081,51710,16679,16656,33335
20173,48439,16659,16620,33279
22051,34013,16432,16816,33248
24003,53033,16640,16536,33176
37119,45051,16514,16546,33060
13063,13245,16105,16744,32849
08031,40143,16083,16724,32807
12087,13063,16708,16096,32804
12071,26163,16916,15857,32773
11001,44003,16870,15737,32607
13063,21067,16124,16387,32511
17031,40109,16166,16218,32384
06001,48201,16257,16063,32320
37119,47157,16147,16045,32192
37183,48201,16407,15651,32058
12011,12031,15162,16884,32046
12071,37119,16168,15779,31947
13051,36081,16080,15749,31829
06073,24003,16112,15668,31780
48201,48355,15037,16652,31689
27053,51107,15254,16410,31664
12073,13063,15997,15652,31649
12095,53033,15378,15911,31289
35001,48113,14545,16721,31266
12095,36029,15651,15340,30991
18097,36081,15224,15739,30963
42003,48201,15064,15867,30931
17031,42043,14981,15933,30914
24003,48453,15004,15910,30914
04013,11001,15949,14910,30859
26081,27053,15816,15043,30859
12011,32003,15398,15375,30773
17031,51087,15059,15695,30754
17031,32031,15221,15518,30739
12099,37119,15852,14879,30731
08031,26081,15559,15167,30726
18097,27053,15413,15222,30635
06059,41051,15656,14974,30630
24003,49035,15262,15367,30629
12071,36081,15704,14914,30618
26163,29165,15633,14965,30598
08031,19153,14904,15483,30387
04013,04019,15279,15087,30366
04013,12086,15220,14975,30195
29165,36081,14862,15272,30134
04013,55079,14836,15242,30078
06071,53033,15715,14360,30075
21111,37119,14822,15250,30072
29189,34013,15005,14993,29998
12095,55079,14778,15182,29960
32003,47037,14660,15264,29924
06071,06081,15152,14733,29885
06059,49035,15192,14683,29875
18097,26163,14981,14877,29858
27053,38017,15074,14736,29810
09003,26163,15186,14593,29779
48453,53033,14906,14859,29765
12099,25025,15317,14390,29707
12011,48453,14446,15244,29690
29165,53033,15053,14559,29612
06067,13063,15028,14565,29593
06073,42101,15175,14407,29582
24003,51710,14986,14518,29504
25025,51087,14653,14802,29455
27053,55025,14416,15035,29451
06073,51107,14946,14462,29408
36081,51087,14139,15182,29321
04013,24003,13490,15763,29253
32031,48439,14336,14751,29087
26163,51107,14468,14608,29076
36081,50007,14809,14035,28844
13063,39113,14251,14578,28829
04019,17031,15167,13594,28761
17031,39113,14478,14281,28759
37119,45083,14216,14468,28684
25025,41051,14214,14468,28682
06085,13063,14354,14316,28670
12057,32003,14341,14319,28660
11001,22051,14456,14182,28638
06037,21015,14427,14197,28624
12057,37183,14196,14415,28611
36081,55079,14533,13970,28503
25025,36029,14588,13825,28413
01073,17031,13724,14619,28343
41051,53063,14713,13574,28287
18097,48201,13356,14897,28253
13063,40143,14229,14002,28231
21015,37119,14057,14144,28201
24003,29189,14028,14172,28200
05007,17031,13875,14322,28197
13063,45051,14206,13950,28156
26163,55025,14303,13846,28149
37119,39049,14041,14100,28141
47037,53033,14294,13787,28081
12071,24003,14402,13635,28037
19155,48439,13859,14111,27970
13063,35001,14034,13903,27937
13063,37021,14035,13863,27898
12095,36103,14004,13889,27893
13063,36119,14101,13789,27890
48439,55079,14414,13452,27866
21015,32003,13991,13851,27842
17031,55079,13720,14110,27830
06081,48113,13886,13910,27796
41017,53033,14004,13784,27788
42003,42101,13955,13825,27780
37081,37119,14087,13680,27767
37183,47037,14393,13366,27759
48329,48439,14072,13669,27741
04013,47037,12809,14903,27712
49035,53063,13302,14395,27697
29189,53033,14115,13559,27674
12071,34013,14474,13185,27659
01073,48201,13171,14417,27588
34013,42003,13819,13736,27555
12071,25025,14440,13073,27513
06037,39035,13767,13688,27455
12033,48439,13459,13946,27405
32031,49035,13904,13486,27390
48113,48141,13014,14312,27326
06085,36081,13753,13562,27315
04013,18097,12996,14273,27269
34013,39035,13911,13339,27250
06085,48201,13835,13410,27245
21015,27053,13543,13622,27165
06081,12011,13650,13493,27143
48303,48439,13339,13801,27140
08031,30031,14033,13060,27093
32003,39035,13909,13144,27053
34013,41051,13515,13423,26938
06073,25025,13695,13239,26934
48113,48303,13640,13231,26871
21015,42101,13381,13447,26828
41029,53033,13725,13086,26811
06085,48453,13381,13421,26802
04013,12057,13016,13774,26790
16001,41051,12869,13900,26769
04019,08031,13618,13128,26746
12057,51107,13598,13124,26722
19155,32003,13566,13099,26665
12086,26163,13229,13423,26652
12071,42101,13443,13174,26617
21015,34013,12955,13561,26516
09003,11001,12942,13553,26495
32003,35001,13511,12960,26471
23005,24003,12835,13419,26254
37119,48029,12636,13386,26022
08031,56039,13163,12743,25906
06065,06081,13764,12089,25853
22051,32003,12712,13131,25843
22051,26163,13139,12633,25772
12031,48201,12946,12791,25737
30031,49035,12124,13598,25722
24003,36103,13341,12304,25645
21111,48439,12593,13025,25618
06081,37183,12974,12598,25572
27053,48453,12560,13001,25561
27053,37183,12746,12809,25555
41039,53033,13134,12298,25432
29165,47037,13523,11904,25427
09003,27053,12383,13007,25390
32003,55079,12692,12694,25386
37021,37119,12984,12372,25356
11001,39049,12708,12606,25314
06071,06085,12514,12798,25312
12009,13063,12737,12550,25287
11001,37183,12576,12704,25280
06037,37183,12906,12318,25224
17031,19113,12766,12320,25086
05007,13063,12538,12450,24988
25025,29189,12279,12619,24898
12057,48113,12626,12253,24879
29165,37119,12429,12432,24861
17031,26055,13792,11065,24857
27053,30031,12841,11967,24808
09003,12057,12697,11978,24675
22051,48453,12314,12313,24627
08031,55025,12366,12236,24602
06071,32003,12269,12301,24570
12071,48439,12139,12365,24504
48453,49035,12395,12058,24453
17031,33015,12186,12241,24427
12011,37021,12619,11795,24414
06081,39035,12464,11915,24379
12086,47037,12094,12212,24306
17031,47009,12224,12079,24303
24003,45019,12349,11948,24297
13063,44003,12489,11796,24285
06081,24003,12301,11971,24272
13063,22033,12147,12088,24235
06081,29189,11943,12291,24234
36067,36081,11545,12628,24173
49035,56039,12124,11933,24057
08031,30111,12516,11535,24051
48375,48439,11969,12062,24031
13063,20173,12187,11822,24009
12011,48113,12262,11741,24003
48113,48329,11740,12262,24002
01097,13063,11951,12012,23963
22051,47037,12382,11575,23957
27053,53063,11923,11987,23910
06067,48201,12035,11872,23907
11001,29165,12007,11871,23878
12033,48201,11847,12017,23864
19155,27053,11606,12239,23845
39035,48201,12149,11696,23845
27053,39035,11922,11869,23791
17031,30031,12394,11369,23763
08031,19113,11598,12159,23757
06037,48141,11013,12719,23732
21015,24003,12300,11396,23696
45019,48439,11768,11918,23686
12057,22051,11064,12558,23622
48201,48215,10418,13136,23554
32003,51107,11975,11577,23552
12086,32003,11573,11953,23526
12086,22051,11530,11989,23519
48355,48439,12002,11497,23499
12031,25025,11791,11706,23497
13063,36001,12090,11390,23480
24003,29165,12036,11438,23474
29077,48439,11546,11911,23457
39049,48201,11419,12030,23449
42101,44003,11947,11423,23370
36067,37119,11516,11847,23363
12057,18097,12045,11201,23246
48439,51087,11571,11668,23239
13063,48141,11199,12033,23232
08031,47157,11460,11768,23228
18097,24003,11614,11600,23214
27053,46099,11650,11493,23143
27053,39049,11515,11587,23102
17031,56039,12950,10137,23087
16001,27053,11521,11545,23066
04013,39049,11624,11432,23056
27053,42003,11516,11540,23056
06037,18097,11696,11353,23049
06037,12057,11451,11562,23013
13063,36067,11859,11154,23013
28121,48439,11484,11529,23013
25025,48453,11352,11631,22983
13063,19153,11416,11556,22972
13063,28047,11375,11561,22936
11001,12031,11394,11485,22879
48453,51107,11808,11068,22876
08031,20173,10742,12105,22847
13063,23005,11708,11127,22835
12001,13063,11459,11334,22793
04013,19155,11719,11007,22726
11001,45019,11468,11258,22726
24003,48029,9822,12877,22699
06067,27053,11517,11039,22556
04013,53063,12118,10425,22543
09003,12011,10821,11719,22540
39035,47037,11163,11353,22516
12086,27053,11231,11281,22512
01073,48439,11238,11271,22509
26163,42003,10907,11594,22501
34013,49035,10955,11538,22493
40143,48113,11341,11126,22467
13063,47163,11212,11251,22463
12086,37183,10986,11436,22422
36081,51107,11051,11362,22413
06081,21015,11529,10681,22210
12031,26163,11545,10656,22201
17031,23005,11068,11061,22129
06019,06037,11132,10988,22120
13063,55025,11213,10839,22052
47037,48453,10683,11356,22039
06085,48113,11058,10948,22006
29165,29189,10214,11760,21974
17031,29077,11317,10627,21944
21015,48201,10774,11127,21901
32003,39049,10953,10931,21884
08031,09003,10840,11005,21845
19155,48201,11094,10749,21843
37119,45063,10767,11054,21821
12099,36119,11254,10561,21815
17031,40143,11106,10680,21786
17031,50007,11229,10530,21759
06073,29189,10961,10793,21754
48113,53033,10628,11094,21722
09003,51107,10920,10736,21656
17031,55009,11054,10593,21647
48439,51710,10666,10951,21617
24003,39049,10316,11264,21580
12095,48029,10496,11074,21570
29189,47037,10121,11422,21543
13063,37129,10913,10561,21474
19153,48439,10233,11213,21446
06037,39049,10649,10767,21416
19155,29189,10570,10819,21389
37119,51003,10710,10669,21379
48113,48375,10551,10684,21235
21111,24003,10895,10338,21233
04013,16001,10883,10334,21217
22051,42101,10756,10459,21215
27053,38015,10893,10286,21179
01073,37119,10413,10740,21153
06019,48439,10750,10395,21145
04013,06019,10452,10608,21060
12071,27053,10670,10378,21048
12095,36001,10926,9915,20841
08031,12031,10242,10563,20805
32003,37183,10335,10441,20776
13063,36055,10348,10407,20755
26163,39049,10300,10432,20732
37119,47009,10441,10225,20666
12011,21015,10419,10184,20603
17031,46099,10571,9968,20539
06081,11001,10471,10062,20533
24003,55079,10300,10225,20525
06081,47037,10555,9932,20487
11001,18097,10335,10126,20461
08031,48141,10132,10313,20445
06085,27053,10743,9642,20385
21015,25025,10438,9858,20296
24003,36055,10562,9661,20223
21015,26163,10367,9845,20212
34013,39049,10111,10067,20178
09003,42101,9735,10431,20166
12057,29189,9843,10266,20109
08031,08097,10619,9460,20079
48027,48439,10382,9668,20050
12099,42101,10465,9520,19985
06059,27053,9917,10061,19978
06081,41039,10170,9710,19880
17031,45051,9974,9885,19859
06059,34013,10030,9823,19853
04013,40109,9988,9820,19808
26163,39035,9599,10142,19741
11001,21015,9710,10016,19726
12057,27053,9795,9882,19677
12031,47037,10072,9582,19654
42101,45019,9649,9992,19641
39049,42101,9945,9626,19571
37119,42043,9542,10003,19545
04013,12011,9629,9895,19524
32003,48141,9137,10369,19506
12031,42101,9668,9807,19475
37051,37119,9813,9655,19468
47009,48439,9628,9820,19448
12011,34001,9960,9461,19421
36029,37119,9177,10239,19416
04013,19153,9679,9714,19393
08031,21111,9710,9668,19378
37183,51107,9861,9508,19369
06081,32031,9829,9533,19362
18097,42101,9837,9511,19348
19153,27053,9770,9577,19347
22051,25025,9764,9533,19297
45083,48439,9976,9261,19237
39035,51107,9336,9831,19167
26163,36029,9720,9433,19153
36081,37081,9662,9467,19129
32003,53063,9982,9117,19099
25025,45019,9405,9676,19081
04019,32003,9154,9913,19067
37183,53033,9561,9475,19036
37119,47065,9530,9505,19035
12011,51107,9624,9337,18961
12099,24003,9311,9627,18938
06073,35001,9507,9397,18904
24003,39035,9476,9401,18877
04019,13063,9610,9181,18791
08031,08067,9488,9237,18725
05119,17031,9126,9581,18707
29189,39035,9429,9270,18699
08031,30063,9951,8710,18661
01089,48439,9334,9294,18628
29165,42101,9167,9445,18612
26055,26163,8571,10003,18574
13051,48439,9412,9160,18572
12011,39049,9149,9416,18565
18097,34013,9335,9206,18541
37119,49035,9170,9334,18504
04013,06065,8883,9590,18473
12011,29189,9060,9402,18462
22017,48439,9286,9127,18413
47037,51107,9534,8851,18385
21111,48201,9262,9112,18374
34013,45051,9426,8916,18342
27053,30111,9329,9008,18337
12057,42003,9355,8974,18329
24003,42003,8754,9559,18313
16001,32003,8943,9353,18296
17031,20173,9308,8970,18278
12086,24003,9238,9028,18266
17031,17161,8832,9404,18236
22033,48201,9195,9029,18224
13063,22017,9116,9091,18207
11001,34013,9206,8990,18196
42101,51710,8892,9280,18172
32003,42003,9835,8296,18131
06081,53061,9438,8644,18082
22033,48439,8960,9097,18057
40109,48113,9354,8647,18001
12081,37119,9251,8724,17975
17031,36119,9093,8871,17964
12057,39049,9325,8583,17908
25025,39049,9115,8751,17866
06083,08031,9163,8658,17821
17031,38017,9271,8546,17817
08031,46099,9080,8724,17804
12095,34001,8738,9047,17785
37119,51770,8718,9013,17731
11001,53033,8775,8933,17708
17031,55087,8750,8945,17695
12011,39035,8876,8771,17647
27053,27137,9016,8627,17643
37119,51700,8648,8991,17639
42101,48453,8621,9013,17634
41029,41051,8466,9159,17625
36081,45051,8925,8699,17624
12011,18097,8749,8873,17622
06073,29165,9275,8301,17576
13063,29077,8911,8638,17549
12011,49035,8929,8617,17546
12057,39035,8874,8605,17479
06073,48029,7431,10038,17469
06081,16001,8890,8553,17443
05119,48201,8620,8776,17396
32003,53073,8776,8615,17391
06073,47037,8927,8434,17361
17031,17143,8421,8920,17341
01073,12095,8959,8367,17326
13063,37051,8622,8703,17325
06065,48439,8911,8380,17291
37119,37133,8746,8523,17269
06081,42003,8700,8560,17260
17031,26049,8506,8717,17223
12011,42003,8519,8698,17217
06001,35001,8701,8512,17213
18097,53033,8655,8534,17189
36081,48029,8774,8410,17184
26163,41051,8460,8709,17169
13245,37119,8705,8462,17167
13063,51770,8546,8594,17140
06037,16001,8788,8350,17138
39035,42101,8402,8666,17068
06081,06083,8288,8780,17068
26163,44003,8283,8765,17048
53033,55079,8596,8443,17039
48141,48453,8331,8694,17025
11001,23005,8997,7999,16996
29165,49035,8471,8493,16964
32003,40109,8660,8281,16941
12033,37119,8488,8433,16921
13063,42043,8359,8557,16916
12095,36119,8050,8863,16913
34013,45019,8130,8782,16912
17031,45083,8467,8441,16908
06081,12057,8383,8492,16875
08031,46103,9137,7695,16832
27053,30063,8786,8034,16820
41051,48113,8064,8734,16798
12099,36103,8673,8114,16787
48061,48439,9190,7583,16773
12099,48439,8601,8093,16694
51107,51710,8400,8290,16690
29165,34013,8086,8591,16677
16001,48439,8222,8433,16655
27053,48029,8037,8609,16646
17031,21067,8117,8517,16634
12005,47037,8028,8582,16610
21015,49035,8039,8506,16545
37119,55079,8258,8224,16482
01101,13063,8295,8183,16478
04013,06083,7787,8613,16400
06071,41051,8329,8070,16399
45019,48201,8276,8089,16365
04013,39035,8475,7882,16357
37119,39113,8421,7889,16310
32031,53033,8245,8010,16255
27053,46103,8416,7839,16255
12011,51087,8066,8153,16219
06073,12095,8266,7927,16193
12005,48113,7849,8315,16164
17031,46103,8582,7579,16161
42003,47037,7999,8146,16145
26163,36001,8060,8083,16143
06081,22051,8269,7865,16134
53033,53073,7844,8289,16133
04013,37183,8174,7918,16092
12031,12086,8133,7937,16070
30111,49035,7682,8386,16068
06071,49035,8189,7879,16068
12095,51087,7994,8073,16067
06067,06081,8281,7782,16063
17031,18003,7997,8062,16059
26163,36055,7905,8144,16049
06001,48113,8326,7716,16042
35001,53033,8074,7941,16015
13051,17031,8223,7774,15997
05119,48113,7889,8075,15964
26163,36015,8121,7818,15939
08031,30029,8756,7165,15921
41051,42101,8221,7635,15856
34013,36029,8121,7715,15836
12071,21015,7869,7964,15833
13063,39153,7801,8013,15814
04013,42003,8171,7541,15712
08031,38017,8006,7644,15650
17031,27109,8020,7629,15649
30029,49035,7509,8116,15625
48029,49035,8172,7421,15593
42101,45051,7958,7563,15521
35001,49035,7734,7732,15466
12057,21015,7680,7783,15463
16001,53063,7950,7477,15427
06085,32031,7116,8308,15424
36001,37119,7338,8063,15401
12086,48453,7427,7966,15393
11001,39035,7813,7554,15367
47037,48029,7172,8187,15359
13063,54039,7665,7681,15346
06081,29165,7701,7606,15307
30063,49035,7655,7649,15304
29189,48029,7242,7979,15221
13063,22055,7459,7755,15214
13063,51003,7619,7523,15142
27053,38101,7714,7423,15137
29189,49035,7579,7461,15040
29189,48453,6996,8035,15031
12057,48453,8264,6759,15023
06001,13063,7655,7363,15018
27053,38035,7562,7429,14991
29189,37183,6955,8033,14988
48201,55079,7607,7369,14976
12091,37119,7539,7436,14975
24003,35001,7607,7363,14970
08031,51710,7243,7701,14944
06037,41039,7439,7492,14931
06081,41029,7386,7540,14926
13063,26049,7585,7338,14923
26163,45051,7697,7224,14921
36055,37119,7136,7746,14882
23005,42101,7200,7682,14882
13063,51700,7291,7589,14880
42003,51107,7458,7397,14855
25019,36081,6592,8223,14815
21111,26163,7321,7483,14804
17031,48141,7252,7541,14793
39049,51107,7427,7343,14770
36055,42101,7213,7551,14764
22055,48439,7496,7256,14752
45063,48439,7553,7156,14709
26081,48439,7205,7494,14699
17031,27137,7639,6937,14576
04013,49049,7406,7163,14569
30063,53033,6897,7661,14558
47037,55079,7598,6934,14532
27053,55009,7191,7281,14472
17031,37081,7113,7357,14470
36029,42101,7196,7273,14469
36001,42101,7197,7231,14428
29189,39049,7489,6930,14419
12071,39035,7048,7305,14353
12095,33015,7353,7000,14353
08031,41039,6936,7416,14352
13051,34013,6859,7477,14336
08031,08077,7239,7036,14275
12005,48201,6989,7286,14275
12086,12087,6369,7885,14254
47157,48113,7253,6966,14219
39049,47037,7433,6780,14213
25025,55079,7032,7169,14201
06073,48141,7047,7140,14187
36081,42101,7018,7159,14177
06037,53061,6969,7208,14177
05119,08031,7229,6948,14177
12117,42077,6945,7216,14161
19155,26163,7002,7151,14153
12127,37119,6895,7211,14106
26163,55009,7114,6991,14105
37119,39153,7047,7042,14089
08031,41029,7023,7055,14078
12117,47009,7056,6993,14049
22051,27053,6925,7102,14027
08031,38015,7304,6716,14020
30031,48439,6469,7550,14019
49035,53021,6927,7089,14016
17031,39153,6940,7071,14011
05007,37119,7119,6863,13982
33015,37119,6752,7223,13975
48439,48441,6808,7155,13963
37119,42079,6964,6998,13962
04005,04013,7179,6761,13940
23005,26163,6818,7106,13924
12103,37021,7137,6768,13905
39113,48439,7029,6866,13895
18097,25025,7077,6810,13887
04013,06079,7066,6821,13887
23005,37119,6826,7045,13871
26145,26163,6931,6908,13839
17031,29019,7079,6759,13838
45019,51107,6998,6824,13822
19153,26163,7086,6674,13760
23019,42101,6754,7000,13754
12057,36029,6957,6795,13752
12033,47037,6836,6875,13711
42101,55079,6853,6852,13705
08031,47009,6727,6973,13700
21015,51107,6981,6705,13686
06019,08031,6902,6770,13672
26163,51710,6857,6813,13670
35049,48439,6810,6831,13641
06037,06097,6892,6747,13639
33015,42101,6708,6924,13632
29189,55079,7194,6426,13620
37119,51031,6646,6969,13615
06081,35001,7007,6599,13606
27053,47157,6663,6929,13592
21111,36081,6795,6785,13580
29189,40109,6841,6651,13492
06073,32031,7138,6335,13473
08041,13063,6666,6783,13449
12057,29165,6590,6853,13443
12086,45019,6582,6857,13439
48029,48141,6439,6995,13434
13063,19113,6601,6824,13425
37049,37119,6777,6628,13405
11001,12071,6350,7027,13377
01089,37119,6602,6768,13370
06019,32003,6803,6561,13364
34013,51710,7031,6328,13359
04013,47157,6561,6775,13336
06001,16001,6736,6596,13332
12071,29189,6739,6585,13324
06085,16001,6791,6528,13319
12095,47157,6773,6483,13256
06081,41017,7144,6096,13240
36081,47157,6697,6513,13210
27053,55087,6432,6732,13164
42101,47157,6570,6586,13156
12091,21015,6324,6830,13154
26163,51087,6283,6836,13119
12103,21015,6576,6541,13117
22051,29189,6690,6426,13116
26163,47157,6360,6708,13068
08031,56025,6571,6486,13057
12057,55079,6633,6413,13046
36067,42101,6525,6512,13037
23005,34013,6189,6847,13036
41017,41051,6437,6576,13013
04013,06053,6697,6292,12989
29189,40143,6197,6791,12988
12071,18097,6640,6331,12971
16019,49035,6473,6489,12962
34013,51087,6519,6427,12946
12001,37119,6514,6424,12938
06037,41029,6592,6339,12931
06077,32003,6544,6385,12929
12057,36103,6717,6206,12923
06001,53063,6674,6233,12907
08031,36029,6788,6113,12901
19153,32003,6269,6624,12893
39049,45051,6558,6326,12884
06081,18097,6440,6387,12827
12011,37025,6160,6661,12821
32031,41051,6359,6437,12796
17031,55073,6538,6235,12773
26163,48029,6313,6432,12745
37119,40143,6245,6499,12744
11001,55079,6501,6201,12702
01097,48439,6196,6502,12698
08041,32003,6268,6429,12697
04013,04027,6019,6635,12654
22055,48201,6410,6243,12653
21067,37119,6303,6302,12605
12117,21015,6405,6179,12584
36081,47009,6361,6213,12574
12031,34013,6039,6528,12567
05119,37119,6361,6204,12565
12011,44003,6418,6144,12562
17031,51003,6230,6328,12558
48439,56039,6284,6273,12557
42101,51087,6169,6377,12546
12011,53033,6342,6203,12545
48029,51107,6373,6170,12543
37081,48439,6455,6072,12527
13063,42077,6281,6243,12524
37119,54039,5997,6492,12489
26163,45083,5950,6529,12479
24003,36081,6521,5929,12450
19113,48439,6144,6285,12429
36029,51107,6006,6417,12423
19155,37119,6196,6216,12412
26163,55087,6242,6163,12405
39035,45051,6260,6144,12404
20173,29189,6184,6196,12380
20173,48201,5538,6820,12358
01073,48113,6392,5943,12335
17031,18163,6263,6031,12294
53033,53075,6137,6142,12279
12033,17031,5762,6514,12276
37119,47163,6052,6179,12231
22051,37183,6177,6051,12228
08041,17031,5769,6459,12228
26163,36119,6056,6165,12221
26163,36067,6076,6127,12203
28121,37119,6009,6175,12184
12081,36081,6179,6004,12183
01073,08031,6181,6001,12182
12095,51710,6004,6168,12172
17031,42079,6105,6065,12170
06067,16001,6148,6008,12156
26037,26163,6231,5923,12154
18097,51107,6052,6089,12141
12073,37119,6082,6040,12122
42003,45051,6148,5966,12114
21111,27053,6056,6043,12099
23005,51107,5682,6362,12044
06019,53033,6231,5809,12040
18141,26163,6015,6000,12015
44003,51107,5884,6104,11988
12015,21015,5633,6354,11987
06073,16001,6378,5604,11982
42043,42101,6039,5845,11884
08031,12071,5684,6199,11883
19153,29189,6158,5670,11828
50007,51107,5629,6167,11796
06071,13063,6126,5659,11785
34013,48029,6373,5411,11784
34013,55079,5910,5872,11782
51087,51107,5999,5754,11753
13063,37133,6023,5729,11752
53017,53033,5808,5926,11734
30031,53033,5721,5977,11698
06037,40109,5925,5762,11687
08031,41017,5834,5830,11664
12095,36067,5929,5733,11662
08031,36001,5372,6284,11656
05131,48439,6082,5547,11629
13063,17161,5900,5712,11612
17031,42077,5881,5716,11597
16001,17031,5908,5664,11572
05007,48201,5697,5844,11541
22051,53033,5893,5612,11505
36119,37119,5715,5782,11497
12091,17163,5714,5754,11468
22051,48029,5751,5645,11396
12086,29189,5525,5853,11378
17031,42027,5772,5604,11376
19153,37119,5792,5566,11358
06001,48453,4640,6714,11354
12103,47009,5638,5668,11306
12011,29165,5603,5697,11300
13051,25025,5771,5515,11286
11001,42003,5855,5422,11277
11001,49035,5563,5700,11263
01089,08031,5652,5597,11249
48439,55025,5740,5491,11231
12086,51710,5365,5820,11185
32003,48215,5429,5735,11164
06067,36081,5522,5637,11159
24003,45051,5801,5344,11145
05119,29189,5775,5345,11120
26163,47009,5497,5619,11116
48439,48451,5301,5814,11115
26081,37119,5702,5408,11110
32003,40143,5704,5401,11105
13063,18003,5527,5555,11082
39113,42101,5609,5470,11079
22051,51107,5516,5562,11078
01097,48201,5450,5612,11062
13063,18141,5532,5518,11050
12117,26081,5586,5432,11018
13063,18163,5459,5530,10989
47037,49035,5525,5449,10974
25019,25025,5239,5725,10964
21111,42101,5606,5351,10957
11001,42101,5972,4984,10956
23019,36081,5255,5675,10930
42101,49035,5412,5512,10924
12011,36119,5722,5196,10918
13051,42101,5584,5324,10908
04019,49035,5771,5106,10877
13063,17113,5428,5449,10877
53033,53077,5375,5496,10871
04013,46099,5729,5133,10862
26163,39113,5379,5473,10852
12057,53033,5622,5225,10847
26163,42043,5410,5423,10833
11001,40109,5243,5586,10829
12009,37119,5463,5358,10821
04019,06073,5417,5404,10821
12057,44003,5261,5554,10815
29189,41051,5314,5499,10813
25025,36055,5399,5394,10793
21067,26163,5414,5378,10792
06081,19155,5507,5284,10791
37119,42077,5473,5303,10776
46103,48439,5289,5447,10736
29165,51107,5241,5491,10732
06019,06081,5471,5250,10721
19153,48201,5185,5531,10716
19155,49035,5171,5510,10681
08067,48439,5063,5607,10670
06019,06073,5303,5345,10648
04019,06081,5669,4969,10638
42129,45051,5387,5209,10596
12071,39049,5320,5246,10566
11001,33015,5562,4996,10558
12011,27053,5454,5101,10555
30029,53033,4947,5607,10554
12071,48201,5459,5093,10552
45019,47037,5372,5176,10548
48309,48439,5526,5016,10542
11001,36001,5442,5088,10530
32003,36029,5345,5179,10524
17031,55063,5282,5228,10510
12086,39049,5269,5229,10498
12117,37021,5097,5385,10482
48029,53033,5167,5313,10480
42101,50007,5452,4992,10444
06019,49035,5310,5129,10439
17031,18141,5079,5344,10423
06067,37119,5327,5095,10422
08031,45019,5273,5145,10418
04013,06029,5028,5374,10402
19113,26163,5026,5351,10377
37119,45013,5578,4777,10355
04013,40143,4644,5698,10342
24003,41051,4978,5335,10313
26163,33015,5106,5184,10290
17031,31109,5269,5018,10287
12086,18097,5166,5095,10261
19113,27053,5374,4885,10259
17031,37021,5164,5088,10252
04013,08041,5169,5072,10241
21111,32003,5021,5203,10224
37081,42101,5226,4993,10219
08031,48329,5022,5164,10186
08031,48303,4726,5457,10183
16013,49035,4814,5353,10167
12011,36029,5575,4562,10137
11001,19155,5326,4797,10123
21067,48439,5182,4935,10117
12086,53033,5104,5012,10116
19155,53033,5122,4986,10108
06065,08031,5190,4881,10071
17031,26037,5102,4967,10069
12086,42003,4790,5266,10056
12073,48439,5181,4872,10053
11001,32003,5142,4909,10051
28121,48201,5026,5009,10035
04013,20173,5282,4750,10032
12086,39035,5058,4942,10000
08031,29077,4943,5048,9991
01045,13063,5007,4958,9965
13063,55087,5069,4894,9963
26163,37081,4762,5198,9960
37183,49035,4995,4958,9953
48201,48303,4689,5259,9948
17031,34021,4779,5169,9948
06065,53033,5254,4690,9944
42027,42101,5047,4896,9943
12103,37025,4893,5041,9934
27053,36029,5005,4911,9916
08077,48439,4912,5003,9915
06037,42003,5311,4576,9887
06001,26163,5219,4661,9880
17031,23019,5102,4767,9869
13063,34021,4987,4878,9865
05007,06037,4889,4950,9839
06067,24003,5636,4190,9826
01097,37119,4890,4921,9811
11001,12099,4911,4884,9795
37183,48113,4637,5148,9785
18097,48113,4837,4943,9780
20173,32003,4765,5006,9771
11001,47157,4868,4901,9769
28047,48439,5013,4753,9766
06037,19155,4967,4791,9758
04013,22051,4873,4872,9745
26163,50007,4947,4784,9731
06037,47157,4909,4806,9715
42003,53033,4972,4734,9706
11001,50007,5138,4530,9668
12095,41051,5010,4651,9661
29165,55079,5332,4328,9660
34013,50007,5029,4631,9660
01073,26163,4953,4706,9659
06059,26163,4868,4788,9656
06001,24003,4716,4924,9640
17031,30029,5198,4439,9637
06079,06081,5174,4450,9624
12095,21111,4556,5064,9620
06001,47037,5071,4545,9616
25025,29165,4770,4837,9607
13063,22079,4766,4830,9596
06073,12086,4877,4718,9595
37183,48453,5071,4522,9593
12095,42129,4700,4892,9592
19155,34013,4797,4792,9589
06067,48113,4665,4923,9588
27053,27109,4559,5027,9586
21015,48453,4442,5144,9586
21015,37183,5024,4547,9571
27053,40109,4819,4731,9550
12095,34021,4775,4754,9529
29165,41051,4507,5008,9515
12091,48201,4574,4935,9509
09003,45051,4932,4570,9502
11001,21111,4871,4628,9499
34013,36001,4284,5210,9494
47009,51107,4638,4846,9484
01089,11001,4619,4862,9481
12011,36001,5154,4314,9468
13063,50007,4846,4616,9462
12095,39153,4598,4832,9430
06001,32031,5212,4214,9426
06073,19155,4648,4777,9425
12071,34001,4651,4761,9412
27053,30029,4629,4746,9375
36055,51107,4352,4997,9349
04019,53033,5101,4232,9333
18097,29165,4219,5099,9318
36067,51107,4496,4810,9306
12071,42003,4581,4712,9293
09003,48439,4386,4871,9257
08037,48439,4124,5127,9251
22017,48201,4593,4638,9231
37119,41051,4551,4675,9226
06001,22051,4525,4700,9225
47065,48439,4648,4574,9222
41051,53061,4526,4683,9209
24003,47157,4418,4784,9202
22051,49035,4503,4691,9194
06037,06053,4570,4617,9187
06085,24003,4857,4329,9186
17019,17031,4629,4556,9185
47009,48201,4598,4571,9169
40031,48439,4610,4522,9132
53033,53071,4527,4603,9130
06071,17031,4866,4252,9118
11001,23019,4909,4204,9113
12103,18097,4345,4730,9075
34013,36055,4645,4393,9038
48439,48479,4550,4486,9036
12057,21111,4205,4830,9035
41051,48453,4620,4409,9029
08031,08085,4589,4419,9008
04013,51107,4635,4370,9005
12103,54099,4384,4615,8999
12011,47009,4505,4440,8945
12005,29189,4508,4426,8934
42101,45083,4388,4542,8930
39049,48113,4139,4784,8923
06037,06079,4453,4459,8912
13051,21015,4423,4480,8903
13063,13215,4367,4523,8890
13063,28087,4436,4449,8885
11001,41051,4388,4491,8879
06001,29189,4813,4062,8875
06073,53063,4681,4169,8850
04013,36029,4977,3870,8847
04019,48201,4474,4361,8835
13063,22073,4419,4405,8824
08031,16019,4480,4340,8820
45083,51107,4404,4410,8814
40109,49035,4364,4443,8807
09003,29189,4253,4547,8800
12117,42043,4229,4566,8795
26081,34013,4577,4217,8794
06085,29189,4828,3949,8777
04019,06085,4225,4541,8766
12103,26081,4572,4172,8744
08031,45083,4313,4414,8727
37119,37147,4333,4384,8717
36081,55025,4384,4329,8713
06037,30031,4804,3899,8703
20173,27053,4330,4373,8703
21111,34013,4287,4410,8697
30049,49035,4342,4352,8694
06073,12011,4231,4462,8693
27053,35001,4435,4249,8684
41051,51107,4396,4276,8672
17031,53063,4472,4195,8667
37119,40109,4371,4281,8652
36081,37129,4325,4325,8650
01089,17031,4376,4274,8650
01089,48201,4230,4412,8642
08031,36067,4133,4478,8611
39035,55079,4356,4255,8611
29077,37119,4381,4221,8602
04013,21111,4462,4138,8600
25025,48113,4213,4381,8594
21015,53033,4150,4443,8593
11001,36119,4414,4165,8579
06071,36081,4363,4199,8562
06067,29189,4562,3994,8556
13063,34001,4314,4239,8553
12117,21067,4206,4328,8534
04013,08077,4288,4244,8532
34013,37021,4383,4133,8516
12033,42101,4300,4208,8508
39049,53033,4299,4209,8508
12033,48113,4214,4292,8506
08031,12033,4182,4321,8503
34001,45051,4330,4173,8503
19155,36081,4075,4424,8499
12099,26163,4507,3991,8498
35001,36081,4266,4227,8493
06067,48453,4306,4160,8466
12057,49035,4294,4157,8451
42101,48113,4647,3794,8441
48201,51710,4234,4205,8439
41029,49035,4235,4200,8435
12031,51107,4495,3932,8427
06073,22051,3971,4455,8426
06067,34013,4122,4301,8423
06085,26163,4283,4130,8413
08041,48201,4366,4033,8399
06037,41017,4433,3964,8397
12011,36103,4326,4062,8388
29189,42003,4261,4112,8373
36081,51003,4173,4158,8331
08031,51087,4082,4230,8312
13063,45013,3982,4295,8277
24045,42101,4294,3979,8273
05007,36081,4126,4146,8272
12057,34001,4314,3917,8231
06023,06081,4169,4053,8222
27053,39113,4131,4088,8219
22033,37119,4200,4015,8215
48113,49035,4303,3908,8211
12057,33015,4716,3493,8209
41039,49035,4102,4096,8198
05007,08031,4092,4084,8176
01101,48439,4114,4048,8162
11001,48453,4278,3864,8142
26081,42101,4001,4140,8141
45083,48201,4350,3791,8141
12011,45051,4178,3954,8132
34013,37081,4161,3968,8129
29189,51107,4102,4018,8120
42101,48029,4030,4084,8114
05119,32003,3968,4144,8112
06071,48113,4222,3877,8099
01073,36081,4047,4046,8093
06067,51107,3982,4107,8089
48201,51087,4146,3942,8088
11001,45083,3861,4226,8087
06083,53033,4215,3870,8085
13051,39035,4025,4056,8081
45051,48439,3892,4161,8053
12086,29165,4023,4019,8042
34013,47157,4096,3934,8030
26163,45019,3963,4063,8026
12005,48439,3993,4007,8000
08031,53021,3944,4055,7999
36081,45083,3925,4063,7988
12073,12086,4168,3813,7981
19155,48113,3598,4377,7975
06001,48029,3785,4174,7959
48041,48439,4095,3861,7956
41039,41051,3874,4067,7941
06019,41051,4074,3862,7936
48423,48439,4157,3774,7931
26163,48113,3707,4201,7908
13063,33015,3875,4029,7904
09003,12086,3839,4060,7899
06037,55079,3405,4490,7895
32003,53061,3916,3973,7889
08031,53061,3825,4053,7878
49035,51107,3984,3892,7876
08031,31109,3730,4114,7844
41017,49035,3885,3952,7837
06001,29165,3547,4266,7813
17031,51770,3920,3886,7806
11001,45063,3974,3825,7799
30111,53033,3841,3957,7798
42003,48113,3647,4133,7780
12033,12086,3912,3858,7770
37183,39035,3974,3791,7765
37119,55025,3833,3911,7744
12086,21015,3744,3986,7730
12057,48029,3615,4102,7717
17161,48439,3973,3740,7713
06001,53073,3954,3754,7708
09003,12099,3703,3999,7702
37119,48113,4097,3596,7693
26163,42079,3902,3790,7692
26081,36081,3638,4041,7679
01073,24003,3632,4043,7675
20161,48439,3805,3870,7675
22073,48439,3956,3710,7666
35005,48439,3742,3924,7666
12071,36119,3887,3778,7665
06067,53063,3890,3772,7662
06073,53061,3832,3828,7660
46099,48439,3715,3940,7655
37183,39049,3807,3838,7645
06071,12095,3878,3765,7643
42003,49035,3823,3819,7642
06085,25025,4009,3622,7631
27053,48113,3479,4135,7614
27053,31109,3786,3808,7594
17113,48439,3743,3849,7592
12011,48029,3644,3947,7591
13063,17143,3820,3746,7566
12086,48029,3742,3821,7563
27053,51087,3838,3714,7552
12099,17031,3847,3701,7548
32003,48329,3943,3601,7544
24003,40109,3675,3849,7524
08031,56029,4007,3512,7519
08031,39113,3763,3755,7518
18097,49035,3715,3794,7509
36001,51107,3265,4239,7504
09003,37183,3763,3731,7494
09009,42101,3803,3685,7488
12117,37025,3633,3852,7485
13063,55009,3810,3655,7465
11001,36067,3681,3772,7453
45019,53033,3792,3654,7446
08085,48439,3463,3979,7442
06067,25025,3860,3577,7437
06083,48439,3786,3650,7436
29165,37183,3669,3767,7436
37129,42101,3796,3634,7430
13063,13185,3720,3686,7406
06081,06089,3657,3735,7392
26163,42049,3657,3724,7381
29165,48453,3293,4071,7364
49035,55079,3735,3628,7363
16077,49035,3665,3696,7361
06037,06083,3771,3584,7355
13051,48201,3772,3570,7342
40143,49035,3730,3606,7336
08077,49035,3711,3620,7331
34013,47009,3629,3698,7327
06085,53061,3742,3582,7324
37119,50007,3725,3594,7319
37119,45041,3512,3799,7311
42101,55025,3639,3666,7305
12099,44003,3722,3566,7288
16083,49035,3479,3757,7236
11001,36029,3774,3461,7235
12095,40109,3242,3991,7233
06085,34013,3762,3469,7231
13051,51107,3603,3612,7215
19113,37119,3788,3380,7168
12005,37119,3623,3535,7158
24003,42101,3654,3503,7157
04013,41039,3597,3557,7154
13063,46099,3640,3513,7153
13063,13095,3496,3651,7147
06037,36029,3595,3545,7140
18163,48439,3582,3558,7140
04013,05119,3564,3572,7136
42101,51700,3565,3571,7136
06081,30031,4019,3107,7126
08031,35049,3551,3567,7118
01073,42101,3571,3546,7117
26163,42027,3561,3555,7116
21111,48113,3660,3448,7108
13063,13127,3600,3486,7086
35001,48453,3467,3612,7079
33015,51107,3357,3716,7073
30013,49035,3486,3582,7068
29019,48439,3555,3504,7059
39035,53033,3827,3218,7045
17031,45063,3600,3445,7045
24003,26081,3703,3335,7038
27053,53021,3418,3620,7038
16069,49035,3455,3582,7037
01073,12057,3711,3318,7029
48439,53063,3400,3620,7020
26163,42077,3443,3576,7019
26163,36007,3528,3488,7016
06019,17031,3793,3222,7015
01073,11001,3482,3521,7003
19153,42101,3585,3408,6993
08041,49035,3472,3512,6984
06073,18097,3250,3734,6984
06081,53063,3712,3267,6979
27053,40143,3422,3556,6978
04013,21015,3537,3438,6975
36029,48439,3771,3196,6967
12015,18097,3410,3549,6959
06037,21111,3461,3498,6959
45063,51107,3423,3532,6955
42043,51107,3501,3454,6955
27053,55073,3476,3474,6950
12011,42129,3494,3446,6940
12005,24003,3320,3613,6933
37081,51107,3669,3263,6932
06081,39049,3517,3409,6926
22051,29165,4009,2916,6925
11001,39113,3438,3486,6924
45019,48113,3363,3561,6924
18141,27053,3485,3433,6918
48113,55079,3504,3409,6913
29165,48029,3539,3369,6908
11001,51710,3462,3441,6903
06037,40143,3507,3366,6873
12117,18097,3396,3477,6873
48201,48375,3489,3380,6869
18141,37119,3466,3400,6866
12086,21111,3455,3408,6863
18141,48439,3406,3448,6854
12103,39049,3378,3470,6848
28047,37119,3517,3306,6823
26163,36109,3412,3410,6822
12117,17163,3338,3484,6822
29165,35001,3419,3398,6817
26047,26163,3104,3709,6813
12031,48113,3544,3235,6779
34013,36067,3490,3288,6778
17031,54039,3275,3496,6771
12103,17163,3292,3462,6754
06037,30029,3953,2794,6747
18003,48439,3445,3299,6744
30013,53033,3229,3511,6740
17031,30063,3477,3255,6732
12057,36001,3876,2846,6722
17143,48439,3248,3473,6721
01101,37119,3332,3388,6720
12031,27053,3407,3312,6719
06079,08031,3477,3232,6709
18003,26163,3286,3419,6705
12091,40109,3527,3178,6705
27053,36055,3344,3332,6676
12015,39049,3268,3404,6672
34013,44003,3416,3252,6668
17031,37129,3297,3352,6649
11001,19153,3421,3217,6638
17143,37119,3327,3306,6633
12086,47157,3179,3450,6629
27053,36067,3355,3273,6628
34013,45083,3277,3349,6626
05091,48439,3432,3180,6612
06065,49035,3413,3199,6612
12103,42077,3147,3456,6603
12103,29077,3357,3246,6603
42101,47009,3331,3271,6602
17031,42049,3195,3381,6576
18163,26163,3307,3253,6560
06081,55079,3346,3213,6559
19155,42101,3273,3284,6557
12086,47009,3291,3256,6547
08031,30013,3540,3007,6547
12057,47157,3199,3340,6539
38017,48439,3199,3298,6497
17031,26145,3251,3231,6482
39035,49035,3042,3409,6451
06083,32003,3204,3242,6446
12117,21111,3171,3274,6445
36071,42101,3280,3160,6440
12015,42003,3100,3337,6437
19153,36081,3188,3238,6426
48439,48485,2791,3620,6411
06059,48113,3230,3175,6405
36103,42101,3032,3371,6403
05007,12117,3298,3095,6393
32003,48375,3406,2986,6392
13063,27109,3179,3210,6389
06001,36081,3267,3090,6357
32003,48303,3540,2811,6351
12117,17201,3104,3245,6349
06085,53063,3512,2828,6340
42077,42101,3395,2943,6338
04013,08067,3235,3095,6330
26055,27053,3097,3220,6317
32003,47157,3131,3186,6317
12095,36055,3081,3234,6315
11001,36055,3356,2942,6298
25025,45051,3341,2949,6290
17031,19061,3097,3180,6277
17031,20161,3162,3095,6257
22017,37119,3332,2908,6240
06059,48453,3226,2997,6223
18003,37119,3044,3175,6219
42079,42101,3160,3056,6216
12103,18003,3096,3115,6211
48201,48479,2967,3237,6204
06097,41051,3324,2873,6197
12081,39035,3096,3099,6195
32031,36081,3088,3096,6184
17031,19193,3225,2946,6171
11001,12033,3312,2858,6170
22079,48439,3198,2970,6168
08031,38101,3285,2876,6161
17031,17113,2974,3166,6140
38015,48439,2829,3280,6109
37119,54099,3035,3068,6103
12015,17163,3022,3063,6085
26163,40109,3152,2927,6079
12103,21067,3005,3068,6073
12117,29077,3003,3056,6059
01089,51107,3124,2933,6057
49021,49035,3055,2991,6046
08031,23005,2965,3079,6044
25025,36067,2971,3072,6043
04013,17143,3071,2953,6024
12117,39049,2946,3063,6009
08031,50007,2875,3128,6003
17031,39095,2802,3197,5999
06001,48439,2981,3012,5993
04013,29077,3118,2865,5983
25007,36081,2611,3350,5961
12117,54099,2939,3021,5960
36109,42101,2826,3128,5954
22019,48439,3013,2915,5928
31079,48439,2927,2999,5926
08097,49035,2865,3059,5924
32003,46099,3025,2898,5923
42101,45063,3019,2899,5918
06085,47037,2950,2964,5914
04013,19113,3039,2868,5907
13063,30031,2950,2946,5896
36081,45063,2922,2946,5868
39035,45019,2980,2878,5858
12103,42003,2914,2940,5854
12117,48215,2782,3070,5852
27053,30013,2945,2906,5851
13063,36103,2960,2885,5845
04005,48439,2657,3174,5831
27053,36001,2977,2846,5823
12015,21067,2873,2941,5814
12031,32003,2848,2950,5798
01089,12095,2983,2805,5788
04013,41029,2929,2854,5783
23019,34013,2561,3215,5776
27053,45051,2918,2855,5773
12081,21015,2764,3002,5766
29097,48439,2841,2909,5750
12011,21067,2808,2930,5738
17031,17167,2813,2894,5707
11001,47009,2858,2844,5702
08031,08107,2895,2798,5693
12031,21015,2804,2871,5675
12011,47157,2863,2811,5674
21067,42101,2815,2853,5668
37021,51107,2773,2892,5665
27053,55085,3113,2536,5649
34021,37119,2847,2799,5646
04013,38017,2991,2611,5602
48061,48453,2937,2662,5599
12011,34021,2763,2827,5590
34021,37183,2737,2852,5589
28047,48201,2810,2776,5586
12103,17143,2700,2886,5586
36081,39113,2814,2750,5564
12117,26049,2908,2654,5562
06037,08041,2842,2715,5557
12095,26081,2739,2804,5543
39113,51107,2783,2751,5534
12086,37081,2653,2880,5533
12057,34021,2779,2745,5524
12011,21111,2718,2793,5511
05007,27053,2748,2754,5502
12117,19153,2625,2788,5413
08041,48029,2678,2731,5409
05007,12091,2705,2696,5401
12011,36019,2564,2835,5399
12091,29165,2705,2670,5375
11001,13051,2736,2625,5361
12015,47009,2823,2522,5345
30031,41051,2389,2946,5335
13063,42079,2630,2696,5326
06037,08097,3026,2283,5309
08031,17161,2613,2686,5299
21015,45051,2783,2515,5298
04013,16019,2743,2536,5279
06037,09003,2828,2440,5268
12015,42077,2757,2506,5263
37183,42003,2531,2726,5257
06001,39049,2910,2339,5249
21111,51107,2718,2529,5247
06029,08031,2738,2507,5245
37119,42049,2736,2499,5235
08031,08037,2632,2602,5234
12057,36119,2678,2552,5230
45013,51107,2699,2527,5226
45051,54099,2470,2699,5169
06053,08031,2649,2496,5145
12086,51087,2553,2575,5128
08031,13051,2435,2683,5118
04013,46103,2731,2382,5113
13063,37049,2555,2554,5109
41051,47037,2249,2851,5100
12117,51770,2508,2590,5098
12015,37021,2446,2649,5095
18163,37119,2608,2486,5094
12117,18141,2538,2552,5090
12117,18003,2556,2517,5073
40119,48439,2564,2509,5073
26163,36071,2561,2499,5060
37119,39095,2690,2358,5048
48303,48453,2660,2386,5046
29077,48201,2462,2575,5037
27007,27053,2438,2598,5036
08097,17031,2446,2571,5017
12117,40143,2467,2550,5017
08031,56005,2486,2523,5009
17031,47065,2486,2522,5008
36103,37183,2408,2592,5000
13051,39049,2507,2472,4979
06037,53021,2574,2403,4977
36109,51107,2290,2680,4970
44003,47037,2668,2302,4970
17031,38015,2615,2351,4966
21015,29165,2625,2315,4940
39035,48453,2425,2511,4936
11001,45051,2490,2445,4935
04005,08031,2371,2560,4931
08097,48439,2185,2743,4928
06073,37183,2405,2509,4914
11001,37081,2361,2540,4901
08031,48375,2391,2505,4896
18003,42101,2468,2412,4880
12095,42043,2346,2514,4860
47065,51107,2450,2401,4851
12081,34013,2361,2490,4851
27053,46013,2531,2319,4850
25007,25025,2131,2719,4850
08031,29213,2369,2477,4846
12011,25027,2566,2279,4845
27053,27071,2541,2303,4844
12091,29077,2432,2406,4838
04005,32003,1978,2858,4836
27053,55063,2255,2579,4834
51107,51770,2393,2441,4834
12095,25027,2351,2481,4832
21067,51107,2535,2280,4815
12011,45019,2284,2530,4814
37129,51107,2395,2411,4806
06053,48439,2444,2359,4803
39153,42101,2287,2506,4793
48183,48439,2443,2349,4792
48245,48439,2413,2360,4773
49035,56025,2374,2393,4767
18097,37183,2312,2448,4760
12095,36071,2520,2239,4759
05131,13063,2428,2328,4756
46103,49035,2359,2378,4737
30031,34013,2071,2658,4729
42101,51003,2173,2525,4698
12081,17031,2507,2185,4692
08031,30049,2420,2271,4691
18097,45051,2140,2551,4691
11001,26081,2376,2289,4665
27053,44003,2492,2171,4663
34013,55025,2265,2395,4660
42079,51107,2315,2338,4653
12011,36071,2451,2180,4631
06023,06037,2280,2347,4627
06037,53073,2383,2225,4608
06037,53063,2452,2143,4595
17161,26163,2339,2234,4573
36103,45051,2335,2236,4571
42101,51770,2264,2306,4570
42077,45051,2300,2224,4524
12015,39035,2289,2234,4523
12086,13051,2223,2290,4513
26077,26163,2240,2255,4495
12091,21111,2204,2289,4493
40109,42101,2262,2224,4486
18097,48453,2356,2127,4483
19155,41051,2255,2224,4479
12091,42003,2165,2283,4448
35025,48201,2246,2195,4441
24045,37119,2063,2378,4441
06081,48029,2105,2330,4435
12117,23019,2346,2088,4434
01073,12086,2167,2262,4429
17019,48439,2192,2229,4421
35001,41051,2192,2229,4421
26103,26163,1941,2476,4417
06053,06081,2371,2036,4407
12015,17201,2184,2218,4402
26163,55073,2219,2174,4393
34021,45019,2226,2163,4389
12057,12087,2209,2160,4369
36063,45051,2129,2236,4365
04013,26081,2261,2101,4362
12103,36067,2335,2017,4352
08031,37021,2084,2242,4326
06001,27053,2202,2121,4323
32003,55025,2160,2156,4316
17031,26061,2226,2071,4297
12001,48439,2115,2168,4283
22051,39035,2190,2085,4275
09003,48201,2088,2186,4274
06037,56039,2471,1803,4274
06079,48439,2200,2065,4265
42027,51107,2215,2049,4264
08041,27053,2201,2040,4241
17019,37119,2110,2130,4240
34013,39153,2157,2081,4238
30093,49035,2086,2143,4229
26163,47065,2095,2123,4218
12015,18003,2123,2083,4206
48141,53033,2383,1820,4203
06079,53033,2166,2034,4200
36067,37183,1994,2206,4200
30063,48439,2054,2143,4197
06081,55025,2098,2097,4195
06037,29077,2202,1984,4186
48027,48201,2163,2022,4185
20173,53033,2048,2132,4180
23019,37119,2005,2165,4170
40109,53033,2070,2086,4156
12095,23005,2083,2072,4155
06097,53033,2002,2121,4123
04013,53021,2137,1981,4118
13051,26163,2071,2039,4110
06081,40109,2058,2048,4106
17167,48439,2019,2082,4101
12117,17113,1953,2146,4099
13051,42003,1950,2145,4095
22019,48201,2158,1933,4091
12031,34021,2087,1999,4086
12087,48439,1851,2225,4076
04013,53061,2050,2026,4076
40109,51107,2095,1977,4072
04013,17201,2071,1999,4070
04013,30111,2121,1948,4069
12015,18141,2042,2025,4067
08041,12095,2112,1952,4064
17031,26103,2158,1899,4057
27053,47009,2040,2016,4056
17161,27053,2163,1892,4055
05119,11001,2074,1974,4048
30063,41051,1932,2115,4047
17031,55017,2058,1988,4046
12071,34021,2052,1994,4046
08031,38089,1986,2057,4043
04013,35049,2040,1999,4039
16001,48201,2005,2031,4036
27053,34021,1966,2067,4033
06073,06097,2025,2002,4027
17031,19013,2032,1984,4016
12015,21111,1949,2067,4016
12117,36015,1988,2014,4002
26163,34021,2001,1991,3992
12087,37119,1869,2115,3984
06083,41051,1951,2033,3984
20055,48439,1949,2027,3976
19153,49035,1987,1979,3966
37021,48439,1908,2045,3953
30111,48439,1969,1962,3931
30111,41051,1954,1977,3931
12031,17163,1995,1934,3929
05007,06081,1943,1982,3925
22079,48201,2017,1907,3924
12103,21111,1914,2007,3921
05119,12117,1929,1989,3918
22073,48201,1874,2038,3912
12081,18097,1932,1975,3907
12099,34021,2002,1901,3903
12117,47157,2007,1896,3903
06037,55025,1987,1914,3901
48041,48201,2137,1754,3891
08031,31019,1960,1924,3884
12103,17201,1922,1958,3880
17031,26077,2011,1866,3877
12015,36001,1998,1876,3874
37129,48439,1960,1911,3871
12117,19155,1939,1926,3865
42081,42101,2026,1838,3864
12117,46099,1935,1929,3864
26081,32003,1903,1958,3861
08041,51107,1980,1873,3853
12103,19113,1867,1986,3853
08031,55009,1992,1858,3850
41051,48029,1995,1850,3845
11001,25019,2162,1678,3840
21067,27053,1940,1888,3828
21015,29189,2035,1786,3821
06067,26163,1926,1895,3821
05007,11001,1924,1888,3812
06059,06097,1882,1914,3796
48439,48465,1830,1960,3790
17031,26121,1957,1826,3783
12015,47037,1856,1919,3775
06059,53061,1921,1847,3768
12103,19153,1860,1905,3765
06029,48439,2077,1687,3764
39153,48201,1874,1880,3754
04013,38015,2050,1704,3754
36081,47065,1803,1950,3753
05007,32003,1884,1866,3750
12086,45083,1942,1801,3743
01097,08031,1870,1871,3741
30049,53033,1806,1929,3735
39113,48201,1911,1818,3729
04013,31079,1953,1771,3724
06053,06073,1874,1844,3718
08031,56037,1873,1838,3711
12103,47157,1850,1852,3702
27035,27053,1803,1898,3701
06071,48201,1963,1732,3695
32003,38101,1871,1791,3662
06037,48215,1737,1906,3643
04013,30063,1912,1729,3641
12095,17113,1805,1827,3632
12095,37081,1801,1818,3619
12015,26049,1865,1746,3611
12117,40109,1722,1872,3594
26055,48439,1748,1835,3583
32031,48201,1597,1984,3581
12015,17143,1849,1728,3577
04013,06097,1769,1806,3575
04013,53073,1855,1714,3569
17143,32003,1772,1797,3569
11001,12081,1887,1678,3565
22051,39049,1621,1927,3548
25025,51710,1710,1830,3540
34013,40109,1560,1979,3539
12103,51710,1749,1790,3539
21067,36081,1898,1635,3533
12117,47065,1771,1760,3531
36001,37183,1769,1760,3529
12087,34013,1682,1841,3523
12117,19113,1770,1752,3522
12091,47009,1740,1767,3507
12031,42003,1771,1736,3507
23005,37183,1386,2117,3503
27053,51710,1701,1788,3489
48439,56021,1829,1648,3477
26081,48201,1708,1753,3461
29077,32003,1722,1734,3456
12011,45083,1713,1742,3455
36015,51107,1712,1738,3450
12117,47163,1714,1712,3426
12081,42003,1713,1711,3424
12117,54033,1694,1720,3414
08031,17113,1568,1844,3412
12117,22017,1707,1703,3410
06037,30063,1915,1494,3409
49035,55025,1678,1722,3400
12103,42043,1738,1655,3393
13063,56039,1892,1501,3393
36045,42101,1671,1713,3384
04013,41017,1648,1723,3371
32003,41029,1680,1688,3368
08031,42043,1720,1638,3358
22017,32003,1732,1623,3355
32007,49035,1717,1629,3346
12095,37021,1687,1655,3342
13245,48439,1670,1670,3340
32003,46103,1687,1648,3335
27053,30049,1666,1653,3319
21015,22051,1651,1654,3305
13063,31109,1632,1666,3298
12103,51770,1600,1684,3284
04027,48439,1804,1470,3274
12117,45083,1568,1706,3274
36067,47037,1613,1658,3271
12099,37183,1681,1580,3261
32003,41039,1672,1588,3260
12117,24043,1539,1712,3251
25001,25019,1674,1573,3247
12103,36071,1633,1614,3247
30029,48439,1568,1674,3242
06097,48439,1587,1650,3237
06073,21015,1602,1633,3235
32003,53021,1645,1585,3230
04013,48329,1619,1609,3228
12117,36019,1648,1574,3222
12117,42003,1572,1643,3215
17031,41039,1519,1693,3212
36029,37183,1630,1580,3210
12103,26049,1698,1510,3208
12103,23019,1756,1444,3200
12103,45083,1573,1619,3192
37183,44003,1725,1466,3191
12117,51710,1579,1609,3188
37119,46103,1752,1430,3182
34021,45051,1789,1391,3180
11001,12091,1574,1601,3175
25027,36081,1813,1354,3167
51003,51107,1604,1531,3135
08085,17031,1526,1608,3134
17031,29097,1542,1591,3133
12015,37025,1534,1599,3133
45051,54033,1494,1636,3130
08031,08051,1781,1345,3126
01089,26163,1607,1506,3113
42043,48439,1524,1588,3112
12015,19153,1571,1540,3111
12031,51710,1581,1528,3109
08031,22055,1563,1542,3105
17031,21145,1574,1530,3104
08031,44003,1542,1556,3098
12031,18097,1764,1334,3098
08031,46065,1572,1523,3095
04013,48303,1504,1584,3088
17031,30111,1593,1489,3082
12103,47065,1517,1562,3079
12015,44003,1598,1478,3076
12015,17167,1546,1529,3075
32003,47009,1528,1546,3074
04013,35005,1403,1670,3073
12087,12095,1648,1425,3073
08031,31111,1504,1568,3072
04013,55087,1620,1449,3069
12117,18163,1520,1544,3064
12015,42043,1534,1518,3052
12011,36067,1462,1585,3047
04015,32003,1527,1512,3039
12117,21059,1454,1585,3039
12011,12087,1376,1657,3033
12005,17031,1592,1440,3032
06073,12057,1469,1563,3032
53033,53055,1523,1500,3023
12015,19113,1494,1526,3020
36071,45051,1448,1572,3020
04013,18003,1580,1439,3019
08031,45051,1506,1510,3016
12071,55079,1576,1435,3011
32003,51710,1520,1489,3009
34021,47037,1536,1462,2998
12091,20173,1233,1729,2962
04013,38101,1553,1409,2962
24003,37021,1430,1522,2952
42003,48453,1538,1412,2950
06001,41039,1471,1472,2943
06073,39035,1531,1405,2936
08031,56001,1368,1565,2933
12117,37081,1424,1506,2930
32003,48479,1418,1511,2929
08031,49019,1472,1448,2920
05119,26163,1341,1578,2919
22051,37025,1422,1491,2913
12011,51710,1480,1431,2911
49035,56029,1546,1348,2894
05007,34013,1379,1513,2892
17031,30013,1411,1479,2890
12015,54099,1408,1479,2887
12095,22055,1431,1455,2886
17031,48061,1468,1413,2881
26041,26163,1369,1508,2877
08031,31157,1409,1467,2876
17031,41017,1282,1589,2871
36019,51107,1198,1668,2866
13051,18097,1431,1434,2865
12081,39049,1455,1395,2850
12095,19155,1442,1398,2840
12015,39095,1442,1395,2837
12091,34013,1399,1433,2832
12091,19155,1332,1497,2829
12031,37183,1197,1629,2826
06001,25025,1549,1274,2823
12103,18141,1420,1378,2798
12117,17161,1388,1407,2795
12031,39049,1246,1546,2792
12091,47157,1390,1392,2782
04013,27141,1491,1286,2777
36067,45051,1389,1384,2773
30029,41051,1213,1521,2734
12091,17143,1380,1353,2733
06081,56039,1601,1125,2726
12015,26081,1425,1291,2716
42043,45051,1396,1319,2715
06053,32003,1404,1310,2714
17163,32003,1356,1355,2711
12015,36063,1453,1257,2710
37183,55079,1343,1363,2706
17201,32003,1354,1351,2705
12117,39113,1335,1365,2700
04013,06077,1351,1348,2699
08031,28121,1381,1318,2699
12117,51087,1239,1458,2697
06083,27053,1451,1241,2692
47037,51087,1438,1253,2691
04013,18141,1391,1300,2691
12117,48029,1275,1412,2687
12103,19155,1330,1355,2685
09003,21015,1423,1261,2684
21015,45019,1295,1385,2680
06037,20173,1240,1437,2677
32003,38015,1334,1339,2673
12091,37025,1311,1354,2665
04013,30031,1450,1205,2655
12091,18097,1284,1366,2650
32003,45083,1348,1302,2650
12103,17161,1322,1324,2646
08031,48061,1237,1406,2643
26081,51107,1345,1297,2642
12031,39035,1314,1328,2642
11001,55025,1326,1315,2641
12081,42043,1282,1357,2639
19113,47037,1363,1275,2638
12117,33015,1331,1304,2635
13021,24003,1292,1338,2630
12103,29165,1222,1404,2626
17161,32003,1323,1299,2622
18003,27053,1347,1275,2622
06097,08031,1321,1290,2611
12011,17163,1277,1333,2610
04025,08031,1350,1259,2609
12011,37081,1185,1423,2608
12117,39035,1303,1304,2607
06037,46099,1370,1237,2607
11001,12073,1254,1344,2598
12117,20173,1267,1328,2595
04013,17161,1332,1258,2590
12015,29165,1390,1190,2580
12091,48453,1298,1280,2578
26037,27053,1345,1232,2577
12117,36067,1307,1267,2574
05119,06037,1365,1209,2574
12117,38015,1304,1258,2562
30031,32003,1255,1305,2560
31079,32003,1278,1281,2559
12001,12086,1217,1335,2552
12091,39035,1174,1378,2552
06037,49049,1265,1286,2551
12015,33015,1319,1228,2547
12103,55087,1324,1220,2544
28081,47037,1319,1217,2536
12091,39049,1236,1297,2533
12091,19153,1257,1271,2528
12117,17143,1319,1209,2528
04013,56039,1359,1168,2527
48113,48355,1302,1225,2527
12015,36071,1293,1234,2527
12095,28121,1189,1331,2520
12103,47037,1202,1316,2518
04013,49057,1294,1223,2517
16001,32031,1183,1333,2516
26103,27053,1358,1157,2515
12081,36067,1319,1194,2513
16013,53033,1186,1321,2507
47157,48453,1240,1261,2501
12103,36063,1285,1208,2493
08031,55087,1171,1321,2492
09003,39035,1170,1310,2480
12117,55087,1332,1146,2478
12103,39035,1255,1218,2473
06081,41011,1316,1157,2473
18141,32003,1158,1313,2471
08031,22017,1133,1338,2471
06081,53021,1251,1214,2465
06037,19153,1189,1264,2453
12103,46099,1315,1134,2449
12103,40143,1231,1217,2448
11001,54039,1230,1217,2447
17163,45051,1262,1179,2441
12081,24003,1195,1245,2440
12103,24043,1213,1224,2437
42003,45019,1193,1236,2429
06067,47037,1060,1369,2429
08097,48201,1191,1233,2424
13051,24003,1181,1238,2419
32003,38035,1208,1210,2418
12033,12057,1193,1219,2412
08031,29019,1168,1239,2407
12081,51087,1144,1259,2403
21067,45051,1196,1206,2402
04013,30013,1225,1161,2386
12103,28047,1196,1189,2385
12103,36015,1226,1155,2381
32003,55087,1252,1125,2377
12103,39095,1191,1185,2376
06029,06081,1233,1141,2374
12117,36055,1167,1201,2368
30029,32003,1161,1206,2367
25019,36119,976,1388,2364
23009,25025,1076,1286,2362
11001,28121,1117,1244,2361
18097,45019,1204,1152,2356
08085,48201,959,1394,2353
12091,40143,1108,1242,2350
26033,27053,1150,1200,2350
12103,51087,1260,1089,2349
06037,06065,1003,1346,2349
12091,24003,1120,1228,2348
12117,48141,1092,1255,2347
11001,37129,1079,1267,2346
12081,26081,1165,1179,2344
12071,29165,1113,1229,2342
12117,28047,1141,1197,2338
08031,46029,1246,1092,2338
33015,36081,1194,1140,2334
12117,48453,1138,1191,2329
12103,39113,1173,1152,2325
01097,17031,1161,1157,2318
16019,32003,1153,1163,2316
19113,32003,1183,1129,2312
12103,37081,1120,1188,2308
12117,38017,1164,1135,2299
12117,39095,1147,1151,2298
04013,08085,1122,1166,2288
06037,08077,1143,1144,2287
12103,36001,1162,1118,2280
09003,12071,942,1333,2275
13051,21111,1115,1155,2270
05119,12091,1169,1100,2269
06037,38017,1158,1109,2267
23003,34013,1070,1195,2265
12117,36063,1095,1162,2257
22051,42003,1164,1092,2256
26081,47037,1175,1081,2256
12117,55079,1116,1140,2256
42043,47037,1156,1099,2255
06073,06077,1089,1162,2251
04025,06037,1048,1202,2250
17031,54033,1092,1155,2247
29189,45019,1104,1143,2247
06001,06083,1137,1108,2245
30063,32003,1093,1148,2241
12091,54099,993,1247,2240
32003,38017,1190,1049,2239
30111,32003,1067,1166,2233
30031,48201,983,1248,2231
19193,48439,1115,1113,2228
06037,19113,1006,1221,2227
12011,36063,1243,982,2225
12117,36001,1080,1138,2218
26163,55063,1243,973,2216
12117,47037,1092,1115,2207
17143,27053,1090,1109,2199
12033,12095,1092,1101,2193
08031,49047,1112,1079,2191
06085,12095,764,1427,2191
06065,41051,1389,798,2187
06001,30063,1111,1068,2179
12057,36055,1105,1074,2179
06037,06089,1082,1096,2178
12103,17113,1160,1018,2178
12095,45083,970,1207,2177
25001,36081,939,1238,2177
12081,47037,1041,1132,2173
12033,34013,1050,1116,2166
42101,47065,1053,1111,2164
08031,20051,1108,1054,2162
21015,44003,1146,1012,2158
06073,53073,1113,1043,2156
26145,27053,1124,1029,2153
36001,45051,1041,1112,2153
30013,32003,1039,1106,2145
12103,47163,1059,1073,2132
18003,45051,1082,1042,2124
37021,42101,981,1134,2115
12091,18163,1097,1012,2109
21015,51710,1096,1013,2109
04013,30029,1157,947,2104
12095,40143,905,1196,2101
06001,16019,1106,990,2096
26007,26163,986,1110,2096
29165,45051,1203,878,2081
12057,37021,972,1102,2074
06023,08031,1172,887,2059
08031,38093,1182,876,2058
42077,47037,995,1058,2053
12091,21067,931,1120,2051
06065,53073,1056,984,2040
12091,17201,965,1070,2035
06081,30063,1133,901,2034
26043,27053,929,1104,2033
08077,32003,1041,990,2031
12095,35001,1089,939,2028
47037,51710,1085,940,2025
12117,36071,992,1031,2023
34013,39113,1072,941,2013
12081,37021,916,1092,2008
24003,47009,1017,987,2004
12033,29165,1027,976,2003
06001,18097,1141,855,1996
17031,29201,1041,950,1991
26033,26163,869,1120,1989
39049,45019,1078,910,1988
12015,37183,977,1007,1984
45051,48201,892,1090,1982
36081,51770,1009,970,1979
17031,54025,1152,826,1978
33015,45051,1120,857,1977
06037,16019,1021,952,1973
06085,48141,1134,831,1965
17031,29213,1100,864,1964
12091,22017,968,994,1962
06037,06051,1006,933,1939
06081,08097,1133,799,1932
24043,45051,1042,881,1923
06037,30111,1003,914,1917
12117,37183,993,923,1916
11001,39153,954,952,1906
13051,26081,923,983,1906
11001,26037,1089,812,1901
12057,37081,954,930,1884
12103,36019,962,910,1872
17031,51015,953,914,1867
04019,49049,954,911,1865
01073,32003,929,935,1864
36019,45051,931,933,1864
11001,47065,925,930,1855
06073,41039,904,937,1841
13051,36001,920,910,1830
06001,12095,838,984,1822
26055,36081,787,1026,1813
26043,26163,894,918,1812
01101,11001,953,858,1811
39035,51710,878,923,1801
04015,27053,893,886,1779
17031,28075,810,967,1777
17001,17031,902,872,1774
28075,48439,744,1015,1759
21111,45051,974,782,1756
06081,06097,816,934,1750
08031,26055,974,775,1749
08031,08101,840,901,1741
32031,48113,831,905,1736
40109,47037,880,852,1732
45051,54039,843,879,1722
08031,56033,876,835,1711
29213,48439,904,804,1708
11001,25007,1049,658,1707
39049,49035,792,908,1700
12005,48453,827,864,1691
30083,30111,883,801,1684
25019,34013,668,1008,1676
06001,30029,930,733,1663
36081,37021,881,779,1660
06085,35001,868,784,1652
42101,54039,975,674,1649
06073,11001,840,809,1649
06085,22051,999,648,1647
12091,39095,789,843,1632
13063,26055,884,746,1630
25025,42043,738,874,1612
25027,42101,842,768,1610
11001,21067,820,788,1608
12011,12033,806,793,1599
17199,29189,825,764,1589
06081,30029,1009,578,1587
06067,12095,839,741,1580
05007,47037,835,742,1577
12081,26163,874,702,1576
51107,54033,838,736,1574
12011,12073,812,759,1571
12095,45051,804,729,1533
13051,42077,666,865,1531
13051,47037,743,773,1516
12117,29165,761,749,1510
06065,17031,767,737,1504
06097,27053,788,706,1494
08051,48201,715,773,1488
04013,08097,715,771,1486
12011,42077,788,695,1483
04019,41051,607,869,1476
19155,47037,896,566,1462
36081,39153,646,800,1446
06067,06083,721,707,1428
27053,56039,823,600,1423
42003,47009,722,685,1407
13051,44003,679,711,1390
26055,34013,456,911,1367
23013,25025,608,741,1349
12103,55079,668,679,1347
06001,34013,698,634,1332
11001,12087,682,630,1312
04013,38035,736,573,1309
12081,42101,666,634,1300
08031,56013,677,619,1296
13051,36063,629,660,1289
08031,16013,683,604,1287
08003,08031,660,624,1284
17031,20169,684,593,1277
26077,27053,622,635,1257
11001,12009,602,633,1235
12033,29189,656,565,1221
51015,51107,653,565,1218
36089,51107,563,638,1201
18097,22051,613,587,1200
12091,17031,546,640,1186
06073,55079,672,506,1178
08031,08113,587,587,1174
11001,48029,482,682,1164
41051,41059,570,587,1157
08031,20175,583,558,1141
06025,06037,608,532,1140
01033,13063,585,552,1137
06001,47157,594,541,1135
12117,36089,607,527,1134
12057,12073,521,600,1121
06073,51710,568,546,1114
12087,17031,522,586,1108
17031,45013,535,571,1106
12127,36081,605,499,1104
06085,37183,554,550,1104
13063,30063,529,559,1088
19187,29189,556,531,1087
25025,50021,549,535,1084
25025,33009,554,530,1084
08031,20169,569,485,1054
08031,38071,518,535,1053
06059,16001,361,678,1039
12099,48201,599,425,1024
12057,12095,883,130,1013
34013,36081,753,260,1013
23011,25025,443,562,1005
13051,33015,509,492,1001
13063,30029,534,460,994
05031,29189,492,484,976
06037,06047,467,502,969
11001,35001,344,624,968
25025,36033,524,432,956
21059,29189,478,475,953
27053,32031,450,493,943
11001,45013,454,466,920
08031,08083,440,475,915
13089,39061,447,458,905
51107,54025,356,537,893
26163,30031,479,411,890
17031,17115,436,448,884
12011,12099,0,871,871
13051,27053,441,425,866
34013,45013,445,403,848
36081,56039,484,361,845
08031,20057,412,411,823
35009,48439,408,415,823
06081,16013,521,298,819
28067,48439,366,453,819
04013,04017,385,431,816
29169,29189,520,295,815
48141,49035,542,271,813
08067,17031,429,383,812
37119,54081,412,398,810
08031,12005,395,415,810
25025,36089,396,414,810
17031,36089,402,406,808
27053,27113,406,402,808
06037,16013,557,249,806
29001,29189,396,399,795
05051,48439,418,371,789
17031,39061,363,421,784
08031,41011,346,436,782
48201,56039,432,347,779
12033,48453,414,357,771
16001,48113,398,371,769
06067,22051,361,390,751
35001,35017,381,366,747
30105,30111,382,364,746
25005,25019,405,335,740
17031,19057,360,374,734
21111,25025,296,436,732
12005,29165,380,346,726
12091,12095,372,351,723
22051,55079,305,417,722
12031,12095,588,131,719
17031,19033,343,375,718
06067,29165,484,233,717
26163,28047,355,354,709
06071,48029,424,283,707
34027,39061,330,369,699
13089,37119,337,360,697
48375,48453,482,202,684
04015,27137,340,343,683
09003,36081,673,0,673
42003,42071,326,340,666
12011,55079,295,365,660
30085,30111,332,325,657
42003,42083,323,332,655
12071,47037,365,288,653
33015,47037,359,294,653
06085,29165,213,439,652
33009,36119,315,337,652
08077,17031,266,367,633
12009,42101,336,293,629
42003,42021,304,318,622
54081,54107,322,299,621
05009,48439,310,309,619
08031,31045,307,310,617
25007,36119,280,337,617
37119,39061,304,301,605
42003,42065,299,302,601
12087,42101,277,324,601
12061,34013,309,268,577
36029,47037,170,400,570
34013,46103,282,281,563
08031,12091,301,261,562
17115,29189,283,273,556
19057,29189,286,268,554
17031,28067,239,309,548
05139,48439,280,267,547
48061,48113,114,428,542
30041,30111,275,266,541
12087,36081,272,267,539
28151,48439,272,258,530
25025,44003,80,450,530
06073,40109,416,109,525
46103,48201,241,283,524
12011,54039,238,284,522
16019,27053,270,244,514
29189,47113,231,282,513
48453,51087,23,488,511
17031,26053,263,245,508
42003,54061,236,265,501
06081,46103,282,202,484
47037,48141,457,26,483
09009,37119,256,226,482
35001,35015,235,247,482
13063,46103,227,254,481
12095,48141,391,89,480
12057,12099,215,264,479
04015,55025,293,176,469
53033,56039,266,201,467
06067,35001,284,182,466
12071,28047,232,233,465
24003,54061,235,229,464
28047,48029,233,230,463
12095,42079,252,205,457
06037,46103,238,217,455
25019,34003,196,257,453
06037,08067,259,192,451
23019,26163,219,228,447
30021,30111,227,219,446
06001,11001,283,160,443
36081,45013,239,201,440
47157,48029,389,51,440
08067,48201,211,228,439
12071,44003,241,195,436
06067,19155,349,87,436
48201,48469,179,255,434
06067,18097,218,215,433
04019,06067,408,24,432
12061,23005,268,155,423
06073,20173,5,416,421
35001,48029,259,160,419
06073,42003,82,336,418
25019,37119,148,266,414
06059,35001,274,140,414
42003,42013,200,213,413
04019,48113,139,273,412
24003,42021,192,217,409
06085,48029,400,5,405
48439,48469,204,201,405
17031,28121,189,216,405
19033,27053,211,192,403
29165,45083,403,0,403
24003,48141,275,126,401
23005,36119,3,398,401
12011,12127,194,207,401
04015,38017,259,141,400
30031,36081,146,251,397
12061,37021,209,185,394
22051,48141,71,322,393
12081,23005,240,153,393
08031,31145,193,198,391
12081,26055,249,136,385
06059,47037,71,314,385
45063,48201,195,183,378
48329,48453,298,78,376
06001,55079,179,197,376
08031,31013,174,199,373
11001,26077,186,186,372
12031,28047,248,123,371
26055,37119,155,215,370
04015,38015,201,168,369
42003,42121,164,205,369
36109,37119,184,182,366
12011,12071,0,365,365
28047,48355,237,125,362
06037,48061,174,188,362
12103,24003,148,210,358
24003,24043,156,198,354
04015,18141,177,177,354
04015,17143,177,176,353
29165,51087,83,270,353
04015,17201,173,177,350
04015,55063,172,177,349
21015,48113,309,39,348
12095,42011,173,173,346
04015,39035,173,173,346
04015,26163,171,174,345
22051,35001,172,171,343
04015,55009,176,166,342
04015,08031,170,172,342
04015,39113,170,171,341
04015,48029,168,172,340
04015,48439,169,171,340
04015,17161,168,170,338
21067,48201,164,174,338
05007,42101,165,172,337
04015,21111,170,166,336
04015,39049,169,166,335
28047,55079,226,109,335
11001,17167,167,167,334
04015,19155,175,159,334
12095,12099,0,333,333
04015,47009,164,168,332
27053,28047,218,113,331
04015,29165,165,165,330
12081,21067,167,161,328
34013,48113,84,243,327
24003,39095,163,163,326
27053,45019,186,139,325
24003,42065,154,171,325
18097,48121,158,167,325
12009,28047,122,202,324
35001,42101,147,176,323
04015,48355,161,161,322
04015,27141,161,160,321
04015,17031,157,164,321
26053,27053,141,179,320
35015,48439,167,153,320
17163,25017,157,162,319
26163,37021,154,165,319
26055,51107,103,214,317
13063,32031,315,0,315
40143,48453,270,45,315
36029,48113,7,306,313
25001,25025,118,192,310
04015,40109,153,156,309
04015,38101,277,31,308
04013,08083,147,160,307
04015,48215,151,156,307
20051,20169,74,232,306
04013,35017,134,172,306
29189,35001,19,284,303
09003,25025,232,71,303
44003,48113,104,196,300
12057,51087,159,138,297
25025,48029,62,233,295
24003,42071,127,165,292
09003,32003,70,222,292
01073,48029,278,8,286
19155,24003,143,143,286
04015,31109,109,177,286
40143,48029,0,279,279
04015,08077,105,174,279
29189,51087,0,278,278
12086,51107,217,60,277
04015,26145,179,95,274
45083,48453,204,68,272
36055,41051,88,184,272
12031,12057,271,1,272
12071,12095,123,146,269
17031,20051,183,86,269
40109,41051,230,38,268
24043,42003,125,143,268
04019,06001,208,60,268
06085,47157,267,0,267
37119,54107,127,138,265
47037,47157,132,132,264
06059,11001,230,32,262
32003,36001,27,232,259
04015,17167,170,87,257
21111,45063,134,122,256
06085,12011,228,28,256
39035,48029,254,2,256
39035,48113,123,132,255
25007,34003,112,142,254
06037,48303,205,49,254
22051,40109,179,72,251
06067,42101,129,121,250
12099,28047,123,125,248
28047,48453,124,124,248
25025,25027,80,167,247
25025,33015,0,247,247
28047,37081,123,124,247
13245,28047,124,122,246
06001,12011,54,190,244
28047,29189,122,122,244
28047,42129,122,122,244
35001,47037,222,22,244
06001,19155,243,0,243
28047,40109,119,123,242
12127,28047,121,121,242
18003,28047,121,119,240
12001,28047,120,119,239
26121,28047,119,120,239
28047,39035,121,118,239
06071,29165,65,173,238
17031,56029,119,119,238
48029,48303,130,108,238
28047,51770,119,119,238
06037,12031,7,230,237
05009,47157,110,126,236
13051,28047,117,117,234
17201,28047,117,117,234
13021,28047,119,114,233
18097,28047,117,116,233
28047,47037,116,116,232
04015,08069,114,118,232
28047,48215,114,118,232
12011,28047,117,115,232
04015,27007,116,115,231
28047,42101,115,116,231
28047,39153,114,116,230
28047,45051,115,115,230
04015,46103,115,110,225
12081,28047,111,111,222
12057,51710,221,0,221
32031,48453,215,6,221
39049,48453,167,53,220
06059,40109,66,154,220
06073,40143,0,220,220
51710,53033,139,78,217
09003,21111,103,114,217
01073,06037,211,5,216
04015,39095,108,108,216
06067,48141,86,129,215
24003,28047,110,104,214
48113,51107,19,194,213
12095,32031,4,208,212
42003,55079,126,86,212
12011,33015,67,145,212
06059,48029,58,151,209
12057,19155,17,191,208
06059,32031,137,70,207
32031,56025,0,207,207
06001,51710,0,206,206
21145,29201,109,97,206
06067,12057,121,84,205
40109,48141,50,154,204
19155,21111,203,1,204
04015,46099,103,101,204
32003,49025,0,201,201
45019,48453,166,35,201
19155,22051,64,136,200
05119,47037,20,179,199
06071,53063,14,185,199
28047,37183,113,85,198
19155,25025,117,80,197
06065,37051,0,197,197
29189,44003,23,174,197
06067,40109,4,192,196
20173,47037,194,2,196
42003,48141,81,115,196
04019,29165,164,31,195
06085,19155,29,163,192
24003,32031,53,136,189
39049,48029,88,101,189
29165,39049,18,171,189
19033,19057,87,100,187
36029,48029,4,183,187
19033,19187,87,100,187
37183,48029,75,111,186
11001,51087,0,185,185
25007,25019,152,31,183
32003,55073,0,181,181
06067,48029,132,49,181
04019,32031,0,180,180
04015,36029,0,180,180
55073,55079,0,180,180
12057,12071,176,4,180
08077,21015,0,179,179
12031,48453,104,74,178
06067,36001,178,0,178
36001,45019,42,135,177
06085,48375,9,168,177
21111,41051,4,173,177
05119,06067,71,106,177
06001,12057,35,142,177
06001,48141,146,29,175
04015,31079,0,175,175
19187,27053,93,81,174
13215,19155,83,91,174
42101,48121,173,0,173
42003,48029,159,14,173
12031,44003,27,146,173
22051,44003,123,50,173
09003,47037,127,44,171
24003,42013,81,90,171
21015,36015,171,0,171
05119,06073,84,87,171
04015,55017,169,0,169
04015,26081,85,84,169
45083,48029,0,169,169
19155,28087,85,84,169
05139,47157,97,72,169
24003,48061,0,169,169
04015,48453,168,0,168
06071,35001,75,92,167
06059,08041,167,0,167
18097,23005,167,0,167
16001,22051,130,36,166
05007,12103,0,166,166
38015,48029,166,0,166
06059,18097,124,41,165
06037,17143,165,0,165
04015,48061,165,0,165
04015,18097,0,164,164
04015,48201,0,164,164
18097,41051,113,51,164
37183,41051,2,161,163
06047,06067,88,75,163
04015,48141,0,162,162
04015,08101,0,162,162
32031,47037,66,95,161
04015,13021,161,0,161
13021,48141,161,0,161
06001,48121,159,0,159
48453,55079,32,127,159
09003,53033,157,0,157
25025,47157,3,152,155
46029,46065,141,14,155
36029,48453,131,23,154
06001,42101,134,20,154
37021,42077,154,0,154
32031,36029,136,17,153
33015,48453,22,130,152
06059,53063,65,87,152
12081,26049,0,151,151
06071,34013,150,0,150
06037,48329,144,6,150
09003,12081,148,0,148
35001,55079,133,15,148
19155,48303,88,60,148
12057,12081,0,148,148
06081,36029,139,8,147
22017,25025,0,147,147
06081,33015,147,0,147
44003,48453,147,0,147
06085,18097,137,9,146
21015,26049,0,144,144
39035,51087,144,0,144
06059,29189,85,59,144
21111,53033,143,0,143
33015,55079,58,85,143
06053,09003,143,0,143
04015,20173,71,72,143
12031,17143,0,143,143
04015,56025,69,73,142
45019,51087,141,0,141
06071,26163,2,139,141
29189,36001,141,0,141
06085,36055,140,0,140
13063,48329,140,0,140
12095,12127,0,140,140
21015,55087,0,140,140
12127,44003,0,140,140
04015,19193,68,70,138
04013,09003,17,121,138
48215,53033,0,137,137
04013,51710,90,47,137
36103,48113,88,49,137
12073,19155,68,69,137
12081,48215,0,137,137
31157,53033,0,137,137
06001,06067,0,137,137
12091,48029,136,0,136
12099,18097,0,135,135
04015,30013,96,38,134
06001,37119,134,0,134
39049,48141,134,0,134
09003,48113,131,1,132
12057,23005,50,82,132
09003,22051,95,37,132
12031,36029,1,131,132
21111,33015,59,73,132
04015,19113,0,131,131
05119,32031,70,61,131
25025,40143,96,35,131
06071,27053,34,96,130
04015,46013,66,64,130
22051,28121,0,128,128
39049,41051,59,69,128
28121,36081,0,128,128
29165,42003,74,54,128
36029,39035,0,128,128
30031,39049,127,0,127
45083,55079,127,0,127
39035,44003,127,0,127
12099,51107,126,0,126
13051,45019,125,0,125
06065,45083,0,125,125
42003,44003,9,116,125
04019,06059,124,0,124
21015,55079,60,64,124
01073,12011,13,111,124
19153,39049,45,78,123
32031,39049,21,102,123
17163,42101,122,0,122
06059,19155,97,25,122
29077,29189,121,0,121
27053,29077,121,0,121
12081,25025,61,60,121
06001,19153,121,0,121
28047,47157,0,120,120
39049,42003,119,0,119
12005,40109,50,69,119
06085,55079,84,35,119
25019,44003,22,97,119
06073,12071,115,3,118
27053,29095,58,60,118
12057,35001,27,91,118
12033,26163,63,55,118
06081,06085,0,117,117
05119,06071,91,26,117
26049,28047,0,117,117
21111,28047,116,0,116
11001,28047,0,116,116
12073,22033,56,60,116
12099,51087,0,116,116
06071,29189,6,110,116
44003,45019,8,107,115
06001,53061,61,54,115
38017,48029,115,0,115
40143,53063,32,82,114
06059,39049,113,0,113
06071,16001,45,68,113
29165,47157,77,36,113
48029,48329,90,23,113
06085,36029,34,78,112
09003,48453,0,112,112
01073,29189,7,105,112
47157,51107,112,0,112
09003,29165,47,65,112
28047,45083,111,0,111
04015,40143,0,111,111
39049,44003,111,0,111
38071,38093,29,81,110
11001,22017,110,0,110
06067,12011,23,87,110
29189,53063,85,25,110
28047,51087,0,109,109
06001,36029,109,0,109
36081,36119,0,108,108
29189,48141,46,62,108
25025,40109,102,5,107
40119,48303,54,53,107
21015,35001,8,98,106
12011,48141,6,100,106
04015,22051,106,0,106
20173,39035,14,92,106
32031,35001,44,62,106
06073,21111,1,104,105
05007,19155,54,51,105
04019,48453,104,0,104
04013,44003,97,7,104
09003,28047,104,0,104
12057,48303,19,84,103
27053,42043,0,103,103
06059,22051,102,1,103
48355,48453,103,0,103
36103,39049,7,95,102
48453,56025,101,0,101
06067,48329,0,101,101
12057,41051,49,52,101
36001,36029,0,100,100
22051,47157,8,92,100
34013,42079,0,100,100
21111,48453,33,66,99
12011,36055,99,0,99
34001,48453,0,99,99
26037,28047,99,0,99
04015,47065,99,0,99
06067,39035,98,0,98
06067,37183,65,33,98
36081,40109,36,62,98
36001,42003,97,0,97
17161,48113,97,0,97
06001,48303,6,91,97
36119,51107,94,3,97
32003,56025,97,0,97
29095,42101,97,0,97
18097,29189,25,71,96
12081,12095,94,0,94
08031,37025,94,0,94
12031,36071,0,94,94
48453,51710,0,94,94
06067,11001,25,68,93
25025,36001,0,93,93
36055,49035,93,0,93
35001,37119,91,2,93
21111,44003,5,88,93
12011,35001,85,8,93
22051,48329,67,25,92
04013,36001,80,12,92
36081,48355,0,92,92
36081,48141,41,50,91
32031,48029,69,22,91
48201,53063,34,57,91
19155,48453,30,60,90
39035,42003,90,0,90
06095,49035,90,0,90
12031,48029,12,78,90
22051,45019,76,14,90
34013,42101,0,90,90
29165,39035,25,64,89
37081,37183,89,0,89
25027,39035,0,89,89
25025,37081,89,0,89
06071,18097,44,44,88
06085,12057,57,31,88
06001,21015,87,0,87
12031,34001,87,0,87
34001,36081,87,0,87
36055,48113,7,79,86
06081,40143,85,0,85
06057,06081,51,34,85
06071,42101,85,0,85
17031,48303,52,31,83
06065,54039,0,83,83
28047,37129,41,41,82
06067,39049,10,72,82
12071,36055,50,32,82
08077,48201,0,82,82
37183,47157,82,0,82
06073,12031,65,17,82
04013,12031,32,49,81
06071,32031,79,0,79
18097,51710,0,79,79
13063,16001,4,75,79
22051,48061,6,72,78
06071,24003,78,0,78
06073,09003,40,38,78
25027,42003,0,78,78
37183,48375,78,0,78
16001,48453,0,78,78
29165,48141,40,38,78
16001,24003,0,77,77
29165,44003,27,50,77
35001,37183,76,0,76
04019,48355,76,0,76
22055,51710,0,76,76
12086,22079,76,0,76
01073,35001,61,15,76
06081,08077,70,6,76
19153,22055,75,0,75
22055,37119,0,74,74
16013,16083,0,74,74
13051,48355,74,0,74
05119,12033,0,74,74
17031,36103,71,2,73
25001,25007,38,35,73
36029,39095,72,0,72
06037,12005,9,63,72
51107,55079,72,0,72
06073,19153,71,0,71
29165,48355,71,0,71
36001,48113,9,62,71
06071,40109,23,48,71
01073,40143,71,0,71
21111,37147,71,0,71
29165,45019,26,44,70
06071,22051,23,47,70
12001,12031,69,0,69
12001,25025,0,69,69
12005,40143,69,0,69
06071,48453,69,0,69
26163,40143,0,69,69
01073,29165,57,12,69
29189,48041,68,0,68
05119,25025,0,68,68
12099,47037,9,59,68
19153,24003,0,68,68
19153,47037,68,0,68
04013,45019,58,10,68
27053,45083,0,68,68
05119,12057,4,63,67
04015,13245,67,0,67
29189,45083,0,67,67
48029,48355,0,67,67
09003,42003,67,0,67
13021,13245,0,67,67
12031,29165,44,23,67
08041,12091,0,66,66
21015,42003,66,0,66
22079,36063,66,0,66
12057,53063,64,2,66
05119,51107,0,65,65
12057,48061,65,0,65
25025,29095,0,65,65
12103,26163,0,65,65
12033,48029,65,0,65
06067,55079,46,19,65
04015,27071,0,65,65
06085,39035,1,64,65
06053,48441,64,0,64
27071,38015,0,64,64
48029,48453,64,0,64
12071,36103,64,0,64
05119,06081,64,0,64
05119,29019,63,0,63
37183,51087,0,63,63
45083,47037,0,63,63
09003,36055,1,62,63
06067,09003,63,0,63
36001,47157,0,62,62
09003,36029,0,62,62
29189,32031,36,26,62
32031,55079,24,38,62
06073,17163,0,62,62
19113,19153,0,62,62
22051,32031,47,15,62
12086,55079,0,61,61
45083,48113,0,61,61
12011,19155,39,22,61
18097,40109,60,0,60
29095,39035,60,0,60
29095,34013,0,60,60
36103,40109,60,0,60
24003,34013,60,0,60
06059,12057,0,60,60
12005,25025,5,55,60
16001,21015,0,60,60
12033,39049,0,59,59
40109,48453,51,8,59
04019,35001,0,59,59
29095,48439,0,59,59
17031,17163,0,59,59
06073,12005,0,58,58
12081,37183,58,0,58
06071,21111,32,26,58
17163,36081,0,58,58
12086,17163,58,0,58
17031,29095,0,58,58
12011,23005,4,54,58
29095,53033,0,57,57
06001,06057,33,24,57
06073,48375,57,0,57
08101,20175,2,55,57
06037,12103,57,0,57
29189,48329,24,33,57
23005,51710,0,57,57
24003,29095,57,0,57
36001,55079,0,57,57
06037,33015,32,24,56
17163,21015,0,56,56
35001,40109,53,3,56
12095,42071,0,56,56
13051,45063,56,0,56
32003,36103,54,2,56
29165,32031,52,3,55
19155,29095,0,55,55
06059,29165,11,44,55
48375,49035,55,0,55
12011,40109,55,0,55
22017,27053,0,55,55
12031,13051,5,49,54
24003,45083,0,54,54
12087,12099,33,21,54
06037,12071,50,4,54
12057,19153,54,0,54
40143,53033,54,0,54
06001,36001,0,53,53
06037,51087,53,0,53
06001,40143,36,17,53
45019,49035,53,0,53
33015,48029,26,27,53
48029,53063,20,33,53
26125,39035,0,53,53
48113,53063,45,8,53
48329,53033,53,0,53
12103,48113,0,52,52
12033,39035,0,52,52
29095,51107,0,52,52
29189,33015,30,22,52
18097,42003,43,9,52
12071,41051,0,52,52
29189,51710,0,51,51
36001,51710,22,29,51
37183,40143,51,0,51
06071,37183,0,51,51
36103,47037,51,0,51
30063,48453,0,51,51
06065,48453,51,0,51
28067,28075,1,50,51
27053,48141,7,44,51
16001,47037,0,51,51
48441,49035,0,51,51
22051,33015,51,0,51
05119,36081,17,34,51
12005,12057,51,0,51
18141,26055,0,50,50
36029,42077,50,0,50
12057,26125,50,0,50
39049,42079,50,0,50
34013,42077,0,50,50
18141,47157,0,50,50
18163,29189,50,0,50
18163,34013,0,50,50
12031,22051,20,30,50
08041,41039,0,50,50
01073,48329,5,45,50
08041,38015,0,50,50
23005,50007,0,50,50
40143,41051,46,4,50
06059,48141,0,49,49
12071,36029,49,0,49
19153,23005,49,0,49
08041,17143,49,0,49
18141,51087,0,49,49
36119,55079,49,0,49
19155,37183,27,22,49
06071,47037,2,47,49
19153,25025,4,44,48
40109,48329,22,26,48
21111,51087,48,0,48
04013,36103,0,48,48
18141,27109,48,0,48
21111,48029,5,42,47
26081,44003,0,47,47
04019,29189,47,0,47
45063,55079,47,0,47
12033,19153,47,0,47
32031,33015,47,0,47
18097,48141,47,0,47
06001,37183,25,22,47
44003,51710,0,47,47
19155,39049,1,46,47
29189,42027,46,0,46
42003,42079,46,0,46
44003,48201,25,21,46
19155,48061,0,46,46
12031,36001,46,0,46
16001,42003,46,0,46
12086,12099,46,0,46
36081,48061,0,46,46
34013,42027,0,46,46
06001,12103,0,46,46
19155,53063,19,27,46
19155,35001,43,3,46
37081,55079,46,0,46
13095,13215,45,0,45
51683,51700,22,23,45
12095,48061,28,17,45
18141,39113,0,45,45
41039,48201,0,45,45
56013,56033,27,18,45
29189,48061,45,0,45
12033,32003,34,10,44
40143,48329,0,44,44
23005,36001,44,0,44
16001,29165,40,4,44
16001,19155,44,0,44
19155,39035,6,38,44
37021,45083,44,0,44
22051,48303,44,0,44
12011,34003,21,22,43
13127,13245,43,0,43
40143,51107,43,0,43
19155,33015,43,0,43
44003,55079,33,10,43
08041,40109,42,0,42
06001,26081,11,31,42
25005,25007,19,23,42
36055,47037,42,0,42
12057,20173,42,0,42
18097,26125,21,21,42
17161,20173,0,42,42
06001,12033,0,42,42
32031,53063,0,42,42
18097,53063,30,11,41
18097,19155,0,41,41
24003,48355,39,2,41
22051,40143,12,29,41
40109,51087,41,0,41
22051,36029,0,40,40
12071,48113,18,22,40
35001,51107,40,0,40
13051,37183,40,0,40
26081,48113,4,36,40
39049,45083,27,13,40
23005,48201,40,0,40
33015,39049,0,40,40
12011,48303,7,33,40
04013,17163,20,20,40
04013,12071,40,0,40
42003,55025,0,40,40
06037,06059,0,39,39
12057,12091,16,23,39
33015,48201,3,36,39
35001,36029,0,39,39
50007,56039,39,0,39
09003,18097,28,11,39
06083,39035,39,0,39
19155,41039,0,39,39
45019,48141,38,0,38
06059,24003,0,38,38
29165,36055,38,0,38
06085,42003,2,36,38
06071,47157,10,28,38
19153,39035,38,0,38
06001,39035,0,38,38
05119,35001,28,10,38
26163,48329,0,38,38
36001,48029,31,7,38
22051,51710,1,37,38
09003,41051,27,11,38
01073,48453,33,4,37
11001,48061,0,37,37
26163,35001,0,37,37
06073,36001,0,37,37
06073,39049,18,18,36
04013,48061,0,36,36
16001,29189,3,33,36
22051,36055,36,0,36
06073,45019,10,26,36
05119,06085,20,16,36
06081,48141,0,36,36
36029,41051,24,12,36
11001,48141,33,2,35
04019,42101,32,3,35
09003,51770,0,35,35
48029,51087,35,0,35
06001,48061,35,0,35
34013,41017,0,35,35
06001,40109,17,18,35
36081,42077,35,0,35
06073,36029,2,32,34
06001,42003,27,7,34
34003,36103,13,21,34
12005,36081,6,28,34
23005,47037,0,34,34
12099,29165,12,22,34
06001,48355,0,34,34
46099,55087,34,0,34
42003,48329,23,11,34
06085,48303,5,29,34
51107,55025,0,34,34
48201,50007,34,0,34
06059,12031,0,34,34
01073,06073,2,32,34
06097,48309,34,0,34
12071,49035,33,0,33
35001,36103,25,8,33
22051,53063,33,0,33
21015,33015,5,28,33
48061,48329,0,33,33
25001,36119,9,24,33
12099,51710,0,33,33
12095,48329,32,0,32
06071,48303,32,0,32
41051,53071,0,32,32
29189,48303,7,25,32
48061,48441,32,0,32
05119,53063,0,32,32
16001,35001,32,0,32
35001,44003,0,31,31
22051,41051,31,0,31
06071,44003,31,0,31
32003,51087,31,0,31
38017,41051,0,31,31
12011,53063,0,31,31
12033,48329,7,24,31
24003,51107,0,30,30
12057,48141,0,30,30
32031,40143,30,0,30
19155,32031,0,30,30
04019,40109,18,12,30
01073,04013,27,3,30
06001,12099,11,19,30
21111,32031,30,0,30
47157,53033,0,30,30
37183,40109,0,30,30
04019,12057,0,29,29
16001,18097,0,29,29
25025,48061,0,29,29
06067,40143,18,11,29
19155,42003,0,29,29
25025,36119,16,13,29
29165,51710,0,29,29
08041,19113,29,0,29
01073,37183,22,7,29
06071,40143,29,0,29
12031,29189,27,2,29
06085,20173,18,11,29
06081,56007,15,13,28
36103,51710,0,28,28
29189,36029,25,3,28
04019,47037,7,21,28
48029,51710,0,28,28
33015,51710,0,28,28
06059,36081,6,22,28
12071,37183,23,5,28
44003,49035,2,26,28
26163,41029,0,28,28
36029,49035,28,0,28
45019,47065,28,0,28
21111,48329,28,0,28
16001,42101,0,28,28
05119,37183,0,27,27
26055,48303,27,0,27
21111,45019,27,0,27
06085,44003,1,26,27
51087,55079,0,27,27
01073,22051,0,27,27
08031,36103,14,13,27
06037,45051,27,0,27
12033,42003,0,27,27
18097,36055,0,27,27
11001,42079,27,0,27
06065,06067,14,13,27
20173,42101,27,0,27
18097,47037,0,27,27
40143,47157,22,4,26
25019,25021,9,17,26
09009,25019,16,10,26
06059,48329,26,0,26
47037,48303,26,0,26
12005,48329,23,2,25
06073,51087,2,23,25
36081,40143,25,0,25
18097,48061,25,0,25
42003,47157,0,25,25
33015,39035,25,0,25
06037,34003,14,11,25
12031,21111,25,0,25
12009,13051,25,0,25
26081,41051,25,0,25
24003,36067,0,25,25
37183,48141,24,0,24
06037,36001,24,0,24
06037,45083,11,13,24
39049,48355,24,0,24
51710,55079,24,0,24
51107,53063,0,24,24
11001,48303,0,24,24
05091,06071,12,12,24
35001,39035,7,17,24
12071,22051,24,0,24
40109,53063,24,0,24
18097,51087,0,24,24
39035,39049,24,0,24
12071,32003,18,5,23
06067,48375,5,18,23
26077,55079,23,0,23
06037,06055,9,14,23
40143,47037,23,0,23
12005,48029,14,9,23
32031,51107,23,0,23
47157,51710,7,16,23
09003,55079,1,22,23
48061,48141,23,0,23
18097,35001,19,4,23
04019,36001,23,0,23
04013,33015,0,23,23
13063,48303,2,21,23
35001,39049,13,9,22
47037,48061,0,22,22
36029,53033,22,0,22
12005,39049,0,22,22
05119,24003,0,22,22
12033,53033,9,13,22
32031,42003,0,22,22
06001,12031,4,18,22
12005,36103,0,22,22
41051,55079,0,22,22
12099,39049,19,2,21
04019,44003,6,15,21
25025,35001,17,4,21
12057,40109,21,0,21
36103,48201,0,21,21
01073,06071,21,0,21
17031,47149,21,0,21
47157,48303,0,21,21
06059,36029,21,0,21
37183,51710,1,20,21
12095,48303,7,14,21
12033,36081,18,3,21
29165,53063,0,21,21
23013,36119,12,9,21
06071,55079,0,21,21
23019,36001,21,0,21
11001,51107,21,0,21
06059,37119,20,0,20
33015,49035,0,20,20
45019,55079,4,16,20
35001,53063,20,0,20
26081,51700,20,0,20
12005,48375,5,15,20
06071,12005,16,4,20
21111,37183,0,20,20
12071,36001,20,0,20
40143,48303,14,6,20
22051,45083,20,0,20
48441,55025,0,20,20
08077,48375,20,0,20
32031,36001,20,0,20
12033,47157,19,0,19
01073,09003,0,19,19
06071,51107,0,19,19
32031,51710,0,19,19
06059,12071,0,19,19
12011,32031,19,0,19
06037,45019,19,0,19
06085,39049,19,0,19
35001,42003,0,19,19
04013,48375,8,11,19
26163,32031,0,19,19
32003,33015,0,19,19
36109,36119,9,10,19
26081,29189,0,19,19
40109,45019,0,19,19
17019,39113,9,9,18
12009,12031,0,18,18
06037,35049,9,9,18
12095,48355,0,18,18
06067,42003,18,0,18
12033,37183,3,15,18
04013,12099,4,14,18
36029,44003,4,14,18
06085,09003,0,18,18
25025,48141,18,0,18
13063,48375,18,0,18
16001,37183,18,0,18
13063,53063,0,18,18
25017,36103,9,9,18
05119,06059,0,18,18
32003,44003,2,16,18
12099,29189,9,9,18
35001,51710,18,0,18
17031,48329,0,17,17
08041,36081,0,17,17
29165,36029,5,12,17
17161,27109,17,0,17
06071,36029,17,0,17
06085,26081,17,0,17
48029,55079,6,11,17
06065,42003,17,0,17
06067,46099,17,0,17
40143,48141,17,0,17
46099,53033,17,0,17
36001,40109,17,0,17
21111,49035,0,17,17
35001,48303,13,4,17
12099,33015,0,17,17
13063,48061,17,0,17
40109,41029,17,0,17
17031,34003,5,12,17
32003,36055,13,3,16
25021,36119,8,8,16
29165,48375,10,6,16
22079,48027,16,0,16
06071,06073,8,8,16
06067,19153,16,0,16
06085,48329,3,13,16
04027,06037,8,8,16
19153,22051,16,0,16
12071,48453,16,0,16
36029,48201,16,0,16
12031,41051,16,0,16
33005,34003,8,8,16
12099,22051,0,16,16
21111,48141,16,0,16
12095,53063,0,16,16
25025,53063,16,0,16
40109,48061,15,0,15
13051,42079,0,15,15
05119,48029,10,5,15
17031,55125,10,5,15
51087,55025,6,9,15
05091,17031,7,8,15
42101,48061,15,0,15
19155,45019,15,0,15
12071,48029,15,0,15
06059,40143,0,15,15
16001,40109,15,0,15
25017,34003,10,4,14
34027,54099,7,7,14
12057,16001,3,11,14
05119,49035,14,0,14
06067,12031,0,14,14
01073,18097,14,0,14
06001,09003,0,14,14
38017,53033,0,14,14
41051,48375,14,0,14
19155,55079,0,14,14
01089,21015,0,14,14
06081,12071,14,0,14
39049,55079,14,0,14
08097,36119,13,1,14
12031,55079,14,0,14
47157,48141,0,14,14
23005,29165,1,13,14
12095,13051,13,0,13
09003,48029,2,11,13
09003,20173,0,13,13
06059,42101,13,0,13
04019,48029,0,13,13
23005,25019,13,0,13
08041,26081,0,13,13
12031,23005,0,13,13
12031,35001,2,11,13
06071,51710,0,13,13
33015,48113,5,8,13
12033,24003,0,13,13
33015,36055,13,0,13
33001,36119,6,7,13
06071,36001,0,12,12
06081,25007,12,0,12
32031,37183,12,0,12
12005,53033,0,12,12
06081,19153,0,12,12
25019,42091,8,4,12
04019,18097,0,12,12
34013,53063,0,12,12
06073,48329,5,7,12
36055,44003,10,2,12
26081,48141,0,12,12
06083,08037,6,6,12
06085,34003,4,8,12
05119,12095,12,0,12
08045,36119,0,12,12
24003,40143,0,12,12
19153,37183,12,0,12
36055,48201,5,7,12
25017,36081,6,6,12
12031,12071,12,0,12
18097,36071,12,0,12
53053,53055,5,7,12
48303,48355,11,0,11
41051,45019,11,0,11
19155,51710,1,10,11
12095,25017,0,11,11
06067,36029,10,1,11
06071,19153,0,11,11
22051,48355,2,9,11
33009,44009,7,4,11
06071,42003,11,0,11
05119,39035,11,0,11
12095,45019,11,0,11
06037,23005,11,0,11
32031,44003,0,11,11
40143,55079,11,0,11
05119,48303,10,0,10
26081,48453,10,0,10
12086,34003,0,10,10
22055,37183,0,10,10
41051,48329,0,10,10
06001,48329,10,0,10
06073,34003,7,3,10
36029,40109,0,10,10
12057,32031,8,2,10
29189,42079,10,0,10
21015,23005,0,10,10
48303,53033,10,0,10
18097,19153,10,0,10
09009,34003,5,5,10
05031,05119,5,5,10
21015,41051,10,0,10
21111,40143,1,9,10
47009,47149,5,5,10
33015,35001,10,0,10
45019,48329,10,0,10
08031,12099,1,9,10
34003,36061,5,5,10
36119,44005,3,7,10
08005,32003,0,9,9
12005,44003,5,4,9
12011,41051,9,0,9
08041,47037,4,5,9
29165,36067,9,0,9
06037,12033,7,2,9
11001,12005,7,2,9
36055,40109,9,0,9
18097,33015,0,9,9
08097,34003,0,9,9
39049,45063,9,0,9
23019,51087,9,0,9
12057,36067,9,0,9
12011,16001,0,9,9
21111,36029,8,1,9
35001,36001,7,2,9
33015,36119,5,4,9
33015,40109,9,0,9
04019,39035,9,0,9
06073,56029,0,9,9
34003,35049,0,9,9
34003,39049,0,9,9
06083,08045,9,0,9
06059,48303,0,9,9
06059,47065,9,0,9
25001,34003,0,9,9
25025,36103,4,5,9
25009,25019,5,4,9
12071,53033,0,9,9
36071,51087,9,0,9
34003,48201,0,8,8
09009,37025,4,4,8
13089,34021,7,1,8
01073,41051,8,0,8
09001,23017,4,4,8
12099,48453,0,8,8
12005,47149,8,0,8
05031,47149,4,4,8
36029,51087,0,8,8
34003,53033,4,4,8
01073,44003,6,2,8
12033,55079,5,3,8
12073,12099,0,8,8
05119,48141,8,0,8
21111,29165,0,8,8
25017,36119,3,5,8
36081,48303,8,0,8
22051,48375,0,8,8
05119,45019,0,8,8
06037,27109,8,0,8
01089,29189,0,8,8
12073,27053,0,8,8
06067,26081,7,1,8
12095,48375,0,8,8
36001,53033,0,8,8
24003,36119,4,4,8
12031,49035,8,0,8
36001,53063,8,0,8
48157,51770,8,0,8
24003,48329,8,0,8
41051,48141,2,6,8
23005,36029,8,0,8
25019,33001,4,4,8
12011,48061,8,0,8
34027,37125,0,8,8
08005,12099,4,4,8
12005,42101,8,0,8
06083,34003,8,0,8
06053,55117,4,4,8
06053,48113,8,0,8
12057,45083,8,0,8
25019,34021,8,0,8
33015,36103,0,8,8
40143,42101,8,0,8
06071,21015,8,0,8
29165,33015,8,0,8
26081,36055,0,8,8
32003,45019,4,3,7
39035,41051,7,0,7
26125,47037,4,3,7
35001,48061,7,0,7
12011,40143,0,7,7
29165,36103,0,7,7
12099,53033,7,0,7
25019,34027,2,5,7
04011,04013,7,0,7
12099,36029,7,0,7
06081,12005,7,0,7
39049,40109,0,7,7
11001,51770,0,7,7
48141,48375,2,5,7
36055,51087,7,0,7
04013,12005,0,7,7
08005,13089,7,0,7
06059,55079,7,0,7
48141,48355,7,0,7
05119,48453,0,7,7
37081,54081,0,7,7
06083,16055,7,0,7
21111,51710,0,7,7
25021,34003,7,0,7
06053,23031,0,7,7
06081,48329,0,7,7
37119,48141,0,7,7
12095,19153,0,7,7
53033,55025,7,0,7
49035,56021,7,0,7
12033,48141,0,7,7
26163,34001,0,7,7
06085,16013,7,0,7
01089,26049,0,7,7
05091,13089,4,3,7
30111,55025,0,6,6
08005,08097,0,6,6
06073,38017,6,0,6
39049,51710,0,6,6
06037,56007,2,4,6
09001,23013,0,6,6
01073,19153,0,6,6
12071,45083,0,6,6
36015,51770,0,6,6
01073,12031,0,6,6
36055,37183,6,0,6
12005,12091,0,6,6
12011,48329,0,6,6
12005,26081,6,0,6
06085,40109,0,6,6
26081,36103,6,0,6
32003,48061,6,0,6
27053,48375,6,0,6
12031,36109,6,0,6
27053,48303,0,6,6
06001,25017,6,0,6
12005,51710,0,6,6
04019,12011,6,0,6
08005,27053,0,6,6
13089,47037,0,6,6
47009,47157,3,3,6
12011,13051,6,0,6
29189,36109,6,0,6
36001,48453,0,6,6
09001,23029,6,0,6
36119,50023,0,6,6
36001,47037,0,6,6
11001,48329,4,2,6
06083,06085,0,6,6
01089,18097,0,6,6
01089,47037,0,6,6
08005,48201,6,0,6
01073,36103,6,0,6
25007,33015,3,3,6
06017,06037,0,6,6
39049,47157,6,0,6
08097,48371,0,6,6
06085,36001,6,0,6
29189,51770,0,6,6
06085,11001,1,5,6
35001,40143,0,5,5
17031,17097,3,2,5
06081,48303,0,5,5
05119,41051,0,5,5
25025,34003,4,1,5
19155,40143,5,0,5
18097,44003,0,5,5
20173,42003,5,0,5
09001,36119,0,5,5
06001,12071,5,0,5
12033,16001,5,0,5
04019,12005,0,5,5
12031,48303,4,1,5
05119,06001,0,5,5
25025,34021,0,5,5
36081,36103,0,5,5
21111,47037,5,0,5
44003,45063,5,0,5
34003,50007,3,2,5
05119,48355,0,5,5
23005,32003,0,5,5
25019,36103,3,2,5
06073,48355,0,5,5
26081,37183,5,0,5
12005,37183,0,5,5
09001,25019,5,0,5
12071,41039,5,0,5
06037,51710,5,0,5
09011,34003,5,0,5
32003,34025,5,0,5
39113,47157,5,0,5
48371,48453,0,5,5
40109,48029,0,5,5
11001,48355,5,0,5
35001,48375,5,0,5
23009,36119,5,0,5
06037,13089,2,3,5
48303,49035,5,0,5
04013,12073,5,0,5
12071,51710,5,0,5
35001,48141,1,4,5
01089,29165,0,5,5
06059,44003,0,5,5
29165,36001,5,0,5
36001,39049,0,5,5
06059,21111,0,5,5
06037,12099,0,5,5
26081,30029,0,5,5
12031,12099,5,0,5
06037,36055,0,4,4
05091,06059,0,4,4
33007,34003,0,4,4
05091,39093,4,0,4
23005,48029,4,0,4
05091,49035,4,0,4
42101,44005,4,0,4
21111,39035,4,0,4
25019,51107,0,4,4
16083,36081,0,4,4
36029,40143,4,0,4
01073,55079,4,0,4
01089,12099,2,2,4
36029,36119,1,3,4
09009,23005,2,2,4
17031,56007,0,4,4
39035,42077,0,4,4
40143,48061,4,0,4
37183,48061,4,0,4
25017,48113,0,4,4
36055,48453,3,1,4
36031,36119,1,3,4
36103,55079,4,0,4
24003,55025,4,0,4
06083,34013,0,4,4
19057,21111,0,4,4
27109,34003,0,4,4
12011,20173,0,4,4
04019,37183,0,4,4
25005,34003,1,3,4
44003,53033,0,4,4
29165,48303,3,1,4
08037,56039,2,2,4
24021,37055,2,2,4
04019,20173,4,0,4
12021,17031,0,4,4
10005,36119,4,0,4
04019,40143,4,0,4
34003,34015,4,0,4
24041,25017,2,2,4
12005,48141,0,4,4
24043,36119,2,2,4
06037,47131,0,4,4
08067,22033,4,0,4
12005,12095,4,0,4
25003,36103,0,4,4
23019,55025,0,4,4
06059,48375,0,4,4
06067,48061,0,4,4
06073,39113,4,0,4
36001,37081,0,4,4
04005,06037,4,0,4
39061,48113,4,0,4
12057,48329,4,0,4
23005,55079,4,0,4
29189,36067,4,0,4
18097,36103,4,0,4
06067,21111,0,4,4
29189,36055,0,4,4
06097,49035,4,0,4
34027,47157,2,2,4
23005,36103,4,0,4
19155,36029,0,4,4
40109,48355,4,0,4
09009,34027,4,0,4
19155,40109,0,4,4
40143,48355,4,0,4
09003,36103,2,2,4
40143,42003,0,4,4
12057,26081,0,4,4
48375,53033,0,4,4
06073,36067,4,0,4
06037,08005,4,0,4
12071,19155,4,0,4
08005,48113,4,0,4
12071,19153,4,0,4
12099,45019,4,0,4
06037,06057,4,0,4
36001,48201,4,0,4
23031,36119,2,2,4
05119,48329,1,3,4
20173,55079,4,0,4
04005,34003,0,4,4
06085,34015,2,2,4
39035,47157,0,4,4
08097,42101,4,0,4
19155,47009,3,0,3
19155,26081,0,3,3
09009,36103,0,3,3
36103,44003,1,2,3
18097,47157,0,3,3
29165,40143,3,0,3
01073,06059,3,0,3
47157,48061,0,3,3
55025,56039,0,3,3
06097,34027,3,0,3
12033,20173,0,3,3
06067,12005,3,0,3
18097,48029,3,0,3
04019,12095,3,0,3
53033,53035,3,0,3
18163,51003,3,0,3
48141,53063,3,0,3
48453,53063,3,0,3
06083,47037,3,0,3
09009,37129,3,0,3
04019,11001,3,0,3
01073,48375,0,3,3
12086,13089,3,0,3
12005,12011,3,0,3
33013,36119,2,1,3
19155,29165,3,0,3
21111,47157,3,0,3
06085,37119,0,3,3
20173,32031,0,3,3
17143,29077,0,3,3
25019,33009,0,3,3
37183,45063,3,0,3
06059,39035,1,2,3
41029,55025,0,3,3
08101,39113,0,3,3
36055,50007,3,0,3
12005,36055,3,0,3
22051,36001,3,0,3
06081,23005,0,3,3
09003,35001,0,3,3
36119,50015,3,0,3
06001,34003,3,0,3
23005,34003,2,1,3
06029,06059,0,3,3
26007,26047,3,0,3
26145,36119,0,3,3
26145,34003,3,0,3
06073,08101,0,3,3
40109,42003,3,0,3
06081,36103,0,3,3
23009,34003,3,0,3
09003,47157,3,0,3
06001,45019,0,3,3
37119,48375,3,0,3
24003,48303,0,3,3
06059,12127,3,0,3
34003,48453,3,0,3
06059,12005,0,3,3
12005,48355,3,0,3
34003,36029,3,0,3
06053,36119,0,3,3
36119,42065,2,1,3
37119,48329,0,3,3
23003,51107,0,3,3
12033,48355,0,3,3
19155,36103,2,0,2
06001,36055,2,0,2
35001,48329,2,0,2
23003,36029,0,2,2
25017,34021,0,2,2
12005,39035,2,0,2
06073,36055,0,2,2
26163,45063,2,0,2
25003,34003,0,2,2
29189,54025,0,2,2
06001,20173,0,2,2
29189,30031,0,2,2
20173,26163,2,0,2
25009,42101,2,0,2
26081,40109,0,2,2
12031,48329,0,2,2
23005,36055,2,0,2
48329,48375,2,0,2
09003,40143,0,2,2
09009,33015,0,2,2
25017,25019,1,1,2
36103,48453,2,0,2
06059,39093,0,2,2
48355,48375,0,2,2
37147,47009,0,2,2
08037,36119,2,0,2
08031,47065,2,0,2
51700,51770,0,2,2
26163,53063,0,2,2
30111,47037,2,0,2
12021,36119,1,1,2
36055,36119,1,1,2
08031,34003,1,1,2
25017,53033,2,0,2
24003,45045,2,0,2
12011,12097,0,2,2
25017,37055,1,1,2
36041,42101,0,2,2
36001,37021,0,2,2
01073,48141,2,0,2
09003,32031,2,0,2
09009,50007,2,0,2
06037,34027,0,2,2
36081,48329,2,0,2
06037,25017,1,1,2
29189,36119,0,2,2
06037,08007,2,0,2
29189,36103,2,0,2
25003,34013,0,2,2
04013,12033,0,2,2
09009,36109,2,0,2
25009,36041,0,2,2
41011,53033,0,2,2
20173,49035,0,2,2
11001,53063,0,2,2
06085,17097,0,2,2
32031,40109,0,2,2
09001,39049,1,1,2
42043,44003,2,0,2
21111,22051,0,2,2
32031,45019,0,2,2
21111,34003,0,2,2
06083,48113,0,2,2
12033,51710,2,0,2
34003,55125,0,2,2
34003,51107,2,0,2
36119,50007,2,0,2
36103,44009,1,1,2
04019,05119,2,0,2
25003,42101,0,2,2
33007,36103,2,0,2
33009,34021,2,0,2
33009,36109,0,2,2
12011,12086,0,2,2
24019,34003,1,1,2
34003,42101,2,0,2
09003,53063,2,0,2
16001,40143,2,0,2
36119,44009,0,2,2
44003,47157,2,0,2
45051,51107,2,0,2
33015,50007,0,2,2
04019,24003,2,0,2
32031,34013,2,0,2
36055,47157,2,0,2
12031,53063,0,2,2
48029,56039,2,0,2
06085,21111,0,2,2
25003,36081,2,0,2
12031,53033,2,0,2
25009,34003,0,2,2
21015,36001,0,2,2
21015,39035,2,0,2
21111,48303,1,0,1
12031,12033,1,0,1
06085,33015,0,1,1
01073,28121,0,1,1
06037,48355,1,0,1
10003,36103,1,0,1
37129,42043,0,1,1
37129,48201,0,1,1
36067,55025,1,0,1
12005,35001,0,1,1
06085,30031,1,0,1
18097,36001,1,0,1
06001,06065,0,1,1
19153,42003,0,1,1
48141,48329,1,0,1
01073,48355,0,1,1
41051,44003,1,0,1
29189,50007,1,0,1
37183,48303,0,1,1
37183,48329,1,0,1
06037,48375,1,0,1
12095,20173,0,1,1
34003,51710,0,1,1
08031,36055,0,1,1
24003,53063,1,0,1
06059,13089,0,1,1
04019,26081,0,1,1
06059,12095,1,0,1
09001,36103,0,1,1
06059,29169,1,0,1
45019,48303,0,1,1
11001,16001,0,1,1
01073,06067,1,0,1
12031,50007,0,1,1
05119,48375,0,1,1
20173,40143,0,1,1
06073,44003,0,1,1
06059,09003,0,1,1
06059,08005,0,1,1
45063,51087,0,1,1
22051,23005,0,1,1
29165,46099,1,0,1
18059,55079,0,1,1
34003,42003,1,0,1
06079,06083,0,1,1
01073,12071,0,1,1
18003,47065,1,0,1
06059,37183,1,0,1
12031,37129,0,1,1
19153,48453,0,1,1
21067,25025,0,1,1
05119,29165,1,0,1
06085,40143,1,0,1
40109,40143,1,0,1
25007,36103,0,1,1
12057,45019,1,0,1
48303,53063,1,0,1
06067,30111,1,0,1
40109,44003,0,1,1
04013,34003,0,1,1
21015,48029,1,0,1
06059,46099,1,0,1
26077,46099,1,0,1
21015,47037,0,1,1
23005,51087,1,0,1
21015,46099,1,0,1
36103,36119,0,1,1
06081,36001,1,0,1
06073,26081,1,0,1
06097,08005,1,0,1
06059,48061,0,1,1
06081,34003,0,1,1
35001,42043,1,0,1
17097,33009,0,1,1
48329,53063,1,0,1
33015,37081,1,0,1
23005,45019,0,1,1
36001,40143,0,1,1
25007,34025,1,0,1
12071,33015,1,0,1
12033,45019,0,1,1
13089,34003,0,1,1
06071,48141,1,0,1
06071,48329,0,1,1
12099,23005,1,0,1
12005,45019,0,1,1
01089,47157,0,1,1
04005,04015,1,0,1
06001,12005,0,1,1
12086,36119,1,0,1
12099,32003,0,1,1
34025,51683,1,0,1
06065,06083,0,1,1
06085,34027,0,1,1
12099,47009,1,0,1
26081,51710,1,0,1
42043,51770,1,0,1
36061,36081,0,1,1
21067,47037,1,0,1
08005,34003,0,1,1
12099,48029,0,1,1
13063,48355,1,0,1
