geoid_a,geoid_b,pax_ab,pax_ba,passengers
06037,32003,159728,160189,319917
06037,06081,153022,151605,304627
06037,36081,142767,139555,282322
17031,36081,133883,133485,267368
12095,13063,117487,117867,235354
06037,17031,117781,113950,231731
12086,36081,115418,114694,230112
13063,36081,114345,112414,226759
12011,13063,104675,105987,210662
12011,36081,100153,102651,202804
12095,36081,100222,101848,202070
06037,53033,98175,98018,196193
04013,17031,95038,97421,192459
12095,17031,92514,93805,186319
08031,17031,90193,93027,183220
04013,06037,90083,88000,178083
06001,06037,85780,85211,170991
06037,08031,83101,87723,170824
04013,08031,84642,84781,169423
06037,13063,82213,87064,169277
06037,48439,82715,85122,167837
13063,17031,83070,82397,165467
06037,06085,82539,81941,164480
17031,32003,82482,79701,162183
06037,48201,79672,79432,159104
25025,36081,81983,75948,157931
06037,06067,77622,78723,156345
12057,13063,77208,77781,154989
12095,34013,76191,78717,154908
06037,49035,76542,78356,154898
08031,48201,76497,75743,152240
17031,27053,74007,71278,145285
06081,53033,71810,72407,144217
08031,32003,72701,71109,143810
13063,48201,72154,70248,142402
17031,48439,71412,69524,140936
06081,36081,70562,69903,140465
06081,32003,68950,70555,139505
12011,34013,68800,69556,138356
12086,13063,68589,69564,138153
36081,37119,68734,68666,137400
12095,42101,67229,69253,136482
13063,25025,68162,68119,136281
06081,17031,66980,68128,135108
36081,48439,66273,68513,134786
17031,48201,67236,65712,132948
04013,27053,63368,66041,129409
32003,53033,62919,64562,127481
04013,53033,61935,64266,126201
13063,48439,63175,60965,124140
06037,41051,60339,61557,121896
32003,48439,60014,60956,120970
13063,26163,60090,58706,118796
08031,48439,59427,59367,118794
11001,13063,57325,59524,116849
06081,34013,59563,56723,116286
12095,26163,56392,59215,115607
08031,49035,58311,57279,115590
17031,25025,56765,58672,115437
06073,06081,57981,55865,113846
08031,13063,56906,56648,113554
11001,17031,57967,55195,113162
06037,25025,56629,56321,112950
12071,17031,55037,56706,111743
06081,08031,55017,56343,111360
13063,27053,55024,55884,110908
13063,32003,55638,54888,110526
22051,48201,53006,56836,109842
08031,53033,55921,53775,109696
12031,13063,54211,55431,109642
12057,17031,54039,55429,109468
12095,48201,54121,53182,107303
13063,24003,52541,54470,107011
12086,17031,53140,53628,106768
32003,48201,53219,53439,106658
04013,32003,55056,51381,106437
06037,34013,54039,52236,106275
13063,34013,53610,52589,106199
17031,34013,51912,53550,105462
48201,48439,52101,53228,105329
13063,22051,54538,50461,104999
08031,27053,51523,53227,104750
12011,17031,51651,52888,104539
12095,48439,53185,51301,104486
11001,25025,51590,52420,104010
04013,48439,52156,51359,103515
13063,37183,51531,51691,103222
12095,37119,51355,51459,102814
12086,48439,52081,50199,102280
12099,36081,49830,52306,102136
12095,25025,48535,53530,102065
13063,42101,50474,50655,101129
08031,36081,50210,50810,101020
12095,27053,48268,51682,99950
41051,53033,48575,49029,97604
04013,49035,47294,48182,95476
12099,13063,46928,47864,94792
17031,26163,46043,48284,94327
06073,08031,46808,47457,94265
04013,06073,47864,45379,93243
17031,42101,46296,46283,92579
06073,53033,45074,46134,91208
06081,41051,46110,44668,90778
17031,53033,46256,44510,90766
12095,24003,44272,45762,90034
08031,12095,44238,45091,89329
13063,47037,44505,44300,88805
06073,06085,45154,43458,88612
48113,48201,44040,44422,88462
06081,25025,43818,44192,88010
12071,13063,43230,44369,87599
53033,53063,43557,42924,86481
12011,24003,41798,44658,86456
25025,42101,44812,41206,86018
04013,48201,42615,42956,85571
12071,26163,41683,43458,85141
04013,06081,42867,42010,84877
13063,49035,42509,42211,84720
04013,13063,41669,43019,84688
27053,32003,43463,40942,84405
17031,37119,41034,43190,84224
06067,06073,42001,41944,83945
06073,17031,41462,42461,83923
12057,37119,41706,42072,83778
06085,53033,41386,42204,83590
34013,48201,42386,41046,83432
37119,48439,41775,41624,83399
48201,48453,41994,41399,83393
12071,27053,40243,42146,82389
32003,36081,40918,40548,81466
25025,37119,40914,40236,81150
48029,48439,39888,41171,81059
48439,48453,40712,40216,80928
06073,32003,40222,40620,80842
06081,48439,38888,41854,80742
06001,32003,40116,40345,80461
12057,36081,38664,41146,79810
06059,06085,39319,40201,79520
12011,42101,39055,40458,79513
04013,37119,39049,39598,78647
04013,06059,40171,38375,78546
13063,18097,39239,39034,78273
17031,24003,38054,39221,77275
08031,48453,37932,38502,76434
04013,41051,37818,38536,76354
06037,12095,38378,37935,76313
13063,29189,37807,37698,75505
17031,29189,38158,37194,75352
12099,34013,36576,38611,75187
12011,25025,36719,38411,75130
48439,49035,38363,36640,75003
26163,36081,38066,36878,74944
42101,48439,37263,37570,74833
06037,12086,37326,37347,74673
06073,48439,37106,37410,74516
13063,51087,37082,37161,74243
12071,25025,34947,39211,74158
32003,49035,36721,37419,74140
17031,39035,36705,36304,73009
48029,48201,36167,36786,72953
48439,53033,36553,36202,72755
26163,32003,36437,36061,72498
37119,42101,36235,35905,72140
06081,13063,35604,36143,71747
12086,34013,35866,35798,71664
13063,37119,35872,35587,71459
13063,39049,34974,35860,70834
13063,48453,35027,35786,70813
06081,48201,35632,35123,70755
17031,29165,35596,34903,70499
17031,47037,35824,34615,70439
24003,25025,35056,35214,70270
11001,12086,34500,35622,70122
12011,26163,34300,35071,69371
13063,29165,34754,34409,69163
25025,34013,34698,34388,69086
06037,27053,33936,34712,68648
17031,39049,34646,33875,68521
36081,48201,33857,34560,68417
12011,48439,34045,34266,68311
49035,53033,34332,33446,67778
12057,26163,32803,34845,67648
12057,48201,33545,33832,67377
06037,51107,34519,32794,67313
34013,37119,34092,33062,67154
12086,42101,32664,34315,66979
06037,42101,33089,33716,66805
11001,12095,33899,32749,66648
12057,48439,33600,32939,66539
12011,48201,33137,33155,66292
08031,41051,33058,32907,65965
06037,48453,32316,33296,65612
17031,49035,33113,32483,65596
12086,12095,32943,32570,65513
06059,53033,31884,32981,64865
06059,48439,32112,32579,64691
06059,08031,31678,32974,64652
36081,53033,31780,32851,64631
08031,29165,31699,32589,64288
17031,48453,32138,32108,64246
13063,47157,31845,32352,64197
12086,37119,31108,33048,64156
32003,41051,31805,32225,64030
13063,45019,31895,31921,63816
12057,42101,30940,32666,63606
06085,32003,31470,32082,63552
17031,22051,32264,31217,63481
04013,06067,31908,31464,63372
06081,51107,31883,31400,63283
13063,42003,30648,32523,63171
04013,06085,31326,31513,62839
27053,53033,32097,30333,62430
11001,48439,31097,30793,61890
08031,34013,31523,30355,61878
24003,37119,30989,30599,61588
12057,25025,29466,31619,61085
12086,25025,30171,30891,61062
04013,06071,31178,29579,60757
13063,53033,30624,29941,60565
13063,48029,30767,29762,60529
04013,42101,29798,30466,60264
13063,39035,29307,30820,60127
13063,45083,29540,30474,60014
08031,12057,30109,29668,59777
36081,37183,29865,29856,59721
12099,25025,28688,30644,59332
06073,48201,30087,29220,59307
12086,48201,29680,29390,59070
06001,06073,29730,29202,58932
06037,26163,28870,30044,58914
12011,37119,29901,29002,58903
27053,48439,29999,28902,58901
37119,37183,28472,30362,58834
11001,36081,29170,29649,58819
08031,26163,28255,30197,58452
27053,36081,29515,28587,58102
04013,36081,28985,28792,57777
08031,25025,27741,29785,57526
36081,49035,29034,28226,57260
12057,27053,27762,29495,57257
26163,27053,28473,28612,57085
13063,55079,28328,28751,57079
17031,42003,27771,29292,57063
25025,48439,28613,28177,56790
37119,47037,28700,27815,56515
06067,08031,28036,28200,56236
08031,12011,27847,28273,56120
08031,42101,27908,27951,55859
13063,48113,27957,27761,55718
26163,48439,28171,27534,55705
17031,21015,27741,27947,55688
06037,37119,28469,26988,55457
32003,34013,27352,28051,55403
06037,22051,28419,26970,55389
01073,13063,27875,27477,55352
32003,32031,27221,28066,55287
08031,24003,27507,27770,55277
04013,06001,28323,26926,55249
08031,51107,27595,27403,54998
06073,13063,27278,27119,54397
17031,18097,27422,26857,54279
08031,37119,26741,27362,54103
04013,26163,26805,27295,54100
06067,53033,26722,26928,53650
37119,48201,26625,26718,53343
04013,48453,26472,26708,53180
12057,34013,26139,27007,53146
13063,51107,26382,26625,53007
13063,21111,26352,26504,52856
08031,29189,26789,25966,52755
34013,48439,26125,26290,52415
06085,41051,26002,26240,52242
48029,48113,26245,25916,52161
22051,48439,26202,25909,52111
12071,34013,25283,26613,51896
06037,48113,26168,25644,51812
04013,34013,26492,25289,51781
04019,48439,25405,26069,51474
11001,37119,25846,25420,51266
06073,49035,25691,25550,51241
06059,06081,25787,25334,51121
08031,48113,25365,25531,50896
12081,13063,25009,25508,50517
25025,27053,25572,24707,50279
08031,47037,25298,24854,50152
13063,21015,24913,25195,50108
25025,26163,25014,24888,49902
06001,53033,25164,24589,49753
09003,12095,25583,24133,49716
17031,26081,23882,25509,49391
16001,53033,25076,24201,49277
17031,19155,24337,24758,49095
13051,13063,24183,24909,49092
06001,06059,24647,24352,48999
12057,24003,23170,25778,48948
47037,48439,24697,24223,48920
13063,51710,24402,24430,48832
48113,48453,24276,24136,48412
36081,47037,24584,23715,48299
06037,12011,24588,23487,48075
11001,48201,23685,24320,48005
24003,48201,24228,23700,47928
12099,37119,23980,23889,47869
12095,51107,23669,24069,47738
12095,44003,22820,24223,47043
06037,06073,22225,24605,46830
06085,08031,22463,24289,46752
06037,32031,23429,23039,46468
29189,48439,23388,22934,46322
12033,13063,22706,23471,46177
17031,37183,23173,22904,46077
40109,48201,22734,23039,45773
04013,35001,22868,22887,45755
08031,22051,22764,22927,45691
12095,47037,22888,22799,45687
40109,48439,22657,22988,45645
06067,32003,22742,22695,45437
37119,42003,22763,22620,45383
06081,49035,22809,22509,45318
09003,13063,22555,22181,44736
48141,48439,23235,21441,44676
12071,37119,22123,22455,44578
12057,12086,21516,22735,44251
06081,12086,22611,21552,44163
09003,37119,21824,21805,43629
22051,36081,21171,22413,43584
40143,48439,21760,21752,43512
04013,48113,21495,21935,43430
06059,06067,21487,21783,43270
12031,37119,21811,21432,43243
37119,51087,21048,22186,43234
12071,24003,21807,21301,43108
41051,49035,21654,21443,43097
08031,12086,21180,21884,43064
12071,36081,20794,21975,42769
13063,37081,21196,21547,42743
12095,37183,21468,21247,42715
12095,29189,21526,21127,42653
12011,12057,20986,21555,42541
26163,37119,21449,21029,42478
06059,17031,21480,20903,42383
08031,19155,20727,21524,42251
06065,53033,20861,21364,42225
06081,27053,20524,21668,42192
36081,48453,21053,21004,42057
06037,47037,22031,19844,41875
32003,48113,20660,21027,41687
22051,37119,20483,21010,41493
32003,37119,20527,20937,41464
12095,42003,19710,21735,41445
06059,32003,20569,20794,41363
47037,48201,20652,20471,41123
12011,12095,21264,19851,41115
35001,48439,20544,20441,40985
04013,48029,20354,20498,40852
29165,48439,20534,20307,40841
48061,48201,20110,20581,40691
09003,17031,21379,19274,40653
06073,36081,20735,19885,40620
37119,45019,20458,20123,40581
48201,49035,19998,20414,40412
12086,27053,20041,20367,40408
24003,32003,20882,19449,40331
06081,42101,20113,20155,40268
06067,06071,20215,19706,39921
17031,48113,19815,19800,39615
08031,48029,19070,20525,39595
36029,36081,19910,19610,39520
12095,18097,19185,20173,39358
17031,41051,19856,19424,39280
32003,48453,19635,19479,39114
17031,48029,19269,19823,39092
06073,41051,19535,19501,39036
26163,48201,19654,19360,39014
26163,53033,19984,18989,38973
06037,24003,19293,19634,38927
06001,06071,20162,18683,38845
06001,49035,18898,19679,38577
04013,29165,19022,19543,38565
24003,26163,18453,19967,38420
06071,48439,18789,19523,38312
27053,37119,20181,17875,38056
27053,49035,19249,18762,38011
08031,18097,19084,18860,37944
06073,27053,18608,19321,37929
22051,48113,19203,18603,37806
48201,53033,19032,18746,37778
37119,51710,18548,19166,37714
06081,48453,19090,18527,37617
12031,36081,18527,19034,37561
11001,12057,18648,18884,37532
04019,06037,19405,18097,37502
06067,48439,18704,18757,37461
12071,42101,18458,18994,37452
04019,08031,18294,19097,37391
04013,19155,18387,18988,37375
11001,12011,18406,18944,37350
12095,39035,18106,19202,37308
13063,26081,18460,18829,37289
48201,48329,18451,18817,37268
04013,12095,19741,17408,37149
06001,41051,19168,17887,37055
12095,22051,19110,17799,36909
25025,37183,18718,18106,36824
01089,13063,18355,18314,36669
11001,27053,17991,18554,36545
04013,29189,17617,18916,36533
25025,48201,18107,18074,36181
12031,17031,17460,18705,36165
34013,37183,18498,17577,36075
26163,47037,18085,17930,36015
40143,48201,18079,17935,36014
12095,39049,18303,17616,35919
06037,11001,18483,17240,35723
29165,48201,17806,17887,35693
11001,26163,17402,18205,35607
12095,48113,17736,17703,35439
05119,13063,17544,17747,35291
17031,19153,17626,17463,35089
37119,51107,17630,17451,35081
29189,48201,17650,17416,35066
12095,36029,17115,17942,35057
09003,12011,17761,17245,35006
41051,48439,17584,17306,34890
37183,48439,17614,17271,34885
26163,42101,17420,17357,34777
25025,32003,17888,16816,34704
06037,29165,17603,17040,34643
06065,06081,17524,17012,34536
12071,48439,17133,17195,34328
06067,41051,16725,17472,34197
08031,39035,16432,17763,34195
08031,16001,16806,17337,34143
18097,48439,17370,16721,34091
27053,48201,17513,16575,34088
12095,49035,17148,16877,34025
06073,34013,16961,17060,34021
29189,32003,17691,16277,33968
06081,37119,17639,16305,33944
04013,32031,17116,16635,33751
08031,40109,16665,17067,33732
12095,32003,16625,17019,33644
13063,45063,16927,16697,33624
25025,53033,16955,16559,33514
29165,48113,16172,16992,33164
12057,32003,17001,16141,33142
04013,55079,15853,17237,33090
36081,39035,16337,16709,33046
13063,47009,16541,16465,33006
08031,11001,16274,16515,32789
12005,13063,16160,16603,32763
26163,49035,16754,15996,32750
12095,55079,15911,16813,32724
12011,22051,16603,16114,32717
42101,47037,16500,16183,32683
37119,37129,16285,16377,32662
17031,21111,16767,15862,32629
25025,47037,17000,15475,32475
26163,34013,16400,16042,32442
12011,47037,16068,16326,32394
13063,28121,16279,16051,32330
18097,37119,16162,16154,32316
06081,26163,15961,16316,32277
04013,25025,16105,16166,32271
13063,19155,15917,16204,32121
06059,48201,16323,15651,31974
08031,37183,15946,15926,31872
29165,32003,16055,15796,31851
06037,48029,15532,16130,31662
08031,35001,16317,15286,31603
37119,48029,15751,15684,31435
47157,48439,15390,16026,31416
17031,55025,15812,15526,31338
06085,49035,14998,16075,31073
29189,36081,15347,15708,31055
32003,48029,15084,15840,30924
12127,13063,15432,15421,30853
13051,37119,15062,15744,30806
08031,21015,15586,15118,30704
13063,47065,15038,15519,30557
08031,55079,15056,15452,30508
48141,48201,16111,14394,30505
05007,48439,15028,15365,30393
27053,29189,14927,15411,30338
12086,26163,14971,15309,30280
12099,36119,15008,15135,30143
27053,41051,15364,14758,30122
27053,55079,14575,15498,30073
22051,34013,14578,15494,30072
09003,12057,15192,14871,30063
12099,42101,14842,15187,30029
36081,42003,14880,14821,29701
06001,08031,13877,15803,29680
11001,47037,14118,15499,29617
12095,21015,14612,14934,29546
29189,48113,14900,14637,29537
48201,51107,14579,14883,29462
06085,48439,14704,14629,29333
04013,24003,14896,14419,29315
24003,48439,14616,14571,29187
06067,49035,14008,15160,29168
17031,36029,14176,14974,29150
35001,48201,14967,14171,29138
37119,39035,14401,14730,29131
47037,48113,14626,14483,29109
53021,53033,14718,14378,29096
12091,13063,14198,14834,29032
36055,36081,14830,14153,28983
17031,36001,13902,15054,28956
08041,48439,14665,14200,28865
06081,12095,14363,14473,28836
12071,39035,14030,14805,28835
04013,12057,15765,12942,28707
11001,29189,14645,14032,28677
12011,32003,14606,14034,28640
06059,13063,14082,14326,28408
13063,40109,14189,14216,28405
24003,47037,13910,14487,28397
12095,36103,13583,14690,28273
12011,27053,14442,13820,28262
24003,37183,13992,14243,28235
13063,21067,14171,13982,28153
06037,29189,13875,14221,28096
37119,45051,14227,13865,28092
32003,39035,13831,14156,27987
12095,48453,14303,13668,27971
08031,32031,14124,13831,27955
06073,48113,13853,14060,27913
13063,41051,13967,13862,27829
12073,13063,13910,13911,27821
12009,13063,13997,13809,27806
06059,41051,14335,13444,27779
37119,48453,14573,13128,27701
04013,04019,13653,14026,27679
12095,36001,13565,14112,27677
06073,37119,14469,13190,27659
37119,47157,14111,13527,27638
48439,51107,13745,13812,27557
24003,33015,13458,14073,27531
12031,48439,13493,13851,27344
29189,37119,13416,13847,27263
06065,08031,13022,14115,27137
42101,48201,13598,13457,27055
12071,55079,13289,13736,27025
04013,48141,13523,13478,27001
06059,49035,13373,13586,26959
32003,42101,13871,13054,26925
12057,47037,12907,14015,26922
16001,49035,13560,13320,26880
08031,40143,13648,13189,26837
12086,32003,13369,13454,26823
12099,24003,13105,13626,26731
34013,53033,13435,13220,26655
37119,45083,13267,13387,26654
08031,53063,13348,13160,26508
24003,36001,12437,14032,26469
04019,17031,13178,13289,26467
04013,11001,12640,13644,26284
27053,29165,13463,12778,26241
37183,42101,12754,13473,26227
32003,47037,12809,13356,26165
04013,19153,12931,13146,26077
12087,13063,13313,12735,26048
36081,45019,12966,13040,26006
24003,48113,13173,12740,25913
37081,37119,13180,12569,25749
04013,18097,12779,12908,25687
06065,17031,12434,13235,25669
37119,39049,12697,12961,25658
09003,24003,13345,12303,25648
12095,29165,12920,12724,25644
05119,48439,12666,12929,25595
34013,47037,12760,12827,25587
25025,42003,12887,12700,25587
47157,48201,12220,13326,25546
36081,39049,12854,12612,25466
13063,13245,12575,12870,25445
12071,18097,12369,13049,25418
12086,22051,12814,12496,25310
20173,48439,12518,12781,25299
12011,34001,12430,12861,25291
48201,48355,12585,12698,25283
12099,36103,12458,12801,25259
24003,27053,12826,12390,25216
11001,44003,12760,12406,25166
04013,12086,12954,12201,25155
35001,48113,12332,12725,25057
36081,48113,12416,12618,25034
04013,47037,12287,12742,25029
32003,55079,12321,12655,24976
25025,51107,12946,11981,24927
26163,29189,12694,12200,24894
27053,42101,11977,12892,24869
21015,37119,12236,12600,24836
06085,13063,12321,12501,24822
06067,13063,13051,11716,24767
22051,47037,12113,12651,24764
17031,36067,11474,13246,24720
08031,42003,12095,12614,24709
12011,39035,12141,12512,24653
13063,36029,12380,12211,24591
17031,55079,11701,12881,24582
27053,34013,12064,12388,24452
06071,08031,12479,11835,24314
12095,53033,12013,12281,24294
13063,39113,12000,12289,24289
27053,38017,11892,12375,24267
48215,48439,12348,11908,24256
51107,53033,12104,12108,24212
11001,22051,12865,11255,24120
12057,42003,11839,12259,24098
06081,12011,12214,11878,24092
24003,44003,11459,12627,24086
06065,48439,12395,11622,24017
11001,48113,11806,12203,24009
42003,48201,12490,11491,23981
25025,49035,12279,11700,23979
19155,48439,12357,11616,23973
21015,48439,12022,11785,23807
37119,44003,11308,12456,23764
17031,47157,12302,11422,23724
09003,12071,12283,11320,23603
12011,44003,11337,12170,23507
12011,12031,11766,11723,23489
34013,48453,11599,11799,23398
36081,50007,10856,12533,23389
48201,48215,11290,12058,23348
12001,13063,11841,11498,23339
37183,48201,11604,11722,23326
48113,48303,11656,11627,23283
12057,51107,11461,11820,23281
06037,35001,11768,11509,23277
37119,42043,11466,11789,23255
08031,30031,11949,11261,23210
06037,39035,11957,11209,23166
39049,48439,11701,11365,23066
26081,26163,11620,11343,22963
41051,53063,11282,11598,22880
22051,26163,11220,11546,22766
12057,22051,12074,10660,22734
08031,39049,10963,11727,22690
04013,16001,11323,11344,22667
12099,17031,11174,11484,22658
09003,11001,11461,11178,22639
37119,53033,11038,11546,22584
17031,51107,10679,11814,22493
12011,37183,11085,11388,22473
06073,48453,11852,10498,22350
12011,48113,11397,10949,22346
29165,37119,11239,11047,22286
12011,36029,10523,11757,22280
12057,39049,10851,11333,22184
19155,48201,10906,11274,22180
11001,37183,10991,11157,22148
12057,37183,11037,11098,22135
16001,41051,11202,10928,22130
12099,48439,11145,10931,22076
13051,36081,10854,11217,22071
06085,48453,11059,10922,21981
34013,51107,10712,11263,21975
06071,06085,10857,11082,21939
18097,32003,11026,10824,21850
12086,24003,10950,10888,21838
32003,39049,10876,10936,21812
01073,48201,10581,11228,21809
27053,46099,10836,10966,21802
32003,35001,11032,10761,21793
32031,49035,10572,11191,21763
08031,08041,11063,10628,21691
21111,37119,11087,10525,21612
06071,32003,11184,10392,21576
37183,47037,11481,10080,21561
06085,17031,10533,10950,21483
32003,51107,10774,10700,21474
17031,45019,10856,10617,21473
12071,39049,10546,10879,21425
05007,13063,10579,10837,21416
06073,25025,10629,10757,21386
29189,42101,10282,11009,21291
29189,34013,10801,10412,21213
12086,37183,10511,10695,21206
12095,34001,10353,10823,21176
26163,55079,10897,10250,21147
06073,24003,10067,11003,21070
08031,19153,10450,10596,21046
21015,36081,10656,10366,21022
24003,36029,10560,10406,20966
12095,33015,9954,10968,20922
17031,36055,9755,11153,20908
22051,24003,10117,10791,20908
26163,29165,10831,10068,20899
48329,48439,10477,10399,20876
12011,51107,10668,10180,20848
13063,36055,10158,10620,20778
04019,32003,10582,10161,20743
12031,24003,10037,10662,20699
12086,47037,10300,10369,20669
06067,17031,10043,10614,20657
12095,51087,10257,10337,20594
12011,39049,10017,10425,20442
21015,32003,10418,10019,20437
27053,47037,10289,10040,20329
12071,29189,10117,10188,20305
48303,48439,9859,10432,20291
17031,19113,10085,10156,20241
36067,36081,10156,10082,20238
41017,53033,10253,9952,20205
12071,48201,10349,9844,20193
04013,42003,10138,10036,20174
19153,48439,10174,9971,20145
04019,53033,9933,10179,20112
11001,39049,10241,9862,20103
12031,48201,10132,9962,20094
34013,42003,10522,9553,20075
48113,48141,9888,10099,19987
12011,29165,10106,9854,19960
08031,08097,10115,9818,19933
17031,44003,9998,9927,19925
37119,45063,10162,9735,19897
12086,48453,9632,10250,19882
42101,44003,9589,10290,19879
21111,48439,9865,10000,19865
13063,36067,10148,9711,19859
12031,25025,9472,10303,19775
04013,53063,10029,9703,19732
36029,37119,10110,9565,19675
04013,06065,9673,10000,19673
37119,51003,9720,9931,19651
39035,48201,10327,9282,19609
12031,26163,9369,10220,19589
42003,48439,9885,9675,19560
04013,39049,9557,9941,19498
18097,48201,9994,9419,19413
06065,41051,9496,9897,19393
48113,48329,9658,9719,19377
13063,36001,9848,9466,19314
12057,36029,9200,10112,19312
08031,55025,9300,9994,19294
04013,39035,9610,9638,19248
04019,48201,10010,9178,19188
12033,48439,9734,9449,19183
11001,45019,9756,9426,19182
01097,13063,9452,9724,19176
12081,37119,9696,9462,19158
39049,48201,9868,9290,19158
36081,41051,8885,10174,19059
39035,48439,9880,9179,19059
12091,48439,9329,9672,19001
29165,29189,9701,9288,18989
17031,39113,9652,9315,18967
13063,40143,9403,9544,18947
12011,18097,9415,9506,18921
09003,51107,9793,9095,18888
23005,42101,9366,9478,18844
13063,22033,9496,9343,18839
22051,48453,9323,9488,18811
27053,55025,8888,9865,18753
17031,55009,9232,9516,18748
42003,42101,9150,9556,18706
13063,55025,9472,9169,18641
06019,06037,9733,8889,18622
12033,48201,9044,9559,18603
06073,51107,9317,9272,18589
12011,36103,9131,9417,18548
17031,51710,9228,9303,18531
26081,27053,9643,8878,18521
18097,36081,9107,9401,18508
37021,37119,9401,9073,18474
13063,37021,9133,9329,18462
12011,51087,9081,9378,18459
11001,12031,9261,9197,18458
12057,48113,9313,9084,18397
21015,34013,9117,9264,18381
11001,12071,9393,8975,18368
13063,36119,9119,9114,18233
19155,32003,9093,9116,18209
17031,51087,8801,9373,18174
49035,53063,9257,8907,18164
12011,48453,8578,9547,18125
18097,26163,8839,9267,18106
12057,39035,8676,9356,18032
30031,49035,8964,9047,18011
12071,34001,8902,9051,17953
37119,47009,9193,8755,17948
26163,51107,9046,8882,17928
34013,49035,9031,8859,17890
08031,46099,8620,9262,17882
08031,12071,8701,9130,17831
08031,47157,8876,8898,17774
06081,48113,9278,8438,17716
12011,42003,8780,8936,17716
37119,47065,9239,8473,17712
26163,55025,8806,8865,17671
13063,28047,8778,8879,17657
48453,53033,8792,8852,17644
24003,51710,8508,9131,17639
13063,20173,8825,8813,17638
22051,42101,8717,8909,17626
41039,53033,8929,8680,17609
12057,29189,8789,8815,17604
09003,42101,8335,9262,17597
48439,55079,8417,9126,17543
36081,51087,8563,8958,17521
01073,48439,8638,8779,17417
25025,51087,8853,8538,17391
36067,37119,8713,8654,17367
12086,12087,8302,9052,17354
34013,41051,8382,8925,17307
13063,44003,8680,8579,17259
06073,26163,8624,8582,17206
12127,37119,8649,8555,17204
06085,36081,8654,8503,17157
49035,56039,8575,8581,17156
12011,49035,8504,8618,17122
11001,12099,8635,8452,17087
40143,48113,8571,8473,17044
19155,27053,8066,8967,17033
34013,39035,8957,8073,17030
29165,47037,8219,8805,17024
48355,48439,8472,8541,17013
25025,48453,9034,7950,16984
48453,51107,8488,8472,16960
13063,45051,8561,8397,16958
12071,21015,8296,8640,16936
08031,12031,9064,7834,16898
17031,42043,8274,8607,16881
09003,26163,8585,8281,16866
08031,30111,8499,8328,16827
12011,21015,8215,8593,16808
12011,37021,8160,8623,16783
21015,27053,8610,8167,16777
06073,32031,8218,8552,16770
36081,51710,8517,8211,16728
36081,51107,8401,8323,16724
12071,42003,8087,8619,16706
36001,37119,8233,8438,16671
04013,06019,8653,8000,16653
36081,55079,8089,8487,16576
01073,37119,8167,8406,16573
23005,36081,8730,7819,16549
37183,51107,8599,7933,16532
06081,32031,8315,8192,16507
06065,27053,7961,8546,16507
12011,36001,8051,8382,16433
06073,29189,8177,8233,16410
06067,48201,8939,7471,16410
06085,48113,8785,7601,16386
41051,48201,7769,8603,16372
48113,48375,7996,8325,16321
04019,13063,8334,7972,16306
29165,36081,7733,8552,16285
26163,48453,8434,7749,16183
25025,39035,8250,7892,16142
12095,26081,7872,8250,16122
29077,48439,8072,8026,16098
25025,36029,8099,7954,16053
06085,32031,8058,7971,16029
48375,48439,7928,8059,15987
01073,17031,7918,8052,15970
23005,37119,8197,7735,15932
11001,29165,7924,7993,15917
47037,48453,7715,8109,15824
12031,42101,7673,8122,15795
06037,12057,8583,7193,15776
06073,29165,8114,7615,15729
12011,29189,7544,8169,15713
22051,32003,7793,7919,15712
22033,48439,7674,8035,15709
24003,36103,7967,7717,15684
32003,37183,7314,8358,15672
28121,48439,7948,7722,15670
08031,48141,7665,8001,15666
16001,32003,7643,8000,15643
06081,37183,7996,7605,15601
06081,47037,8037,7547,15584
18097,27053,7862,7687,15549
23005,24003,8062,7485,15547
12081,17031,7658,7867,15525
12057,18097,7482,8039,15521
24003,29189,7936,7577,15513
21015,24003,7708,7774,15482
06019,48439,8001,7480,15481
22051,27053,7909,7538,15447
13063,47163,7626,7787,15413
17031,35001,7500,7912,15412
06059,27053,7583,7817,15400
37119,49035,7666,7674,15340
21111,48201,7639,7697,15336
04013,40109,7609,7723,15332
13063,19153,7605,7716,15321
12095,36119,7233,8072,15305
12057,55079,7284,7953,15237
29165,53033,7467,7748,15215
48453,49035,7639,7570,15209
11001,18097,7595,7610,15205
37119,55079,7744,7424,15168
06037,37183,7641,7526,15167
18097,34013,7577,7583,15160
13063,37129,7669,7483,15152
37119,39113,7677,7472,15149
06073,12095,7798,7326,15124
13063,26049,7538,7573,15111
17031,40109,7850,7247,15097
12031,34013,7622,7428,15050
37119,37133,7591,7456,15047
32031,48439,7478,7527,15005
32003,53063,7473,7530,15003
13063,35001,7627,7354,14981
26163,37183,6989,7958,14947
27053,30031,7534,7381,14915
13063,42043,7309,7602,14911
25025,29189,7590,7315,14905
42101,49035,7578,7308,14886
13063,37051,7231,7625,14856
06081,16001,7272,7584,14856
08031,56039,7509,7344,14853
39035,47037,7718,7131,14849
37119,51770,7465,7378,14843
13245,37119,7477,7284,14761
06001,48201,7598,7120,14718
24003,48453,7495,7217,14712
24003,39049,7280,7389,14669
24003,39035,7381,7269,14650
13063,51770,7309,7333,14642
05119,48113,7351,7283,14634
32003,42003,7284,7347,14631
36055,37119,7452,7151,14603
24003,45019,7459,7136,14595
17031,30031,7317,7272,14589
12011,53033,7192,7346,14538
21015,48201,7176,7348,14524
21015,26163,7160,7309,14469
01073,12095,7316,7132,14448
08031,20173,6885,7509,14394
06081,11001,7258,7110,14368
08037,48439,7308,7018,14326
12087,37119,7080,7222,14302
29189,53033,7056,7245,14301
04013,12011,7508,6786,14294
12095,34021,6978,7279,14257
33015,42101,7260,6958,14218
22051,25025,6821,7395,14216
48027,48439,7082,7118,14200
37051,37119,7035,7154,14189
12031,12086,7097,7085,14182
08031,26081,6896,7285,14181
22055,48201,7079,7082,14161
06059,34013,7383,6773,14156
06071,06081,7250,6874,14124
27053,38015,6964,7159,14123
26163,42003,7227,6816,14043
53033,53073,6382,7657,14039
13063,39153,6907,7115,14022
01101,13063,6863,7101,13964
04013,06083,7264,6681,13945
06037,39049,7055,6884,13939
06001,17031,7022,6889,13911
17031,46099,7015,6880,13895
17031,17161,6959,6934,13893
36081,45051,7283,6604,13887
12057,44003,6767,7106,13873
17031,55087,6758,7086,13844
48113,53033,7019,6788,13807
06081,06083,7068,6711,13779
11001,34013,6473,7283,13756
34013,45019,7240,6508,13748
06037,48141,6636,7105,13741
48439,51087,6645,7089,13734
04013,21015,6712,7005,13717
32003,53073,6357,7333,13690
34013,50007,6773,6908,13681
08031,21111,7050,6626,13676
21015,42101,6890,6774,13664
17031,26055,6505,7146,13651
29165,49035,6819,6774,13593
32003,48141,6628,6964,13592
06085,48201,7377,6204,13581
39049,42101,6546,7004,13550
09003,48439,6711,6776,13487
24003,36055,6584,6876,13460
22033,48201,6629,6792,13421
48201,55079,6717,6696,13413
06071,49035,6620,6739,13359
05007,17031,6754,6573,13327
13063,48141,6525,6770,13295
42101,53033,6710,6537,13247
41051,48113,6507,6684,13191
11001,53033,6297,6884,13181
30111,49035,6610,6535,13145
05119,48201,6434,6709,13143
13063,51003,6436,6702,13138
08031,19113,6444,6683,13127
19155,29189,6293,6820,13113
04013,46099,6561,6531,13092
41029,41051,6457,6608,13065
26163,39049,6341,6694,13035
06071,53033,6723,6302,13025
12057,36103,6174,6838,13012
34013,36029,6588,6418,13006
30029,49035,6672,6326,12998
29189,47037,6223,6753,12976
37119,39153,6412,6523,12935
13063,22017,6478,6377,12855
47037,53033,6228,6616,12844
17031,20173,6356,6460,12816
06037,21015,6392,6353,12745
45019,48201,6143,6599,12742
04013,04027,6496,6246,12742
32003,40109,6047,6692,12739
42101,51710,6658,6067,12725
06037,18097,6368,6354,12722
17031,38017,6166,6505,12671
41029,53033,6372,6258,12630
24003,42003,6568,6051,12619
06037,16001,6460,6129,12589
18097,42101,6243,6325,12568
27053,53063,6388,6164,12552
42003,51107,6289,6253,12542
06073,42101,6387,6153,12540
17031,40143,6589,5946,12535
37183,53033,6052,6474,12526
34013,39049,6458,6057,12515
26163,36029,5762,6746,12508
06073,48029,6509,5978,12487
12095,36067,5976,6473,12449
27053,37183,6081,6367,12448
12099,26163,5993,6435,12428
37119,51031,6164,6257,12421
08031,08067,6160,6250,12410
17031,56039,6071,6283,12354
42101,48453,6132,6203,12335
12033,37119,6073,6259,12332
16001,53063,6045,6283,12328
06081,22051,6314,6010,12324
17031,26049,5921,6393,12314
26163,36015,5949,6348,12297
22051,53033,5941,6329,12270
01089,48439,6043,6224,12267
11001,23005,6347,5892,12239
47037,55079,6325,5889,12214
06073,35001,6044,6165,12209
32031,53033,6073,6115,12188
11001,42101,6085,6063,12148
17031,27109,5850,6287,12137
41017,41051,5864,6273,12137
06067,06081,6447,5688,12135
45083,48439,6106,6022,12128
39035,42101,6059,6057,12116
04013,26081,6068,6040,12108
30063,53033,6241,5862,12103
17031,29077,6023,5929,11952
12001,37119,5940,5995,11935
22051,29189,5898,5968,11866
12081,36081,5852,5988,11840
39049,47037,5906,5871,11777
12011,36019,5157,6591,11748
12117,42077,5591,6147,11738
06037,08097,5771,5944,11715
39035,51107,5452,6261,11713
27053,38035,5801,5911,11712
06081,24003,6135,5572,11707
12091,37119,5731,5974,11705
19153,27053,5691,6012,11703
48029,49035,6562,5134,11696
27053,48453,6159,5532,11691
18097,24003,5935,5746,11681
22017,48439,5999,5659,11658
16019,49035,5884,5765,11649
47157,48113,6141,5505,11646
04013,37183,5909,5734,11643
08097,17031,5649,5985,11634
12057,21015,5838,5795,11633
11001,39035,5733,5898,11631
29189,39049,5882,5733,11615
39113,48439,6022,5591,11613
13063,29077,5821,5787,11608
17031,21067,5811,5767,11578
48439,51710,5631,5938,11569
09003,12099,5995,5546,11541
12011,36119,5482,6052,11534
26145,26163,5762,5759,11521
37049,37119,5755,5765,11520
05119,17031,5653,5853,11506
17031,18003,5482,5968,11450
29189,48453,5971,5478,11449
12081,34013,5512,5934,11446
45019,48439,5886,5554,11440
04013,06079,5747,5689,11436
47009,48439,5851,5563,11414
12099,34001,5660,5734,11394
06071,41051,5885,5503,11388
26081,37119,5703,5678,11381
17031,33015,4933,6410,11343
06083,08031,5858,5482,11340
08031,38017,5641,5683,11324
23005,34013,5645,5662,11307
40109,48113,5137,6164,11301
27053,27137,5450,5834,11284
19153,32003,5901,5381,11282
12057,53033,5470,5799,11269
12031,47037,5824,5443,11267
13063,54039,5527,5735,11262
12095,48029,5751,5497,11248
30063,49035,5659,5588,11247
06001,32031,5975,5269,11244
11001,21015,5462,5777,11239
21111,24003,5704,5533,11237
01073,48113,5809,5425,11234
21067,37119,5544,5682,11226
42003,47037,5968,5218,11186
12071,26081,5365,5819,11184
36001,42101,5639,5541,11180
29189,48029,5479,5668,11147
37119,42079,5382,5761,11143
35001,49035,5429,5698,11127
39049,51107,5610,5515,11125
42101,51087,5499,5600,11099
08031,30063,5587,5500,11087
29189,55079,5675,5398,11073
09003,27053,5425,5624,11049
06065,48201,5467,5561,11028
36081,37081,5583,5429,11012
01089,37119,5397,5610,11007
26163,39035,5885,5086,10971
16083,49035,5441,5501,10942
06001,48113,5475,5466,10941
29189,39035,5513,5417,10930
27053,38101,5327,5571,10898
34013,36055,5348,5539,10887
12117,26081,5025,5828,10853
12057,34001,5250,5548,10798
06001,53063,5308,5488,10796
06081,41039,4815,5978,10793
12103,26081,5161,5618,10779
12086,29189,5322,5448,10770
12009,37119,5441,5315,10756
04013,38017,5116,5618,10734
48439,48441,5211,5497,10708
37119,42077,5369,5333,10702
28121,48201,5344,5344,10688
04019,06073,5352,5311,10663
12095,51710,5367,5270,10637
13063,51700,5207,5384,10591
08041,17031,5424,5164,10588
06081,29189,5415,5151,10566
08031,46103,5301,5226,10527
04019,27053,5082,5445,10527
26055,26163,5312,5171,10483
06001,16001,4944,5536,10480
47037,48029,5350,5110,10460
12073,37119,5023,5425,10448
12095,21111,5213,5230,10443
19153,37119,5330,5110,10440
24003,48029,4977,5455,10432
17031,39153,5005,5420,10425
21015,25025,5566,4840,10406
37119,51700,5437,4964,10401
12033,47037,4914,5463,10377
12005,47037,5138,5225,10363
53033,53077,5074,5268,10342
42043,42101,5291,5043,10334
17031,17143,4929,5381,10310
29189,40109,5098,5212,10310
19153,29189,5011,5286,10297
17031,50007,4713,5580,10293
12095,47157,4861,5391,10252
27053,39035,5120,5118,10238
19153,26163,5326,4897,10223
05007,37119,4934,5268,10202
45063,48439,5054,5081,10135
06081,41029,4714,5382,10096
04013,49049,4820,5274,10094
17031,47009,5046,5040,10086
13051,48439,5005,5052,10057
26163,36067,4574,5453,10027
26163,36001,4615,5411,10026
05007,48201,4786,5226,10012
27053,39049,4960,5028,9988
06073,16001,5048,4915,9963
12086,42003,4987,4971,9958
06077,32003,5007,4933,9940
33015,37119,5111,4821,9932
37119,54039,4885,5037,9922
26163,44003,4946,4967,9913
48439,56039,5017,4886,9903
36119,37119,5023,4855,9878
17031,45083,4801,5075,9876
17031,18141,4897,4970,9867
06019,08031,4775,5063,9838
13063,18141,4880,4953,9833
13063,17113,5013,4813,9826
17031,48141,4692,5111,9803
11001,49035,4859,4940,9799
48439,55025,4774,5022,9796
51107,51710,4848,4938,9786
34013,36001,4899,4866,9765
30031,53033,4811,4933,9744
08037,17031,4955,4786,9741
22055,48439,4871,4866,9737
25025,45019,5096,4638,9734
24003,36081,4826,4906,9732
06067,16001,4952,4749,9701
25025,36055,4775,4921,9696
12015,21015,4903,4783,9686
13063,17161,4879,4794,9673
24003,29165,5563,4105,9668
37119,40143,4856,4792,9648
18097,51107,4877,4770,9647
19113,48439,4932,4714,9646
24003,49035,4427,5185,9612
26163,36055,4730,4876,9606
19155,37119,4774,4792,9566
08097,48439,4847,4718,9565
29189,49035,4834,4724,9558
49035,53021,4994,4557,9551
18097,25025,4655,4889,9544
26037,26163,4932,4601,9533
06001,35001,4881,4652,9533
13063,42077,4641,4850,9491
17031,26037,4498,4985,9483
08031,08085,4830,4639,9469
12011,55079,4645,4821,9466
06019,32003,4844,4618,9462
18097,53033,4558,4896,9454
12099,34021,4673,4773,9446
36029,42101,4684,4759,9443
48141,48453,4181,5259,9440
36081,48029,4569,4854,9423
05119,37119,4812,4606,9418
11001,42003,4753,4658,9411
27053,42003,4867,4504,9371
26081,48439,4779,4590,9369
04013,06053,4788,4568,9356
53033,53075,4565,4781,9346
20173,48201,4573,4765,9338
48113,49035,4439,4887,9326
12057,34021,4701,4624,9325
17031,37081,4578,4739,9317
21111,26163,4410,4899,9309
08037,13063,4689,4607,9296
12117,21015,4579,4683,9262
06081,39035,4709,4549,9258
13063,18003,4650,4605,9255
08031,08077,4659,4589,9248
25025,39049,4929,4318,9247
12095,42129,4466,4757,9223
08031,09003,4493,4720,9213
06081,21015,4844,4364,9208
04005,04013,4707,4471,9178
12005,48201,4472,4704,9176
12031,51107,4650,4522,9172
36055,42101,4601,4542,9143
37119,47163,4574,4568,9142
42101,50007,4536,4594,9130
12095,41051,4565,4562,9127
08085,48439,4437,4660,9097
27053,51107,4430,4659,9089
12117,47009,4536,4552,9088
48029,51107,4183,4897,9080
01073,12057,4449,4621,9070
05119,29189,4806,4251,9057
12086,51710,4459,4596,9055
11001,50007,4117,4898,9015
13063,22055,4651,4345,8996
06071,12095,4432,4563,8995
17031,36119,4461,4514,8975
04013,06029,4654,4305,8959
19153,48201,4521,4432,8953
27053,48061,4532,4411,8943
12081,25025,4345,4575,8920
42101,45019,4743,4176,8919
12117,36019,3780,5136,8916
01073,08031,4293,4607,8900
12057,33015,4383,4511,8894
29189,40143,4359,4529,8888
17031,55073,4135,4709,8844
12086,18097,4476,4356,8832
04019,49035,4630,4191,8821
48061,48439,4575,4245,8820
36081,47157,4230,4585,8815
06081,29165,4449,4355,8804
21111,32003,4447,4351,8798
36067,42101,4587,4196,8783
26163,33015,4302,4479,8781
27053,55009,4282,4452,8734
11001,33015,4170,4560,8730
48201,48303,4004,4725,8729
34013,51087,4360,4354,8714
47037,51107,4857,3850,8707
01097,48201,4203,4476,8679
06037,41029,4143,4533,8676
06067,37119,4487,4167,8654
32031,41051,4186,4464,8650
13051,17031,4253,4385,8638
17031,26077,4080,4558,8638
11001,32003,4543,4082,8625
06001,13063,4333,4275,8608
06085,16001,4392,4211,8603
48029,48141,4326,4254,8580
04019,06085,4210,4352,8562
06037,06097,4414,4142,8556
08031,38015,4312,4239,8551
26077,26163,4423,4127,8550
06019,53033,4256,4281,8537
34013,51710,4560,3972,8532
01089,11001,4223,4305,8528
06071,17031,4681,3845,8526
12087,34013,4038,4474,8512
12086,45019,4284,4222,8506
13051,34013,4326,4174,8500
06037,40109,4222,4258,8480
08031,56025,4277,4181,8458
24003,55079,4074,4366,8440
08031,08037,4240,4171,8411
35049,48439,4217,4190,8407
53017,53033,4331,4056,8387
04013,38015,4140,4243,8383
11001,55079,4429,3947,8376
27053,30111,4184,4187,8371
05119,08031,4216,4141,8357
48439,48451,4052,4296,8348
11001,47157,4156,4189,8345
04013,40143,4238,4103,8341
08077,48439,4099,4239,8338
34013,36067,4255,4050,8305
06073,12086,4079,4226,8305
26163,55009,4149,4135,8284
48029,53033,3881,4403,8284
49035,49053,4127,4155,8282
08041,48201,3937,4341,8278
12103,21015,3982,4275,8257
01045,13063,4072,4184,8256
04013,20173,4205,4048,8253
06067,48113,4091,4159,8250
06073,47037,4036,4203,8239
09003,12086,4148,4073,8221
17031,27137,3919,4290,8209
21067,48439,4012,4187,8199
28121,37119,3957,4229,8186
27053,27109,3847,4309,8156
23019,42101,4122,4025,8147
16001,27053,3792,4351,8143
06071,48113,4325,3790,8115
04019,06081,4143,3967,8110
04013,49053,4057,4031,8088
04013,51107,4253,3827,8080
11001,36001,3996,4080,8076
26163,41051,4093,3978,8071
20173,29189,3987,4070,8057
22051,51107,3969,4064,8033
12086,53033,3780,4251,8031
17031,31109,3968,4049,8017
12073,12086,4049,3967,8016
29165,34013,3970,4035,8005
01097,48439,3899,4100,7999
08031,51710,3759,4200,7959
06065,49035,3939,4011,7950
21015,49035,3830,4118,7948
13063,18163,3908,4036,7944
53033,55079,3919,3998,7917
17019,17031,4184,3730,7914
05131,48439,3930,3982,7912
27053,55087,3898,4000,7898
37119,45013,3941,3957,7898
12086,39049,4052,3844,7896
30029,53033,3918,3975,7893
08031,30029,4005,3873,7878
11001,36029,3709,4139,7848
08097,48201,4116,3723,7839
01097,37119,3898,3938,7836
26163,45083,3977,3853,7830
27053,47157,4199,3626,7825
12015,18097,3901,3899,7800
36067,51107,3965,3828,7793
16001,48439,3937,3850,7787
27053,46103,3952,3817,7769
45019,51107,3720,4028,7748
06067,29189,3955,3790,7745
04013,08041,3768,3956,7724
06081,12057,3933,3774,7707
26163,55087,3892,3809,7701
08067,48439,3847,3844,7691
12033,12086,3822,3846,7668
08107,13063,3913,3738,7651
34013,44003,3917,3731,7648
30031,48439,3917,3727,7644
47037,49035,3876,3764,7640
17031,42079,3692,3919,7611
12086,21015,3851,3756,7607
29165,42101,3693,3903,7596
06001,12095,3659,3937,7596
06019,06081,3999,3586,7585
08031,53021,3787,3789,7576
01089,08031,3891,3668,7559
04013,36029,3459,4098,7557
06037,06053,3710,3847,7557
37119,41051,3614,3933,7547
32003,36029,3942,3603,7545
12071,29165,3576,3924,7500
21015,51107,3844,3652,7496
34013,48029,3818,3654,7472
37119,50007,3687,3784,7471
06037,41039,3671,3785,7456
04013,22051,3736,3719,7455
06059,26163,3785,3666,7451
20173,32003,3769,3682,7451
48041,48439,3741,3706,7447
41039,41051,3670,3769,7439
32003,40143,3760,3678,7438
42027,42101,3689,3746,7435
12071,36029,3285,4149,7434
26163,51087,3643,3788,7431
06019,06073,3750,3666,7416
01073,26163,3603,3766,7369
26163,36119,3560,3807,7367
12086,51107,3840,3525,7365
47009,48201,3792,3567,7359
08031,48303,3585,3763,7348
12117,26049,3507,3840,7347
12103,18097,3566,3776,7342
26163,47157,3747,3589,7336
36081,42101,3541,3783,7324
26163,48029,3585,3735,7320
37081,42101,3541,3770,7311
13063,22073,3676,3625,7301
13063,19113,3584,3712,7296
08031,51087,3400,3887,7287
12095,36055,3504,3779,7283
18097,48113,3536,3747,7283
04013,47157,3435,3843,7278
18141,26163,3707,3564,7271
50007,51107,3787,3481,7268
21067,26163,3568,3699,7267
40031,48439,3620,3646,7266
51087,51107,3718,3541,7259
17031,18163,3888,3363,7251
37119,37147,3564,3687,7251
17143,48439,3649,3600,7249
25025,48113,3621,3627,7248
13063,37133,3535,3706,7241
16001,17031,3742,3491,7233
11001,21111,3757,3467,7224
36055,51107,3688,3518,7206
06067,12095,3692,3504,7196
06037,19155,3649,3538,7187
22051,48029,3738,3429,7167
08041,32003,3648,3510,7158
34013,37081,3656,3479,7135
13063,22079,3609,3523,7132
12011,37025,3524,3594,7118
08031,47009,3536,3576,7112
11001,36119,3653,3453,7106
06065,36081,3405,3687,7092
17031,29019,3520,3564,7084
12011,36067,3270,3811,7081
08031,16019,3568,3504,7072
17031,47065,3408,3656,7064
19155,26163,3368,3691,7059
12057,21111,3288,3768,7056
06079,06081,3655,3399,7054
48309,48439,3647,3404,7051
20161,48439,3563,3487,7050
05119,32003,3226,3807,7033
12086,51087,3517,3507,7024
12071,47037,3637,3376,7013
06019,49035,3463,3530,6993
12011,36063,3178,3793,6971
34001,45051,3525,3439,6964
33015,34013,3673,3290,6963
06081,41017,3524,3434,6958
12057,36001,3179,3776,6955
26163,51710,3511,3425,6936
24003,53033,3589,3331,6920
26163,47009,3406,3513,6919
08107,48439,3567,3343,6910
08031,48329,3453,3455,6908
36029,51107,3632,3251,6883
12095,19155,3422,3458,6880
12103,37021,3509,3368,6877
06001,48453,3457,3417,6874
08037,12086,3499,3354,6853
12086,39035,3434,3417,6851
11001,41051,3418,3428,6846
37183,48113,3485,3359,6844
48423,48439,3520,3312,6832
06001,22051,3343,3484,6827
37183,49035,3199,3626,6825
39049,48113,3218,3596,6814
46099,48439,3426,3378,6804
19155,48113,3450,3337,6787
30049,49035,3421,3364,6785
12117,42043,3327,3455,6782
29165,55079,3068,3712,6780
04019,41051,3408,3368,6776
12073,48439,3469,3302,6771
13051,25025,3212,3556,6768
12011,42129,3408,3359,6767
06037,47157,3265,3501,6766
21111,36081,3413,3343,6756
25025,41051,3333,3419,6752
29189,41051,3165,3571,6736
01101,37119,3239,3492,6731
13063,55087,3324,3405,6729
11001,39113,3360,3368,6728
13063,28087,3345,3380,6725
06073,12011,3077,3646,6723
26163,39113,3325,3383,6708
08037,34013,3416,3289,6705
22017,48201,3347,3341,6688
46103,48439,3508,3171,6679
04013,19113,3104,3560,6664
16077,49035,3328,3307,6635
06085,29189,3547,3075,6622
06037,06083,2916,3705,6621
41051,48453,3260,3358,6618
06073,22051,3221,3381,6602
06023,06081,3301,3290,6591
06085,12095,3419,3166,6585
12117,37021,3287,3298,6585
08031,31109,3192,3391,6583
13051,42101,3217,3358,6575
01073,32003,3323,3249,6572
12057,48453,3309,3251,6560
06037,42003,3119,3438,6557
29019,48439,3202,3348,6550
12071,48113,3081,3459,6540
09003,29189,3300,3239,6539
12086,21111,3393,3139,6532
11001,36067,3161,3355,6516
22051,29165,3142,3367,6509
12103,26049,3184,3315,6499
48439,48479,3322,3175,6497
06071,36081,3355,3141,6496
12015,36063,2985,3489,6474
18097,29165,2972,3496,6468
38017,48439,3339,3105,6444
17031,51003,3038,3403,6441
12095,23005,3090,3348,6438
13063,17143,3276,3141,6417
42003,49035,3447,2968,6415
45083,51107,3232,3182,6414
26163,50007,3032,3378,6410
42043,51107,3139,3267,6406
25025,55079,3300,3100,6400
28047,48439,3234,3162,6396
47065,48439,3264,3131,6395
12117,23019,2814,3577,6391
18163,48439,3323,3068,6391
04013,08077,3232,3126,6358
12099,48201,3268,3083,6351
37119,48113,3053,3290,6343
26163,42043,3235,3106,6341
01089,48201,3138,3202,6340
17031,53063,2738,3597,6335
37081,48439,3242,3093,6335
06001,47037,3414,2909,6323
12057,36055,2903,3416,6319
12057,29165,2785,3531,6316
12071,34021,3136,3178,6314
42079,42101,3191,3122,6313
48201,51710,3273,2995,6268
06037,06079,3336,2929,6265
25025,29165,3095,3169,6264
12103,36067,2905,3359,6264
42101,48113,3327,2927,6254
49035,51107,3137,3111,6248
06001,48439,3387,2859,6246
37119,40109,3145,3099,6244
17161,48439,3191,3043,6234
06067,27053,3018,3206,6224
06067,36081,3143,3080,6223
42101,45051,3178,3029,6207
21111,34013,3021,3184,6205
21111,48113,3212,2988,6200
08031,29077,3045,3152,6197
34013,55079,3210,2974,6184
26163,48113,3287,2895,6182
13063,13185,3103,3073,6176
35001,53033,3159,2998,6157
29189,42003,3319,2835,6154
45019,47037,2912,3232,6144
27053,48029,3213,2930,6143
08031,39113,3086,3036,6122
17113,48439,3088,3033,6121
12086,29165,3150,2965,6115
06001,24003,2937,3171,6108
34013,45083,3029,3075,6104
08031,08107,3028,3076,6104
08031,41029,3366,2715,6081
23005,26163,2880,3200,6080
13063,23005,2974,3092,6066
12005,48439,3055,3008,6063
28047,48201,3031,3025,6056
48113,55079,2832,3220,6052
39113,42101,2974,3072,6046
12095,39153,3144,2900,6044
37119,55025,2853,3180,6033
12057,26081,3038,2982,6020
06037,30031,2988,3031,6019
13063,13215,3007,3004,6011
01073,11001,2954,3055,6009
13063,13095,2966,3042,6008
06059,48113,2921,3082,6003
12031,48113,3132,2867,5999
13051,51107,2963,3018,5981
19113,27053,2969,3011,5980
06037,41017,3077,2899,5976
08031,41039,3484,2483,5967
11001,19155,3054,2902,5956
34013,47157,3095,2844,5939
19155,49035,3117,2817,5934
41039,49035,2868,3053,5921
11001,45063,2917,2967,5884
24003,26081,2809,3072,5881
18003,37119,2904,2971,5875
29189,51107,3037,2833,5870
12015,26081,2819,3013,5832
39035,55079,2810,3018,5828
24003,42101,3115,2687,5802
12011,47009,2994,2804,5798
08031,41017,2969,2812,5781
18003,48439,2875,2905,5780
22051,49035,2718,3058,5776
08051,48439,2937,2834,5771
17031,42027,2822,2949,5771
13063,46099,2970,2790,5760
42101,55079,2820,2935,5755
44003,51107,2957,2794,5751
12005,37119,2775,2971,5746
32003,48329,2964,2767,5731
12011,48029,2901,2825,5726
06001,29165,3018,2701,5719
19113,37119,2909,2808,5717
26163,37081,2878,2833,5711
12086,48029,2776,2932,5708
17031,55063,2738,2966,5704
18003,26163,2929,2774,5703
48027,48201,2983,2716,5699
32003,38017,2739,2955,5694
04013,41039,2836,2858,5694
21111,27053,2723,2964,5687
18141,48439,2916,2758,5674
06079,08031,3141,2527,5668
12015,18003,2801,2859,5660
06081,18097,2862,2794,5656
22051,37183,2576,3079,5655
30031,34013,2742,2910,5652
12117,36015,2683,2961,5644
19113,26163,2912,2727,5639
06085,53063,2951,2679,5630
28047,37119,2939,2678,5617
18097,49035,2909,2705,5614
08107,48201,2768,2845,5613
06081,42003,2809,2803,5612
11001,36055,2693,2912,5605
22033,37119,2787,2814,5601
06085,27053,2939,2657,5596
29077,37119,2910,2685,5595
18141,37119,2821,2770,5591
35005,48439,2844,2744,5588
12015,26049,2689,2892,5581
27053,48113,2775,2793,5568
12033,17031,2795,2750,5545
06067,53063,3093,2442,5535
26163,42049,2671,2856,5527
25025,36067,2941,2573,5514
17031,26145,2679,2834,5513
06085,26163,3084,2417,5501
29165,48453,2611,2870,5481
08077,49035,2699,2774,5473
11001,48453,2670,2795,5465
12095,55025,2666,2797,5463
36081,51003,2729,2732,5461
31079,48439,2764,2697,5461
29189,37183,2800,2660,5460
06073,48141,2537,2914,5451
04013,38101,2586,2859,5445
06083,53033,2771,2665,5436
42003,48113,2546,2874,5420
12015,17143,2670,2743,5413
12086,44003,2622,2771,5393
01073,36081,2768,2617,5385
08041,13063,2638,2743,5381
40109,49035,2749,2621,5370
12057,49035,2907,2456,5363
05007,36081,2792,2568,5360
12057,48029,2944,2386,5330
04013,08067,2481,2847,5328
37119,45041,2638,2664,5302
12117,18097,2564,2730,5294
34013,45051,2693,2574,5267
41029,49035,2559,2704,5263
29165,48029,2755,2508,5263
06067,48453,2530,2727,5257
08037,36081,2518,2737,5255
26163,42077,2625,2602,5227
12011,34021,2501,2724,5225
45063,51107,2577,2634,5211
45019,48113,2737,2471,5208
04013,30111,2445,2745,5190
32003,48215,2515,2665,5180
41017,49035,2691,2486,5177
42027,51107,2832,2337,5169
12071,36103,2561,2606,5167
11001,12033,2758,2408,5166
38015,48439,2629,2533,5162
13063,13127,2578,2583,5161
23005,51107,2633,2527,5160
29165,51107,2683,2477,5160
06019,41051,2584,2575,5159
09009,42101,2643,2514,5157
08037,48201,2549,2608,5157
34013,56039,2830,2321,5151
17143,37119,2573,2567,5140
35001,48453,2434,2689,5123
36109,42101,2635,2478,5113
27053,31109,2550,2562,5112
45083,48201,2545,2561,5106
04013,46103,2511,2590,5101
27053,30063,2493,2598,5091
19153,42101,2550,2536,5086
53033,53071,2501,2568,5069
37119,39095,2527,2541,5068
11001,45083,2510,2556,5066
19155,53033,2811,2250,5061
37081,51107,2444,2616,5060
23019,36081,2445,2585,5030
26081,36081,2729,2298,5027
12071,36119,2529,2496,5025
32003,48303,2684,2335,5019
40143,49035,2679,2335,5014
48201,48375,2591,2419,5010
12015,18141,2373,2636,5009
06085,25025,2433,2540,4973
12015,33015,2221,2752,4973
22079,48439,2470,2503,4973
06037,55079,2214,2751,4965
01101,48439,2487,2470,4957
12011,45019,2414,2535,4949
36081,55025,2428,2511,4939
17031,23005,2259,2666,4925
08097,49035,2417,2507,4924
42003,53033,2462,2431,4893
06081,35001,2479,2411,4890
11001,51710,2456,2429,4885
12031,32003,2551,2332,4883
12117,21067,2377,2494,4871
12057,47157,2382,2470,4852
08107,17031,2392,2459,4851
06037,08041,2343,2504,4847
29165,35001,2506,2332,4838
13063,34021,2359,2472,4831
06001,18097,2198,2629,4827
30111,53033,2425,2400,4825
12086,47157,2273,2549,4822
12011,45051,2477,2342,4819
05091,48439,2433,2360,4793
12057,36119,2351,2432,4783
47009,51107,2453,2317,4770
12071,12086,2308,2459,4767
04013,17143,2402,2351,4753
18163,26163,2302,2449,4751
04013,55025,2229,2518,4747
36081,47009,2365,2377,4742
42101,45083,2462,2274,4736
12005,48113,2428,2302,4730
29097,48439,2366,2358,4724
17031,45063,2454,2265,4719
32031,36081,2322,2390,4712
12095,25027,2314,2395,4709
11001,40109,2605,2099,4704
13063,56039,2379,2321,4700
36029,48439,2548,2148,4696
06067,51107,2378,2316,4694
32003,55025,2412,2273,4685
11001,47009,2235,2446,4681
30013,49035,2376,2300,4676
32003,38015,2335,2336,4671
29165,37183,2540,2125,4665
48439,48485,2018,2642,4660
12071,44003,2212,2445,4657
24003,35001,1966,2674,4640
08031,30013,2384,2245,4629
12011,25027,2306,2309,4615
06081,53063,2197,2417,4614
19155,34013,2341,2270,4611
12086,13051,2338,2273,4611
01073,24003,2297,2310,4607
32003,48375,2379,2226,4605
12086,36029,2044,2558,4602
12095,36071,2286,2294,4580
11001,13051,2496,2081,4577
06001,27053,2440,2136,4576
12103,37025,2260,2310,4570
12117,33015,2028,2541,4569
17031,19061,2196,2366,4562
36071,42101,2344,2217,4561
12011,36071,2440,2117,4557
06081,06089,2219,2338,4557
12117,18141,2183,2369,4552
17031,19193,2263,2281,4544
42077,42101,2434,2097,4531
27007,27053,2376,2154,4530
12103,47009,2242,2286,4528
05007,08031,2210,2306,4516
11001,23019,2076,2433,4509
12015,39095,2151,2345,4496
08031,17161,2236,2256,4492
22073,48439,2273,2202,4475
48303,48453,2159,2313,4472
26081,34013,2301,2170,4471
08031,38101,2229,2238,4467
36001,51107,2266,2198,4464
06059,48453,2159,2257,4416
22017,37119,2213,2195,4408
48201,48479,2543,1860,4403
06053,08031,2124,2276,4400
12117,36067,2075,2317,4392
12011,12087,2091,2296,4387
21015,37183,2229,2139,4368
08041,49035,2236,2124,4360
06073,53063,2304,2048,4352
42101,48029,1753,2598,4351
45019,53033,2111,2230,4341
08041,12095,2050,2284,4334
19155,42101,2279,2047,4326
13051,48201,2127,2197,4324
01073,42101,2210,2106,4316
01073,12086,2097,2219,4316
42079,51107,2234,2080,4314
42101,45063,2273,2040,4313
13063,42079,2089,2219,4308
12117,36063,1955,2353,4308
06029,08031,2165,2136,4301
12071,36001,2077,2217,4294
17031,39095,2019,2272,4291
12091,48201,2162,2124,4286
08031,35049,2202,2079,4281
12103,36001,2019,2256,4275
06081,08097,2060,2213,4273
26163,36109,2106,2167,4273
35001,36081,2249,2021,4270
21015,48453,2024,2232,4256
32003,46099,2030,2220,4250
12015,21067,2071,2171,4242
16069,49035,2129,2096,4225
12071,55025,1973,2222,4195
42049,42101,2145,2035,4180
26163,45051,2229,1951,4180
17031,37021,2223,1956,4179
06065,53073,2001,2174,4175
12015,36001,1880,2286,4166
36081,37129,2076,2086,4162
24045,42101,2236,1925,4161
27053,46013,2040,2119,4159
21111,42101,1961,2192,4153
12103,18003,1992,2147,4139
18163,37119,2161,1973,4134
26081,48201,2149,1982,4131
11001,12087,2045,2086,4131
11001,37081,2055,2071,4126
24045,37119,1970,2152,4122
12015,19113,1971,2139,4110
06073,55079,2116,1994,4110
08031,49053,2044,2055,4099
06073,21015,2119,1970,4089
12103,23019,1859,2217,4076
06081,19155,1971,2100,4071
23019,34013,2173,1880,4053
12117,54099,1978,2068,4046
48061,48453,1861,2178,4039
25025,45051,2145,1891,4036
49035,56025,1973,2060,4033
06065,34013,2053,1975,4028
12057,23005,1753,2275,4028
12095,19153,2119,1906,4025
26081,42101,2088,1936,4024
06001,48029,1928,2091,4019
12057,12087,1920,2093,4013
01089,12095,2001,2005,4006
26163,42027,1902,2095,3997
06081,56039,2038,1959,3997
12117,37025,1853,2141,3994
27053,51087,2181,1809,3990
37119,54099,1952,2034,3986
22019,48439,2019,1959,3978
12099,39035,2047,1929,3976
22079,48201,1986,1987,3973
24003,47157,1920,2034,3954
27053,55073,1933,2020,3953
06083,32003,1947,1997,3944
01089,17031,1992,1944,3936
12071,36067,1816,2105,3921
27053,55063,1888,2031,3919
26163,55073,1914,2003,3917
08031,30049,1971,1946,3917
06001,34013,1780,2114,3894
48041,48201,2036,1855,3891
12095,42043,1844,2045,3889
17031,42077,1950,1914,3864
12095,17113,1801,2062,3863
36109,51107,1917,1936,3853
39113,51107,1854,1980,3834
08031,08051,2062,1771,3833
17031,38015,1855,1969,3824
04013,38035,1807,2016,3823
42101,55025,1829,1988,3817
12117,19113,1861,1955,3816
12103,42077,1841,1974,3815
17031,42049,1884,1922,3806
06037,36029,1745,2056,3801
13063,55009,1880,1921,3801
17161,26163,1850,1947,3797
21111,51107,1994,1783,3777
06037,56039,1984,1786,3770
34013,47009,1901,1868,3769
48245,48439,1928,1834,3762
06037,53063,1792,1966,3758
12071,39153,1844,1906,3750
12015,19153,1785,1956,3741
12015,47009,1846,1893,3739
19113,32003,1897,1839,3736
06085,34013,1952,1774,3726
16001,48201,1802,1924,3726
35025,48201,1899,1824,3723
05131,13063,1860,1861,3721
08107,27053,1843,1853,3696
26163,36007,1890,1806,3696
17031,51770,1859,1827,3686
12015,42077,1778,1907,3685
11001,12081,1865,1817,3682
12117,36001,1657,2023,3680
12081,42101,1769,1909,3678
06053,06081,1943,1734,3677
12015,39049,1791,1882,3673
04013,17201,1733,1924,3657
13063,50007,1807,1846,3653
42101,47157,1818,1829,3647
20173,27053,1714,1930,3644
34013,37021,1809,1834,3643
06037,08037,1918,1722,3640
34013,55025,1728,1911,3639
32003,47157,1801,1837,3638
51107,51770,1778,1859,3637
36103,42101,1813,1821,3634
12086,47009,1888,1746,3634
12015,17201,1690,1942,3632
16013,49035,1738,1888,3626
24003,40109,1453,2171,3624
17031,17167,1812,1810,3622
04013,27141,1629,1991,3620
36081,45083,1755,1862,3617
32003,38101,1702,1912,3614
51003,51107,1710,1904,3614
34021,37119,1866,1736,3602
42101,51700,1649,1934,3583
17167,48439,1787,1794,3581
12103,36063,1651,1926,3577
12057,36067,1786,1788,3574
30031,41051,1768,1804,3572
08085,48201,1723,1849,3572
30093,49035,1832,1735,3567
48439,53063,1741,1819,3560
30013,53033,1833,1709,3542
12103,18141,1701,1835,3536
08031,56029,1694,1838,3532
17031,17113,1522,2009,3531
36081,39113,1819,1706,3525
06083,48439,1708,1815,3523
06001,36081,1917,1604,3521
12103,19153,1706,1813,3519
04013,31079,1702,1805,3507
26163,42079,1762,1742,3504
08031,56005,1697,1801,3498
08085,34013,1545,1948,3493
05007,27053,1786,1706,3492
08031,12033,1734,1758,3492
22073,48201,1745,1742,3487
40109,42101,1884,1601,3485
09003,48201,1783,1700,3483
22019,48201,1744,1729,3473
04013,12071,1720,1752,3472
27053,30029,1730,1735,3465
12086,45083,1774,1685,3459
12099,44003,1618,1838,3456
06059,48029,1748,1702,3450
08085,17031,1726,1723,3449
06073,19155,1685,1757,3442
13063,37049,1645,1788,3433
17019,48439,1664,1769,3433
13063,30031,1743,1690,3433
12103,17163,1656,1763,3419
12071,42129,1609,1807,3416
37129,42101,1686,1727,3413
20055,48439,1765,1646,3411
04013,08085,1585,1816,3401
18097,37183,1710,1680,3390
08031,56037,1683,1703,3386
12015,17163,1687,1699,3386
06073,18097,1504,1877,3381
27053,39113,1682,1699,3381
12081,39035,1594,1780,3374
40109,53033,1696,1677,3373
39153,42101,1653,1709,3362
11001,26081,1665,1693,3358
12015,42043,1604,1754,3358
08031,38089,1704,1644,3348
17031,20161,1885,1460,3345
12031,27053,1639,1699,3338
12015,17167,1630,1698,3328
12001,12086,1699,1620,3319
29077,48201,1609,1704,3313
48201,51087,1691,1617,3308
27053,30013,1646,1657,3303
12095,37081,1657,1642,3299
12087,48439,1519,1775,3294
12117,55087,1501,1779,3280
04013,30013,1609,1669,3278
04013,30031,1616,1660,3276
12117,19153,1531,1735,3266
35001,41051,1528,1736,3264
12081,48439,1648,1614,3262
06037,08107,1669,1576,3245
12099,37183,1677,1543,3220
12071,23005,1504,1713,3217
30063,48439,1708,1504,3212
06073,06097,1642,1570,3212
12033,42101,1594,1616,3210
06097,53033,1522,1685,3207
21015,53033,1464,1739,3203
12103,42043,1546,1650,3196
04013,41029,1545,1649,3194
30049,53033,1555,1635,3190
19153,36081,1602,1588,3190
06037,09003,1580,1602,3182
04013,29077,1579,1598,3177
06081,30031,1618,1552,3170
06081,48029,1687,1476,3163
04013,16019,1551,1600,3151
12015,21111,1570,1580,3150
34013,36015,1548,1599,3147
06073,39035,1396,1745,3141
12015,36071,1530,1609,3139
12031,34021,1542,1592,3134
30063,41051,1477,1655,3132
27053,53021,1410,1718,3128
30111,48439,1719,1402,3121
48183,48439,1599,1517,3116
29165,41051,1660,1453,3113
06081,55025,1578,1518,3096
40119,48439,1573,1521,3094
17031,19013,1501,1592,3093
40109,51107,1593,1494,3087
04013,30063,1504,1581,3085
12117,39049,1493,1591,3084
06083,41051,1572,1509,3081
12103,17201,1477,1601,3078
12015,42003,1479,1591,3070
18003,42101,1554,1515,3069
20173,53033,1471,1597,3068
37129,48439,1629,1428,3057
04013,53021,1571,1484,3055
21067,42101,1585,1467,3052
12103,42003,1482,1568,3050
04013,41017,1421,1627,3048
11001,12091,1517,1529,3046
12095,35001,1601,1442,3043
13063,27109,1512,1516,3028
12117,39095,1410,1608,3018
12117,54033,1409,1607,3016
32007,49035,1523,1484,3007
27053,55085,1504,1503,3007
25027,42101,1666,1339,3005
06059,06097,1482,1512,2994
12086,19155,1414,1573,2987
06097,41051,1648,1330,2978
12015,37021,1453,1523,2976
37129,51107,1484,1492,2976
12103,29077,1468,1505,2973
12011,21067,1472,1499,2971
24003,45051,1509,1452,2961
06079,53033,1508,1410,2918
12095,40109,1480,1423,2903
04013,53073,1455,1446,2901
30111,41051,1529,1369,2898
17031,55017,1388,1505,2893
37051,51107,1477,1411,2888
06001,53073,1441,1442,2883
26041,26163,1497,1367,2864
12117,29077,1425,1431,2856
04013,06097,1403,1443,2846
12015,55087,1402,1439,2841
37183,48453,1448,1389,2837
12087,12095,1454,1379,2833
48439,48465,1347,1458,2805
26081,32003,1439,1349,2788
27053,40109,1470,1309,2779
12086,26081,1286,1490,2776
12081,18097,1315,1453,2768
05007,06081,1415,1349,2764
36045,42101,1375,1382,2757
04013,48329,1197,1557,2754
12117,46099,1386,1367,2753
05007,06037,1408,1344,2752
49035,55025,1415,1335,2750
16013,53033,1328,1418,2746
17031,26103,1309,1435,2744
17031,26061,1324,1412,2736
12117,38017,1315,1415,2730
06053,06073,1431,1298,2729
04013,35049,1452,1276,2728
12103,19113,1308,1412,2720
06081,40109,1369,1346,2715
08031,48375,1320,1388,2708
01089,51107,1420,1287,2707
12015,17161,1316,1387,2703
04013,17161,1317,1381,2698
12015,39113,1324,1373,2697
19155,36081,1366,1327,2693
11001,19153,1268,1407,2675
12011,21111,1188,1484,2672
04013,06077,1310,1358,2668
12015,37025,1208,1458,2666
12015,44003,1279,1383,2662
12117,42003,1275,1387,2662
08097,13063,1393,1268,2661
12095,28121,1241,1413,2654
49035,55079,1430,1220,2650
04015,27053,1390,1253,2643
42101,47009,1481,1160,2641
06073,37183,1345,1292,2637
12081,21015,1290,1345,2635
27035,27053,1394,1232,2626
04013,18141,1301,1319,2620
34021,37183,1311,1307,2618
12103,46099,1255,1356,2611
04013,55087,1160,1440,2600
17031,48061,1273,1325,2598
08031,31157,1277,1320,2597
12103,39113,1297,1294,2591
12117,38015,1239,1346,2585
21015,29165,1540,1034,2574
19153,49035,1397,1175,2572
12103,39095,1239,1332,2571
42101,51770,1223,1330,2553
12103,17113,1294,1256,2550
12103,17143,1259,1281,2540
12057,55025,1224,1313,2537
12095,47009,1324,1212,2536
32003,47009,1242,1293,2535
12086,37081,1238,1295,2533
12057,42129,1240,1292,2532
12103,36071,1233,1298,2531
09003,37183,1121,1408,2529
17031,28121,1319,1206,2525
04013,17163,1240,1283,2523
08031,45019,1242,1278,2520
11001,45051,1191,1323,2514
12095,37021,1203,1311,2514
06023,06037,1288,1221,2509
26163,40109,1243,1260,2503
34013,39153,1328,1163,2491
27053,36055,1178,1310,2488
11001,12073,1216,1269,2485
08031,48061,1138,1343,2481
12103,55087,1174,1297,2471
12071,32003,1335,1130,2465
12057,39153,1251,1212,2463
21015,29189,1195,1266,2461
12071,19155,1253,1208,2461
12103,21067,1203,1257,2460
12015,36055,1178,1281,2459
22051,39035,1233,1223,2456
42101,51003,1174,1266,2440
04013,48303,1175,1264,2439
30031,48201,1192,1244,2436
12103,36015,1136,1297,2433
12117,36089,1066,1364,2430
12103,54099,1198,1228,2426
12031,21015,1195,1227,2422
32003,53021,1223,1199,2422
37183,39035,1223,1197,2420
12099,29189,1230,1188,2418
12117,24043,1161,1256,2417
08031,45083,1188,1228,2416
13063,31109,1241,1172,2413
47065,51107,1222,1190,2412
26081,51107,1233,1178,2411
12103,47037,1174,1237,2411
12015,36067,1170,1230,2400
12087,17031,1111,1287,2398
08031,36029,1072,1317,2389
04005,32003,1186,1201,2387
12117,18003,1133,1254,2387
12103,28047,1193,1191,2384
12015,47037,1185,1197,2382
32031,48201,1166,1212,2378
12103,21111,1189,1189,2378
12091,17163,1154,1219,2373
04019,37119,1285,1084,2369
04013,49057,1157,1211,2368
26047,26163,1261,1104,2365
12011,47157,1197,1168,2365
12117,51770,1172,1186,2358
12011,26081,1062,1295,2357
12117,19155,1153,1203,2356
12117,18163,1162,1184,2346
12011,26049,1119,1225,2344
12117,45083,1161,1175,2336
12117,17163,1145,1183,2328
08031,31019,1154,1171,2325
26163,47065,1223,1091,2314
12057,45083,1138,1172,2310
06081,08037,1283,1027,2310
21015,22051,1159,1148,2307
17143,32003,1164,1143,2307
32003,51710,1170,1133,2303
12117,17113,1066,1233,2299
12103,36019,1047,1250,2297
08031,13051,1144,1149,2293
12103,51770,1123,1170,2293
27053,47009,1059,1233,2292
04013,35005,1209,1080,2289
13051,24003,1103,1183,2286
12011,51710,1118,1168,2286
12011,37081,1032,1249,2281
08031,28121,1165,1111,2276
12103,39049,1045,1228,2273
05119,11001,1117,1148,2265
12081,42003,1102,1155,2257
49021,49035,1134,1122,2256
08031,56001,1068,1184,2252
12117,21111,1057,1193,2250
12031,29189,1380,860,2240
05007,12117,1128,1112,2240
12117,17143,1030,1205,2235
08031,55087,1036,1198,2234
17161,32003,1113,1116,2229
29077,32003,1100,1128,2228
12015,27141,1050,1177,2227
31079,32003,1133,1091,2224
16019,32003,1128,1096,2224
25027,36081,1266,955,2221
36019,51107,1181,1035,2216
12099,39049,1035,1175,2210
26163,36071,1073,1137,2210
06029,06081,1290,917,2207
12117,36055,1048,1158,2206
06037,06065,1041,1164,2205
12015,19155,1085,1119,2204
05007,32003,1099,1104,2203
12033,12095,1110,1093,2203
12117,47157,1155,1047,2202
30111,32003,1102,1096,2198
12103,51710,1105,1091,2196
46103,49035,1229,964,2193
18097,48453,1079,1112,2191
12099,42003,1094,1094,2188
12103,17161,1044,1143,2187
32003,46103,1061,1125,2186
27053,30049,1081,1102,2183
06037,49049,1053,1128,2181
12117,17161,994,1186,2180
39113,48201,1105,1075,2180
32003,41029,1172,1005,2177
45063,48201,1081,1094,2175
12033,12057,1107,1065,2172
30013,32003,1083,1088,2171
06037,40143,1152,1012,2164
48141,49035,1250,912,2162
08031,31111,1075,1083,2158
12103,47157,1065,1093,2158
30031,32003,1075,1065,2140
12117,17201,1024,1114,2138
18141,27053,1088,1041,2129
12117,21059,1093,1025,2118
12071,37183,994,1122,2116
08031,29019,1061,1053,2114
30029,32003,1085,1028,2113
06037,53073,1042,1065,2107
12011,42077,977,1130,2107
39153,48201,1096,1010,2106
12103,47065,1025,1079,2104
12117,37081,1024,1076,2100
30063,32003,1069,1031,2100
13021,24003,1061,1037,2098
12071,49035,1055,1038,2093
28081,47037,1015,1068,2083
12117,40143,1027,1055,2082
06037,08085,1053,1026,2079
32003,41039,1009,1070,2079
06065,48027,2079,0,2079
17031,26121,929,1146,2075
21067,48201,1010,1058,2068
01089,26163,963,1104,2067
04013,51710,1214,850,2064
13051,21015,1048,1014,2062
12015,29165,1039,1021,2060
12011,45083,1068,988,2056
27053,27071,1006,1045,2051
08077,32003,1043,1003,2046
32003,38035,932,1106,2038
05119,12095,938,1083,2021
12011,12073,1025,987,2012
12103,37183,990,1018,2008
12117,47065,999,1002,2001
37183,42003,908,1088,1996
12057,12073,996,998,1994
22051,37025,926,1064,1990
08085,13063,892,1090,1982
32003,48479,960,1007,1967
11001,54039,1038,925,1963
17201,32003,1012,948,1960
12103,29165,967,983,1950
12117,47163,917,1031,1948
17163,32003,950,996,1946
12015,37183,960,985,1945
12103,51087,969,970,1939
26077,27053,1087,851,1938
12103,37081,941,996,1937
19193,48439,1016,912,1928
26103,26163,954,973,1927
08031,22017,1024,900,1924
05119,12117,958,959,1917
12091,21015,938,975,1913
12117,37183,939,968,1907
05007,34013,907,997,1904
06073,53073,883,1012,1895
27053,40143,911,984,1895
04013,48375,828,1063,1891
12057,37081,994,895,1889
06053,32003,943,946,1889
08107,25025,910,970,1880
08031,16083,914,952,1866
11001,55025,929,931,1860
32003,55087,863,995,1858
17031,54039,836,1022,1858
12103,45083,894,958,1852
05007,11001,939,912,1851
26103,27053,998,849,1847
12095,50007,798,1047,1845
06001,26163,662,1167,1829
26033,27053,1038,787,1825
26037,27053,1007,816,1823
06081,53021,834,983,1817
23003,34013,930,887,1817
17031,21145,901,914,1815
12117,51710,893,911,1804
12103,36089,743,1052,1795
17161,27053,959,827,1786
25001,25019,899,886,1785
08031,38093,946,837,1783
08031,49047,898,879,1777
08031,20051,887,886,1773
17019,37119,845,918,1763
06001,41039,868,895,1763
11001,26037,962,792,1754
37021,51107,861,886,1747
06037,29077,869,876,1745
08031,22055,897,847,1744
48113,48355,872,864,1736
48201,54039,968,762,1730
42129,45051,1001,722,1723
17031,37129,888,827,1715
12015,36019,692,1019,1711
13063,32031,663,1044,1707
12117,51087,807,899,1706
36081,47065,710,995,1705
21015,45019,855,847,1702
18141,32003,883,815,1698
06037,16083,771,926,1697
12015,39035,832,861,1693
06037,49053,837,851,1688
12057,37021,824,861,1685
48439,56021,809,867,1676
36081,45063,793,872,1665
04025,08031,831,830,1661
12117,36071,760,898,1658
16001,32031,763,895,1658
08037,51107,719,931,1650
09003,21015,831,812,1643
04013,08097,728,894,1622
11001,28121,859,762,1621
37183,39049,954,653,1607
47037,51087,793,795,1588
04025,06037,797,788,1585
17143,27053,814,749,1563
33015,36081,805,758,1563
06037,06051,893,668,1561
21067,51107,846,715,1561
18003,27053,854,706,1560
36081,51770,787,772,1559
26033,26163,750,807,1557
25019,25025,820,737,1557
25025,42043,769,787,1556
08107,34013,784,771,1555
26145,27053,888,666,1554
22017,32003,735,811,1546
36063,45051,833,712,1545
04013,18003,739,806,1545
09003,39035,677,866,1543
12117,28047,750,787,1537
42081,42101,900,630,1530
04019,49049,756,756,1512
27053,56039,842,648,1490
11001,39153,692,791,1483
11001,47065,585,854,1439
48201,56039,677,760,1437
21067,36081,765,668,1433
22051,42003,621,806,1427
12095,22055,755,669,1424
12031,18097,732,691,1423
06073,08107,704,716,1420
26043,27053,733,676,1409
06065,25025,614,794,1408
22051,39049,927,480,1407
17031,29201,772,624,1396
12057,51710,604,787,1391
04019,53073,657,717,1374
42101,54039,638,725,1363
06001,06083,651,701,1352
06081,06097,544,807,1351
12095,45051,621,721,1342
08031,56033,672,669,1341
06067,22051,456,879,1335
04013,08037,771,551,1322
40109,47037,551,743,1294
04015,32003,649,641,1290
11001,48029,681,601,1282
11001,37129,403,865,1268
06051,06081,587,674,1261
28075,48439,813,441,1254
12031,17163,552,693,1245
12117,38035,532,707,1239
24003,37021,622,605,1227
13051,42003,565,646,1211
17199,29189,650,559,1209
36081,56039,654,549,1203
13051,39049,535,662,1197
26043,26163,626,563,1189
06081,16083,662,521,1183
48061,48113,860,322,1182
12015,55079,529,651,1180
06081,08085,590,588,1178
06051,08031,543,635,1178
08031,49019,593,583,1176
08031,08101,583,592,1175
42003,45019,681,492,1173
04013,21111,482,690,1172
01101,11001,730,441,1171
08031,16013,585,572,1157
12011,17163,506,644,1150
18097,22051,486,659,1145
12031,42003,527,613,1140
13051,39035,553,583,1136
06071,48029,561,565,1126
12117,55079,572,548,1120
06067,29165,444,674,1118
30083,30111,576,539,1115
12117,48453,549,564,1113
11001,35001,349,764,1113
34013,39113,642,465,1107
06037,16013,678,426,1104
06065,13063,552,546,1098
12031,39035,540,549,1089
12103,19155,488,585,1073
08107,53033,544,526,1070
26007,26163,547,519,1066
39035,48113,523,541,1064
12081,26163,535,525,1060
12103,39035,489,527,1016
17001,17031,495,518,1013
12103,55079,463,547,1010
12091,24003,490,518,1008
17031,54033,508,497,1005
32031,48113,513,489,1002
12091,34013,435,565,1000
12011,12127,498,501,999
11001,21067,530,468,998
47157,48453,498,494,992
06025,06037,500,478,978
04019,48113,611,365,976
06081,41011,484,477,961
08031,56013,494,458,952
41051,41059,460,480,940
06001,29189,368,564,932
08003,08031,485,434,919
13051,18097,427,492,919
18097,45019,445,458,903
08085,37119,414,476,890
36081,39153,455,434,889
06073,11001,401,482,883
48141,53033,466,413,879
13089,39061,438,440,878
12117,39035,395,479,874
06037,06047,420,446,866
08107,51107,355,510,865
08031,20169,414,432,846
08031,38071,414,430,844
08107,12011,406,432,838
28067,48439,323,506,829
06073,09003,331,497,828
17031,51015,398,429,827
06081,16013,399,428,827
12061,34013,392,426,818
06071,48201,101,706,807
06071,32031,375,420,795
51015,51107,440,352,792
25025,50021,400,391,791
17031,28075,533,255,788
08031,08083,382,382,764
12117,39113,298,450,748
25025,33009,374,367,741
06085,35001,407,329,736
51107,54033,320,412,732
05031,29189,359,372,731
08031,20175,366,359,725
06053,48439,327,395,722
26163,28047,360,361,721
53033,53055,351,364,715
37119,54081,348,364,712
12011,12033,344,367,711
25007,25025,349,350,699
17031,20169,356,340,696
25025,36001,362,331,693
36001,36089,314,358,672
08051,48201,334,337,671
17031,17115,311,352,663
36001,48113,428,233,661
23009,25025,347,299,646
37119,39061,321,323,644
12071,36055,291,328,619
29189,45019,318,299,617
37183,48029,322,294,616
35001,35017,307,305,612
04015,53021,305,306,611
04015,53073,375,229,604
12117,28121,286,313,599
17031,32031,318,280,598
19187,29189,310,286,596
05051,48439,307,287,594
13063,38017,295,294,589
29169,29189,384,203,587
21067,34013,298,289,587
04015,48029,291,292,583
17031,39061,279,299,578
25025,36089,281,295,576
06067,35001,316,252,568
35009,48439,293,274,567
04015,48201,240,323,563
12057,12099,259,293,552
04015,48355,313,236,549
23013,25025,265,283,548
17031,19057,267,276,543
25025,36033,269,273,542
12081,24003,245,291,536
08077,17031,0,533,533
34027,39061,259,264,523
12117,29165,245,278,523
08031,31045,245,273,518
05009,48439,258,257,515
06059,16001,457,55,512
23011,25025,280,231,511
17031,54025,281,228,509
12033,24003,191,318,509
29001,29189,268,239,507
44003,47037,500,0,500
12081,23005,172,328,500
21059,29189,259,241,500
54081,54107,244,253,497
42003,42071,232,265,497
05007,12091,247,247,494
12081,28047,245,245,490
06037,30029,230,260,490
17031,26053,225,262,487
04015,53063,242,245,487
04015,41051,231,256,487
17031,30029,227,259,486
08031,20057,252,233,485
04015,48061,312,155,467
27053,27113,221,244,465
06081,08107,265,197,462
30085,30111,234,226,460
35001,35015,228,232,460
06085,48141,274,186,460
29189,47113,210,247,457
12091,40109,225,230,455
36103,37183,199,254,453
08097,27053,200,248,448
19155,47037,284,162,446
01073,12011,446,0,446
25025,35001,141,302,443
05139,48439,232,211,443
42003,42065,215,225,440
22051,40109,329,109,438
33009,36119,213,223,436
12081,37021,186,247,433
09003,12031,232,198,430
30105,30111,210,219,429
08031,31013,195,226,421
06071,16001,160,257,417
01033,13063,207,208,415
06085,55079,411,0,411
42003,42021,196,211,407
17031,19033,197,207,404
48201,48469,196,203,399
12071,21111,286,110,396
04015,48439,194,197,391
08077,48201,0,387,387
17115,29189,194,192,386
42003,42083,193,189,382
29165,39049,333,47,380
48029,53053,0,379,379
12117,40109,155,217,372
04015,48453,184,186,370
19153,24003,156,209,365
30041,30111,181,179,360
06037,08077,357,0,357
12005,17031,33,323,356
04015,55073,178,178,356
04015,39049,178,178,356
21015,28047,123,231,354
04015,46099,176,176,352
04015,55025,175,175,350
04015,38035,174,175,349
30021,30111,173,176,349
04015,48485,173,176,349
19057,29189,188,157,345
04015,19113,170,174,344
06073,12057,195,148,343
39049,48029,292,51,343
04013,04017,148,194,342
04015,55009,165,177,342
53033,56039,200,141,341
04015,38017,168,173,341
09009,37119,178,163,341
04015,48451,169,171,340
24003,54061,159,181,340
04015,26049,167,170,337
48439,48469,157,178,335
04013,04015,335,0,335
04015,30031,164,167,331
08031,08113,183,147,330
06001,12011,246,83,329
04015,18141,162,166,328
12033,48113,135,192,327
04015,19153,163,162,325
06073,51710,276,47,323
04015,56025,160,163,323
06073,12071,235,88,323
04015,17167,160,162,322
20177,48029,0,322,322
04015,38101,157,164,321
12127,29077,159,159,318
04015,31079,157,161,318
04015,27141,156,161,317
06071,48027,316,0,316
04015,48309,157,159,316
04015,46013,156,159,315
29165,51087,212,102,314
04015,27109,156,157,313
04015,04019,156,157,313
04015,19155,156,154,310
42003,54061,154,150,304
06067,24003,208,92,300
12057,41051,297,0,297
04015,41029,136,159,295
35015,48439,160,135,295
25005,25019,145,147,292
06001,11001,142,149,291
06071,24003,37,246,283
04015,42003,140,141,281
04015,17201,139,139,278
12087,42101,130,148,278
04015,41039,159,118,277
47037,48061,0,277,277
12095,48141,246,30,276
28151,47037,145,130,275
26053,27053,155,115,270
39049,44003,270,0,270
06001,12057,218,51,269
25025,48029,218,50,268
29165,39035,251,16,267
06081,08077,266,0,266
41051,47037,26,240,266
12031,39049,197,64,261
06001,48141,260,0,260
04015,42077,132,127,259
04015,17031,128,131,259
01073,48029,94,163,257
36109,37119,143,114,257
36001,36081,0,256,256
36029,48113,224,31,255
06085,48029,141,113,254
48453,55079,38,215,253
04015,29165,127,125,252
48029,55079,249,2,251
12011,12071,239,12,251
12127,28047,125,125,250
28151,48439,117,133,250
26049,28047,124,125,249
28047,42003,125,124,249
04013,08083,124,125,249
13245,28047,125,124,249
24003,42021,134,114,248
28047,29189,123,125,248
12031,28047,125,122,247
21111,28047,123,123,246
12009,28047,123,123,246
09003,28047,124,122,246
28047,55079,123,123,246
19061,28047,123,123,246
28047,29165,123,122,245
28047,48355,121,122,243
28047,47065,121,122,243
12099,28047,122,120,242
13051,28047,121,121,242
13021,28047,122,120,242
40143,48329,84,158,242
26081,28047,122,120,242
17031,28067,106,133,239
28047,48215,119,119,238
12009,42101,118,120,238
19033,27053,111,127,238
28047,48453,117,120,237
28047,36001,119,118,237
06085,37183,1,236,237
12001,28047,119,117,236
28047,39095,118,118,236
28047,42101,117,118,235
24003,28047,118,117,235
04015,30013,117,118,235
51107,54025,79,153,232
17031,28047,117,115,232
28047,37183,117,114,231
05119,48453,108,122,230
06059,29165,230,0,230
06073,40109,229,0,229
04015,22017,113,115,228
04015,06085,113,113,226
44003,48201,220,6,226
04015,40109,0,226,226
12031,29165,225,0,225
21111,37183,66,159,225
12011,28047,111,111,222
18105,19113,131,90,221
12005,32003,221,0,221
42003,42013,109,112,221
26037,28047,110,110,220
06073,42003,0,219,219
06059,32031,37,182,219
12011,40109,189,29,218
04019,06067,14,199,213
04019,53053,0,213,213
08031,31145,90,120,210
04019,47037,9,200,209
04013,44003,143,66,209
28047,48029,105,104,209
48375,48453,84,124,208
41051,42101,207,0,207
29165,48375,74,133,207
05119,28047,101,102,203
24003,42065,94,109,203
06067,37183,0,202,202
06085,24003,201,1,202
06067,48029,139,63,202
06059,47037,0,200,200
42003,42121,91,107,198
06071,35001,0,195,195
25019,36081,91,103,194
06073,39049,0,193,193
06001,55079,114,78,192
04019,06059,21,169,190
06071,18097,190,0,190
01073,47157,94,94,188
06067,39035,188,0,188
29189,36029,21,166,187
40143,48029,0,186,186
29189,44003,18,166,184
32003,36001,59,125,184
04013,08069,0,181,181
12031,48029,75,106,181
06067,40109,36,144,180
04015,48303,89,91,180
04015,08069,180,0,180
22051,47157,118,61,179
40109,41051,80,99,179
06059,40143,154,24,178
08031,37021,46,132,178
04015,19061,0,177,177
04015,17143,0,176,176
04015,08041,176,0,176
04015,30111,0,174,174
04015,53033,0,173,173
24003,45083,172,0,172
06037,51710,0,172,172
04019,22051,171,0,171
32003,48061,0,171,171
40109,47157,50,118,168
22051,40143,38,130,168
26125,34013,117,51,168
16001,48113,86,81,167
32003,55009,0,167,167
06059,55079,0,167,167
27007,32003,165,0,165
22051,53063,0,165,165
06037,26081,48,116,164
06059,29189,152,11,163
39035,53033,0,163,163
36081,36119,86,76,162
31013,31045,73,89,162
06085,29165,132,30,162
04015,27007,160,0,160
17031,36103,0,160,160
06059,35001,124,36,160
29189,32031,1,158,159
12031,12117,0,159,159
04015,20173,0,159,159
29165,47157,157,2,159
12086,36119,75,83,158
21111,22051,141,17,158
26081,48113,0,158,158
42003,48453,158,0,158
47157,48029,110,47,157
01033,47037,102,55,157
06085,42003,152,5,157
04015,46103,157,0,157
18141,25017,98,57,155
26163,40143,73,82,155
22017,48141,154,0,154
16001,48141,88,66,154
12071,12099,0,154,154
06037,23005,149,4,153
48303,54033,75,77,152
11001,22033,152,0,152
36015,36029,152,0,152
04015,29189,152,0,152
39049,42003,54,97,151
12095,20173,16,135,151
36029,42003,102,49,151
12095,53063,121,30,151
17031,20051,84,67,151
22033,48453,100,50,150
19113,39049,74,76,150
24003,31109,75,75,150
27053,45019,59,90,149
04015,08101,149,0,149
20051,20169,30,116,146
04019,06001,42,104,146
12031,55079,71,75,146
36081,48141,0,145,145
47065,55079,0,144,144
06085,47037,25,119,144
04019,35001,0,144,144
26037,55025,89,55,144
19113,31109,31,112,143
26081,47037,142,0,142
12095,42011,0,142,142
01073,29165,2,140,142
08041,27053,0,142,142
16001,29165,9,133,142
30029,37051,72,70,142
04015,29077,140,0,140
48201,53063,0,140,140
16013,16083,0,140,140
04015,55079,139,0,139
12117,13051,138,0,138
04015,17161,138,0,138
12009,23005,59,78,137
06037,48061,26,110,136
19187,27053,70,65,135
05009,47157,69,66,135
32031,48029,0,135,135
18157,31109,67,67,134
42003,42043,71,63,134
06067,25025,134,0,134
36081,42043,63,71,134
19155,24003,131,2,133
40143,48453,48,85,133
05007,21067,67,66,133
25025,40143,0,133,133
18141,37183,66,66,132
24003,24043,60,72,132
08031,33015,123,7,130
19153,48303,65,65,130
12011,41051,124,6,130
30111,47037,0,130,130
25025,26125,63,67,130
26125,48029,65,64,129
19033,19187,68,60,128
06037,12071,127,0,127
22033,48329,65,62,127
41051,53073,127,0,127
28047,37129,0,126,126
37129,45051,0,125,125
12057,13021,49,76,125
12033,48029,0,125,125
28047,45051,125,0,125
40109,48453,43,82,125
20177,48453,0,124,124
04015,48141,124,0,124
28047,39049,123,0,123
12031,22051,0,123,123
12071,28047,123,0,123
28047,55009,0,122,122
29165,44003,97,25,122
24043,42003,59,62,121
06037,06071,0,121,121
21145,29201,34,87,121
22051,41051,0,121,121
06071,53063,0,121,121
12086,18141,61,60,121
06001,39049,21,99,120
06073,45019,0,120,120
24003,42071,66,54,120
06001,06047,60,60,120
04015,35001,119,0,119
28047,39035,118,0,118
44003,48113,110,8,118
39049,40109,0,118,118
36029,48453,2,115,117
37183,47157,0,117,117
44003,55079,58,58,116
25017,42003,78,38,116
21015,48113,55,61,116
24003,48141,0,115,115
06085,39035,18,97,115
25017,39035,56,59,115
04013,36103,112,3,115
18157,24003,36,78,114
28047,51710,114,0,114
35001,48029,81,33,114
40109,48329,114,0,114
35001,37183,113,0,113
08041,37119,0,113,113
42003,47157,110,2,112
41017,45019,0,112,112
13063,53063,112,0,112
21067,29019,56,56,112
30049,41051,111,0,111
12095,28047,0,111,111
18003,21015,0,110,110
05119,22051,109,0,109
05119,47037,95,14,109
28047,51087,0,109,109
28047,45083,0,108,108
06037,19153,0,106,106
19155,39049,0,106,106
22017,37183,0,106,106
06071,29189,63,43,106
06059,11001,106,0,106
36055,47037,73,33,106
37139,51683,41,64,105
27053,36029,49,56,105
28047,39153,0,105,105
47009,47065,53,52,105
06067,39049,0,105,105
09003,47037,77,27,104
06001,42003,104,0,104
25017,42101,51,53,104
35001,45019,103,0,103
06073,48375,0,103,103
12001,21067,52,51,103
12099,48453,103,0,103
12117,45063,41,62,103
37067,42003,38,64,102
06001,39035,0,102,102
12015,54033,101,0,101
01073,06073,101,0,101
12031,12033,101,0,101
36119,39035,50,51,101
23005,29189,101,0,101
47037,48329,33,67,100
26037,39049,50,50,100
04013,35017,100,0,100
39049,48141,100,0,100
18157,45083,50,50,100
12033,42003,95,4,99
37021,54033,0,99,99
39035,47157,50,49,99
22051,55079,66,32,98
19033,19057,55,43,98
12099,45019,0,97,97
19113,24003,50,47,97
17019,26037,48,48,96
21067,28087,41,54,95
29019,47037,30,64,94
40143,48303,51,43,94
06085,40143,9,85,94
06067,47157,0,94,94
48453,54033,47,47,94
51107,55079,48,46,94
24003,36119,94,0,94
22051,32031,55,39,94
42101,51107,0,94,94
12057,20173,93,0,93
48029,48375,44,49,93
41051,55079,27,66,93
45063,48041,45,47,92
16083,17031,62,30,92
06037,33015,92,0,92
16013,17031,44,47,91
08069,27053,0,91,91
21111,53033,91,0,91
29165,42003,66,25,91
47037,48141,7,83,90
48453,51087,1,88,89
29189,35001,8,81,89
12087,12099,53,36,89
06085,40109,0,89,89
16001,26163,0,89,89
06001,21015,89,0,89
12005,39049,0,89,89
18105,55025,47,40,87
12099,51087,87,0,87
47037,53063,87,0,87
04015,24003,0,87,87
04015,48441,43,43,86
40109,54033,43,43,86
04015,06067,43,43,86
06073,40143,7,78,85
01097,12117,42,43,85
41039,53021,0,85,85
04019,20173,33,51,84
36081,40143,73,11,84
06001,40143,0,84,84
18097,35001,84,0,84
04019,29077,0,83,83
26163,31109,83,0,83
06059,51107,83,0,83
05007,48041,42,41,83
22033,48041,41,41,82
04019,40109,82,0,82
11001,40143,82,0,82
06071,29165,82,0,82
39049,47157,0,82,82
04015,16069,0,81,81
38071,38093,24,57,81
04013,48309,80,0,80
29019,48041,40,40,80
39035,49035,8,72,80
08077,13063,0,80,80
05007,13059,40,40,80
06071,13215,80,0,80
06037,12031,0,80,80
19153,48453,40,40,80
37183,51710,79,0,79
06059,53063,2,77,79
12011,34003,49,30,79
01097,25025,0,79,79
01097,22051,79,0,79
28071,48041,39,39,78
24003,42013,38,40,78
05119,32031,70,8,78
06067,32031,77,0,77
22051,44003,77,0,77
12011,12086,50,27,77
06071,42003,0,77,77
25025,44003,0,77,77
22055,42101,0,76,76
06081,16019,76,0,76
12073,37067,39,37,76
24003,42027,37,38,75
35001,51107,75,0,75
36029,44003,0,75,75
06085,22051,30,45,75
04019,29189,0,75,75
19155,55079,0,75,75
12081,12087,0,75,75
24003,41051,1,73,74
27053,42027,37,37,74
06071,13063,0,74,74
19113,34021,36,37,73
36001,42003,73,0,73
21067,45063,36,36,72
40143,53033,0,72,72
48029,48329,2,70,72
24003,55025,25,47,72
04015,40143,0,71,71
24003,51003,71,0,71
40143,51107,0,70,70
25001,25025,43,27,70
32003,51087,0,70,70
42027,55025,35,35,70
47037,51710,0,69,69
37119,48141,0,69,69
29189,53063,69,0,69
37183,45007,34,34,68
22051,28047,68,0,68
05119,51710,0,68,68
12011,23005,36,32,68
26163,48041,68,0,68
13063,16001,17,51,68
18141,51003,34,34,68
12086,26125,67,0,67
33015,39035,67,0,67
05007,45063,35,32,67
45083,48453,0,67,67
34013,35001,66,0,66
48029,48215,0,66,66
13215,21067,33,33,66
06073,12033,38,27,65
12073,42003,34,31,65
12099,36001,65,0,65
06067,12011,0,65,65
13063,26125,0,64,64
01125,21067,32,32,64
06067,26163,2,62,64
12073,18141,32,32,64
37183,51003,30,34,64
06067,18097,29,34,63
06067,42101,63,0,63
21111,49035,0,63,63
18097,42027,0,63,63
18097,48029,62,0,62
25017,34013,0,62,62
22051,48061,62,0,62
36029,36119,7,55,62
36119,37183,5,57,62
12057,40109,62,0,62
30063,53063,62,0,62
18097,39035,61,0,61
29165,32031,53,8,61
26145,36119,0,61,61
12073,37183,30,30,60
04013,33015,12,48,60
09003,21111,0,60,60
12031,48453,23,37,60
06071,48453,50,10,60
04019,48029,0,59,59
04019,41039,59,0,59
04015,05119,59,0,59
55079,55087,58,0,58
21015,33015,0,58,58
06057,06081,28,30,58
36067,37183,29,29,58
25025,40109,57,0,57
29189,48141,42,15,57
39049,48061,0,57,57
11001,48141,56,0,56
11001,22055,56,0,56
12086,51003,28,28,56
12057,53063,54,2,56
12057,37147,28,28,56
21067,22033,28,28,56
18141,36067,28,28,56
12011,36055,56,0,56
06083,06085,22,33,55
21111,29165,4,51,55
28067,28075,49,6,55
06037,26125,55,0,55
28087,47037,27,27,54
48375,49035,0,54,54
26125,27053,0,54,54
06001,37119,53,1,54
21015,38101,54,0,54
37139,51700,54,0,54
06059,42101,0,53,53
05119,39035,53,0,53
12005,21111,0,53,53
39035,48453,17,36,53
09003,19155,0,52,52
17031,17163,0,52,52
04015,48329,52,0,52
12086,34003,20,32,52
06081,55079,52,0,52
27053,44003,2,49,51
17163,34013,0,51,51
13051,40109,0,51,51
21111,48141,51,0,51
06067,48141,15,36,51
36119,51107,0,51,51
48141,48375,9,42,51
37183,55079,37,13,50
05119,51087,0,50,50
47037,47157,26,24,50
06067,34013,0,50,50
08014,49035,0,50,50
22051,35001,25,25,50
32031,39049,49,0,49
36007,36109,49,0,49
42101,51031,43,6,49
06067,12057,38,11,49
18097,44003,49,0,49
22055,48453,0,49,49
26077,55009,0,49,49
25017,26163,0,49,49
19155,51107,0,49,49
26125,36119,0,49,49
40109,48029,49,0,49
29165,48329,0,48,48
36081,48355,0,48,48
05007,18097,0,48,48
12086,41051,48,0,48
45041,51700,0,48,48
17031,26125,48,0,48
16001,24003,0,47,47
45063,47163,0,47,47
26081,51770,0,47,47
01073,40109,47,0,47
06001,48303,0,47,47
16001,51107,0,47,47
04019,08014,0,47,47
22017,22019,46,0,46
06073,26081,12,34,46
39035,39153,0,46,46
05119,48141,46,0,46
34013,36081,0,46,46
26163,45019,46,0,46
13245,51003,0,46,46
06059,12057,6,40,46
06059,36081,0,46,46
18141,55025,0,45,45
12073,48201,0,45,45
19155,30049,0,45,45
18097,39049,45,0,45
18105,39049,0,45,45
20173,37183,36,9,45
01073,48453,37,8,45
11001,42077,45,0,45
17163,36119,22,22,44
19113,40119,44,0,44
33015,47037,1,43,44
05007,45007,44,0,44
25017,55079,44,0,44
33015,37183,19,24,43
27137,55087,0,43,43
12005,25025,43,0,43
12099,55079,43,0,43
36029,48201,13,30,43
05007,29077,0,42,42
18141,51770,42,0,42
06085,39049,42,0,42
12011,25017,42,0,42
36103,55079,3,39,42
06065,42003,42,0,42
51087,55079,42,0,42
18141,37081,41,0,41
05143,45007,0,41,41
01073,06037,34,7,41
18097,55079,41,0,41
39035,42003,0,40,40
18141,37067,0,40,40
37021,54039,0,40,40
48113,51107,2,38,40
40109,45019,19,21,40
48061,48329,40,0,40
05119,48029,18,22,40
36001,47037,34,6,40
12086,25017,0,40,40
01073,53033,0,39,39
13059,31109,0,39,39
18097,28067,0,39,39
36001,51710,0,39,39
06037,48303,0,39,39
35001,48303,39,0,39
36029,47037,11,28,39
06067,47037,26,13,39
05119,29077,0,38,38
55025,55073,38,0,38
42079,55079,0,38,38
34013,42079,0,38,38
06059,40109,38,0,38
06067,46099,38,0,38
04019,39049,0,38,38
11001,12005,38,0,38
47065,51003,0,38,38
17161,21015,37,0,37
17161,42027,0,37,37
18097,47157,0,37,37
06073,48329,34,3,37
19113,42027,37,0,37
04013,36001,19,17,36
21015,39035,36,0,36
56013,56033,18,18,36
17143,26077,0,36,36
12057,51087,36,0,36
32003,33015,0,36,36
09003,48453,0,35,35
41051,53075,0,35,35
33015,55079,15,20,35
47157,48141,0,35,35
06097,41039,35,0,35
06037,48375,28,7,35
18097,36001,0,35,35
08041,08077,0,35,35
13063,48303,35,0,35
12086,48113,0,35,35
08045,17031,21,13,34
06037,13089,6,28,34
16001,16059,20,13,33
37049,45019,0,33,33
48061,48141,0,33,33
06037,36001,33,0,33
12099,36029,7,25,32
06071,19155,0,32,32
17031,36109,24,8,32
12011,19153,20,12,32
21111,45019,0,32,32
05007,38101,31,0,31
04019,26163,31,0,31
36029,36067,0,31,31
23005,32003,31,0,31
06073,47157,31,0,31
39049,49035,0,31,31
42003,42079,16,14,30
09003,29165,9,21,30
36119,50015,19,11,30
29165,40109,30,0,30
12095,40143,0,30,30
39035,48029,21,9,30
06001,12071,26,4,30
22033,47037,30,0,30
33015,51107,8,21,29
20173,20177,0,29,29
47037,48303,0,29,29
48215,51107,0,29,29
25005,25007,12,17,29
05119,48329,0,29,29
41051,51107,0,29,29
32003,45083,29,0,29
34003,51031,0,29,29
34013,48113,29,0,29
12057,40143,0,28,28
09003,22051,12,16,28
47149,51710,28,0,28
06085,42101,3,25,28
12117,20173,0,28,28
42101,48303,27,0,27
24003,32031,0,27,27
36001,48201,3,24,27
06067,26081,0,26,26
12086,13089,12,14,26
32031,48453,26,0,26
37129,48029,0,26,26
12031,51031,13,13,26
06019,41039,26,0,26
39049,55025,26,0,26
05119,29165,14,12,26
17019,55025,0,26,26
06071,12033,10,16,26
34003,49035,19,6,25
04019,48453,4,21,25
19155,41051,6,19,25
04013,09003,0,25,25
48113,53063,25,0,25
05119,06081,0,25,25
12057,50007,25,0,25
22051,48303,14,10,24
36001,48453,8,16,24
42083,51107,24,0,24
20173,49035,23,1,24
16001,48453,24,0,24
29189,51710,0,24,24
41051,53021,0,24,24
06055,06059,12,12,24
05119,06071,24,0,24
22061,48141,0,23,23
01073,29189,23,0,23
01073,48141,0,23,23
12099,34003,2,21,23
04019,42003,23,0,23
16001,29189,23,0,23
22061,28067,23,0,23
46099,53033,23,0,23
21015,26081,0,22,22
01125,47037,0,22,22
12086,36055,22,0,22
12071,40143,0,22,22
06037,34003,7,15,22
12031,33015,22,0,22
06085,12057,8,14,22
06085,12011,4,17,21
33015,50007,21,0,21
48329,48453,0,21,21
36071,36081,21,0,21
11001,37139,21,0,21
44003,48453,21,0,21
12071,51107,0,21,21
09003,48113,8,13,21
06085,19155,19,2,21
06037,44003,0,21,21
06037,21111,7,13,20
39113,55079,20,0,20
11001,51700,0,20,20
36055,41051,0,20,20
45019,48029,20,0,20
12099,36055,0,20,20
20173,55079,20,0,20
22051,48355,0,19,19
13051,36109,0,19,19
48303,48355,0,19,19
32003,44003,1,18,19
06059,37183,19,0,19
08101,20175,7,12,19
12095,16001,0,19,19
06057,06085,0,19,19
12031,23005,19,0,19
12009,12081,15,4,19
32003,34003,12,7,19
06001,06057,8,10,18
04005,04015,18,0,18
12095,12099,6,12,18
48215,53033,0,18,18
16001,35001,18,0,18
33015,40109,18,0,18
26007,26047,13,5,18
19113,29189,0,18,18
06085,11001,14,4,18
26163,53063,0,18,18
06085,08097,8,9,17
08031,12099,0,17,17
19155,48029,0,17,17
25007,25019,6,11,17
01073,06001,0,17,17
12031,36029,17,0,17
29165,36001,0,17,17
06059,12071,0,17,17
05119,06037,0,17,17
41051,53077,0,17,17
16001,26081,0,17,17
06065,51710,12,4,16
12057,45019,0,16,16
01073,12099,0,16,16
06067,55079,16,0,16
01073,49035,0,16,16
06037,48329,5,11,16
04013,12031,16,0,16
13063,36103,5,11,16
06067,40143,16,0,16
06059,48061,15,0,15
37183,44003,15,0,15
06001,40109,15,0,15
04019,33015,15,0,15
12005,12057,15,0,15
39049,41051,15,0,15
06037,13121,7,8,15
25017,34003,6,8,14
32031,40109,0,14,14
05007,05119,0,14,14
27123,47037,7,7,14
36119,51087,9,5,14
45013,47149,7,7,14
06067,34021,8,6,14
35001,36103,14,0,14
06001,12005,0,14,14
36001,45019,14,0,14
06059,48141,14,0,14
08037,37119,7,7,14
36029,49035,14,0,14
09003,47157,14,0,14
32003,48355,0,14,14
48141,48329,14,0,14
09003,39049,14,0,14
12033,39049,0,14,14
12057,32031,14,0,14
48215,49035,14,0,14
12117,20177,13,0,13
41051,48029,0,13,13
17031,34003,7,6,13
06059,25025,13,0,13
34003,48201,10,3,13
12005,37183,13,0,13
11001,20173,0,13,13
12005,47149,6,7,13
25025,34003,7,6,13
22051,23005,0,13,13
22051,36001,6,7,13
12031,35001,13,0,13
36029,41051,0,13,13
19155,35001,0,13,13
36001,53033,10,3,13
12033,27053,12,0,12
13063,34003,7,5,12
37049,37081,0,12,12
01073,55079,0,12,12
36055,51087,12,0,12
17031,48329,0,12,12
06085,12071,0,12,12
36119,42133,6,6,12
42003,44003,0,12,12
08037,45083,0,12,12
06055,49035,6,6,12
06085,44003,12,0,12
06073,48303,12,0,12
36055,37183,12,0,12
12061,26081,0,12,12
19113,48453,0,12,12
12011,48303,12,0,12
08031,36001,7,4,11
42003,48329,0,11,11
16001,40109,11,0,11
35001,55079,0,11,11
05119,06001,11,0,11
05091,17031,5,6,11
47157,53063,11,0,11
06085,34003,5,6,11
32031,48141,0,11,11
09003,36029,11,0,11
34003,51107,9,2,11
12057,19155,0,11,11
06085,56039,6,5,11
25007,36119,5,6,11
08045,34003,7,4,11
40109,42003,11,0,11
12005,49035,10,0,10
36119,51683,4,6,10
36103,48453,0,10,10
29165,48061,0,10,10
26081,29165,10,0,10
37051,45041,10,0,10
04013,05119,0,10,10
12031,51710,0,10,10
08037,36119,5,5,10
34003,37183,5,5,10
06059,19155,9,1,10
06059,22051,0,10,10
36103,48029,0,10,10
29165,48141,0,10,10
06067,12071,0,10,10
06085,18097,0,10,10
06067,19155,0,10,10
05035,05119,5,5,10
08051,25017,0,10,10
06073,33015,8,2,10
25017,30031,0,10,10
08031,36055,0,10,10
06081,06085,10,0,10
29165,48303,9,0,9
53063,55079,9,0,9
05119,18097,9,0,9
06059,47157,0,9,9
06081,12071,0,9,9
12005,55079,9,0,9
39049,40143,9,0,9
09003,18097,0,9,9
12011,12103,7,2,9
13013,36119,5,4,9
09009,36067,5,4,9
09003,48029,0,9,9
12033,36081,9,0,9
04013,17043,5,4,9
06001,25025,0,9,9
06001,08045,5,4,9
08014,13051,8,0,8
16001,47037,8,0,8
13121,34003,8,0,8
13121,47157,0,8,8
12099,18097,6,2,8
06037,32001,8,0,8
34013,36061,8,0,8
12099,25017,4,4,8
12095,32031,8,0,8
27053,36103,0,8,8
06083,08097,6,2,8
08031,36103,0,8,8
06085,08113,0,8,8
01073,22051,0,8,8
12071,41039,8,0,8
16001,48303,0,8,8
20173,24003,8,0,8
12071,45083,0,8,8
30031,51087,8,0,8
12005,29165,8,0,8
01073,48303,8,0,8
25025,53063,0,8,8
48141,48303,6,2,8
05035,47149,4,4,8
04013,56039,3,5,8
01073,40143,8,0,8
06059,48303,8,0,8
34003,42101,4,4,8
01073,06067,7,1,8
06071,12011,8,0,8
12086,34027,5,3,8
19153,34013,8,0,8
06059,12086,8,0,8
06037,12099,4,3,7
45083,48029,7,0,7
19153,39035,0,7,7
08037,08097,7,0,7
04019,32031,7,0,7
30029,48439,3,4,7
45013,51087,0,7,7
11001,48061,0,7,7
21111,41051,7,0,7
40109,44003,0,7,7
12005,34013,7,0,7
13121,32003,7,0,7
12005,12095,0,7,7
53021,53071,0,7,7
05091,13063,3,4,7
34001,47037,3,4,7
22051,51710,7,0,7
01073,06059,0,7,7
34003,50007,5,2,7
30111,55025,0,7,7
06001,08097,7,0,7
36119,42077,0,7,7
06073,27109,3,4,7
06073,48061,7,0,7
06065,06085,7,0,7
06059,39035,7,0,7
12031,36103,2,5,7
06071,37183,7,0,7
36103,48113,7,0,7
36119,49035,0,7,7
36029,37183,0,7,7
34013,48141,0,7,7
06073,21111,7,0,7
12071,22051,0,7,7
23005,39113,0,6,6
25017,45019,3,3,6
23005,51087,6,0,6
06071,55079,6,0,6
26081,34003,3,3,6
48113,51710,6,0,6
09003,32003,6,0,6
04019,12057,1,5,6
06037,36103,6,0,6
26081,47157,6,0,6
08045,17097,0,6,6
06071,27053,6,0,6
33015,48201,1,5,6
12095,34003,0,6,6
18097,29189,4,2,6
06071,06083,6,0,6
24003,48061,6,0,6
12031,23019,0,6,6
04019,55079,6,0,6
21015,32031,4,2,6
06085,36029,0,6,6
36119,51003,3,3,6
36119,45013,0,6,6
12011,19155,0,6,6
08031,44003,0,6,6
29189,34003,3,3,6
04005,34003,3,3,6
12061,54069,0,6,6
05119,24003,6,0,6
48303,53033,6,0,6
06081,34003,6,0,6
34003,37119,5,1,6
18097,36029,0,6,6
12061,42003,6,0,6
37183,40109,1,4,5
18097,36055,1,4,5
24043,36119,3,2,5
06001,19155,5,0,5
32031,48303,5,0,5
32031,48375,0,5,5
25025,36119,5,0,5
04019,19155,0,5,5
18141,36119,3,2,5
06055,16083,0,5,5
16001,39035,5,0,5
06045,06097,0,5,5
30029,41051,5,0,5
06037,45083,5,0,5
41051,48141,0,5,5
34003,39049,4,1,5
21111,48029,0,5,5
29169,47149,0,5,5
36029,51710,0,5,5
22051,48141,1,4,5
36055,40109,0,5,5
12011,16001,0,5,5
01073,44003,5,0,5
39049,48453,5,0,5
26037,37183,0,5,5
34003,36001,5,0,5
06085,12086,3,2,5
42003,48029,2,3,5
12033,22071,5,0,5
06031,12057,0,5,5
08097,36119,5,0,5
06081,26081,0,5,5
37183,47149,4,1,5
12071,48453,0,5,5
21111,47009,5,0,5
37051,48439,4,0,4
17143,47065,4,0,4
06065,06083,1,3,4
12081,53033,4,0,4
18097,32031,0,4,4
05007,48157,2,2,4
33015,48029,4,0,4
34001,44003,2,2,4
06067,48061,1,3,4
27109,34021,0,4,4
23003,51107,0,4,4
29189,36001,4,0,4
01073,25025,0,4,4
01073,48329,4,0,4
22051,36103,0,4,4
09011,34003,2,2,4
01097,28121,4,0,4
01125,06037,4,0,4
48329,48355,1,3,4
06081,48141,4,0,4
12031,51087,0,4,4
04013,48061,2,2,4
21015,36001,4,0,4
12005,36081,0,4,4
27109,42101,4,0,4
19155,42003,4,0,4
06071,26163,0,4,4
19155,39035,0,4,4
06071,22051,4,0,4
28121,47037,4,0,4
48029,48061,0,4,4
24031,34003,2,2,4
34003,36029,0,4,4
12009,12073,4,0,4
25017,36081,2,2,4
08045,12086,0,4,4
25025,30031,0,4,4
12086,12103,2,2,4
06081,25017,4,0,4
42003,48141,4,0,4
39049,55079,4,0,4
34003,44003,0,4,4
06037,12089,2,2,4
13089,53033,4,0,4
37183,41051,4,0,4
29189,48303,0,4,4
26163,34003,4,0,4
06085,48375,4,0,4
16001,55079,4,0,4
34003,37067,2,2,4
12021,42101,4,0,4
06055,12086,0,4,4
12099,48113,4,0,4
34003,36067,4,0,4
12086,49035,2,2,4
06081,20173,4,0,4
06037,13051,3,0,3
47157,49035,0,3,3
21111,39035,0,3,3
06085,47157,3,0,3
13089,34003,3,0,3
13089,47037,0,3,3
06085,36119,0,3,3
13089,48201,0,3,3
35001,48329,3,0,3
04019,12071,3,0,3
08045,36119,0,3,3
08045,34015,3,0,3
01089,47149,1,2,3
47037,50007,3,0,3
19153,32031,3,0,3
06085,30031,3,0,3
19153,26033,0,3,3
36081,48375,1,2,3
24003,40143,0,3,3
35001,53063,0,3,3
36055,50007,3,0,3
39049,48303,3,0,3
36067,45019,3,0,3
06085,48303,3,0,3
12031,45051,0,3,3
29189,36109,3,0,3
23001,33009,3,0,3
23005,36055,0,3,3
12099,17089,3,0,3
23005,47037,0,3,3
48141,51087,0,3,3
20173,48329,0,3,3
29165,36103,3,0,3
20173,47037,3,0,3
06081,29095,0,3,3
12005,36029,3,0,3
21111,33015,3,0,3
21111,36029,0,3,3
37183,48061,0,3,3
29095,34003,0,3,3
12099,17043,0,3,3
08005,18097,0,3,3
12099,13051,0,3,3
36029,45083,0,3,3
40109,48141,0,3,3
06059,08097,0,3,3
06053,48113,0,3,3
01073,06081,0,3,3
42101,53063,0,3,3
06067,20173,0,3,3
18003,18097,0,3,3
41051,48303,0,3,3
05131,17031,0,3,3
06059,36029,0,3,3
36029,40109,3,0,3
01073,04019,3,0,3
26081,36067,0,3,3
12031,12087,0,3,3
39035,48303,0,3,3
34003,53033,0,3,3
04019,56039,3,0,3
45019,48141,3,0,3
01073,21015,3,0,3
19155,32031,0,2,2
23019,37081,0,2,2
35001,36029,2,0,2
19153,23005,0,2,2
06085,51710,2,0,2
12081,35045,0,2,2
26081,29189,0,2,2
29165,36055,0,2,2
08014,08037,1,1,2
04005,06037,0,2,2
04021,48201,2,0,2
19155,48329,0,2,2
12099,22071,0,2,2
12011,13121,0,2,2
08097,29165,2,0,2
05119,48303,2,0,2
22051,22073,0,2,2
06037,17097,2,0,2
29189,36119,1,1,2
21015,36055,2,0,2
22051,48375,0,2,2
12021,36119,0,2,2
12085,36119,0,2,2
29189,51087,2,0,2
36001,47157,0,2,2
34003,36065,2,0,2
06037,08045,0,2,2
48355,48375,2,0,2
12086,13121,2,0,2
06073,12085,2,0,2
12086,13127,1,1,2
06027,06037,2,0,2
23003,47157,2,0,2
17031,22073,2,0,2
36055,45019,0,2,2
13021,47149,0,2,2
06073,12061,2,0,2
39063,42109,0,2,2
06065,12086,2,0,2
23005,37183,0,2,2
06065,26163,0,2,2
06067,06085,0,2,2
06065,32003,2,0,2
04013,23005,0,2,2
12031,12095,2,0,2
21111,47157,0,2,2
12099,41067,2,0,2
40143,47037,0,2,2
49021,49053,0,2,2
12005,12071,0,2,2
25009,45029,0,2,2
12021,34003,0,2,2
36103,47157,1,1,2
36119,42109,2,0,2
36119,39063,0,2,2
25017,34027,1,1,2
36001,42049,0,2,2
01073,51107,2,0,2
31109,36081,2,0,2
39035,55025,0,2,2
06083,12086,2,0,2
44003,48029,2,0,2
25017,36119,0,2,2
11001,48355,0,2,2
12099,51107,1,1,2
24003,48329,2,0,2
39035,51710,0,2,2
01097,47037,2,0,2
25021,36119,1,1,2
18097,47037,0,2,2
12099,27109,0,2,2
24031,25009,0,2,2
36119,47149,0,2,2
33011,34003,1,1,2
25019,34003,1,1,2
06001,36103,2,0,2
26081,48029,0,2,2
53021,55079,0,2,2
36029,48303,1,0,1
01121,47037,0,1,1
36029,48029,0,1,1
36055,45083,1,0,1
04013,13089,1,0,1
55009,55079,0,1,1
04013,13121,0,1,1
22045,47149,1,0,1
12021,12061,1,0,1
12031,36067,0,1,1
22051,36029,1,0,1
54039,54099,0,1,1
01073,04013,0,1,1
01089,47009,1,0,1
06081,13089,1,0,1
11001,32031,1,0,1
51710,55079,0,1,1
29189,36015,0,1,1
36015,55079,0,1,1
39049,45083,1,0,1
36015,55025,0,1,1
36015,39049,1,0,1
12031,36109,1,0,1
12031,44003,0,1,1
12011,48141,0,1,1
12099,32003,0,1,1
21111,36055,1,0,1
12099,48029,1,0,1
31109,55085,1,0,1
48453,51710,0,1,1
29189,36067,0,1,1
21111,29189,1,0,1
13051,29189,1,0,1
01073,36001,0,1,1
13063,54099,1,0,1
21111,23003,0,1,1
36119,44005,1,0,1
18097,33009,0,1,1
33009,51107,0,1,1
44003,47009,1,0,1
08037,08041,0,1,1
18097,36103,1,0,1
27109,48201,0,1,1
06085,26081,1,0,1
04019,25025,1,0,1
04019,05119,0,1,1
18097,47009,1,0,1
06059,12011,0,1,1
32031,48329,0,1,1
06001,09003,0,1,1
12095,13121,1,0,1
45083,55025,1,0,1
32031,47037,0,1,1
05119,48375,0,1,1
04019,47157,1,0,1
33015,34003,0,1,1
34003,50001,1,0,1
17097,29189,0,1,1
05119,27053,1,0,1
05119,26163,0,1,1
05119,06073,1,0,1
12085,25025,1,0,1
29189,42027,0,1,1
33015,51710,1,0,1
35001,39035,0,1,1
12071,53033,1,0,1
34003,48113,0,1,1
17163,54069,1,0,1
12031,13127,1,0,1
06059,34001,0,1,1
33015,36001,0,1,1
18003,21111,0,1,1
06055,41051,1,0,1
47009,47149,1,0,1
12031,45063,1,0,1
06037,08005,0,1,1
06001,51107,0,1,1
20173,29165,0,1,1
06071,48375,1,0,1
13063,33015,1,0,1
20173,44003,1,0,1
06085,37119,0,1,1
23005,51710,1,0,1
23005,25025,0,1,1
32031,42101,1,0,1
39061,47149,0,1,1
06085,48329,1,0,1
39049,51710,1,0,1
48201,54033,1,0,1
09003,40109,1,0,1
13051,55079,0,1,1
29189,36103,1,0,1
12057,12095,1,0,1
19155,48453,1,0,1
34003,36061,0,1,1
19113,54033,0,1,1
06067,44003,0,1,1
25025,27137,1,0,1
36103,48201,1,0,1
40143,48355,0,1,1
25017,53033,1,0,1
08014,18097,1,0,1
08014,16083,0,1,1
36103,47037,0,1,1
25009,34013,1,0,1
25009,34003,0,1,1
12061,36119,0,1,1
24003,53063,1,0,1
06067,51710,0,1,1
08077,08097,1,0,1
06083,12081,1,0,1
39035,45083,0,1,1
